
/home/kerfs/AISafeOS64/AISafeOS64/kernel/aisafe64.elf.elf:     file format elf64-littleaarch64


Disassembly of section .text.boot:

0000000040000000 <kernel_entry>:
 * @note 必须是 4KB 对齐（异常向量表要求）
 */
.align 12
kernel_entry:
    /* ---- 第一步：禁用所有中断 ---- */
    msr     daifset, #0xF
    40000000:	d5034fdf 	msr	daifset, #0xf

    /* ---- 第二步：检查并降到 EL1 ---- */
    mrs     x20, currentel
    40000004:	d5384254 	mrs	x20, currentel
    and     x20, x20, #0xC
    40000008:	927e0694 	and	x20, x20, #0xc
    cmp     x20, #0xC                /* EL3? */
    4000000c:	f100329f 	cmp	x20, #0xc
    b.eq    .Ldrop_from_el3
    40000010:	54000080 	b.eq	40000020 <kernel_entry+0x20>  // b.none
    cmp     x20, #0x8                /* EL2? */
    40000014:	f100229f 	cmp	x20, #0x8
    b.eq    .Ldrop_from_el2
    40000018:	540000e0 	b.eq	40000034 <kernel_entry+0x34>  // b.none

    /* 已在 EL1，直接进入启动 */
    b       .Lel1_entry
    4000001c:	1400000f 	b	40000058 <kernel_entry+0x58>
/**
 * @brief 从 EL3 降到 EL1
 */
.Ldrop_from_el3:
    /* EL3 安全状态配置（暂时全部安全） */
    mov     x20, #0x3C5              /* EL1h, DAIF 全部掩码 */
    40000020:	d28078b4 	mov	x20, #0x3c5                 	// #965
    msr     spsr_el3, x20
    40000024:	d51e4014 	msr	spsr_el3, x20
    adr     x20, .Lel2_entry
    40000028:	10000074 	adr	x20, 40000034 <kernel_entry+0x34>
    msr     elr_el3, x20
    4000002c:	d51e4034 	msr	elr_el3, x20
    eret
    40000030:	d69f03e0 	eret
 * @brief 从 EL2 降到 EL1
 */
.Lel2_entry:
.Ldrop_from_el2:
    /* 禁用 EL2 阶段翻译（HCR_EL2） */
    msr     hcr_el2, xzr
    40000034:	d51c111f 	msr	hcr_el2, xzr

    /* 配置 SCTLR_EL1：禁用 MMU（后续 P0-3 启用） */
    mov     x20, #(1 << 12)          /* I 位：使能指令缓存 */
    40000038:	d2820014 	mov	x20, #0x1000                	// #4096
    orr     x20, x20, #(1 << 2)      /* C 位：使能数据缓存 */
    4000003c:	b27e0294 	orr	x20, x20, #0x4
    msr     sctlr_el1, x20
    40000040:	d5181014 	msr	sctlr_el1, x20

    /* 设置 EL1 返回状态 */
    mov     x20, #0x3C5              /* EL1h, DAIF 全部掩码 */
    40000044:	d28078b4 	mov	x20, #0x3c5                 	// #965
    msr     spsr_el2, x20
    40000048:	d51c4014 	msr	spsr_el2, x20

    /* 设置返回地址 */
    adr     x20, .Lel1_entry
    4000004c:	10000074 	adr	x20, 40000058 <kernel_entry+0x58>
    msr     elr_el2, x20
    40000050:	d51c4034 	msr	elr_el2, x20

    eret
    40000054:	d69f03e0 	eret
 *          - 设置 CPU 0 栈
 *          - 跳转到 C 入口
 */
.Lel1_entry:
    /* ---- 保存 DTB 地址到全局变量 ---- */
    adr     x21, __dtb_ptr
    40000058:	1004fd55 	adr	x21, 4000a000 <__dtb_ptr>
    str     x0, [x21]
    4000005c:	f90002a0 	str	x0, [x21]

    /* ---- 设置异常向量表 ---- */
    adr     x20, exception_vector_table
    40000060:	10003d14 	adr	x20, 40000800 <exception_vector_table>
    msr     vbar_el1, x20
    40000064:	d518c014 	msr	vbar_el1, x20
    isb
    40000068:	d5033fdf 	isb

    /* ---- 清零 BSS 段 ---- */
    ldr     x20, =__bss_start
    4000006c:	58000334 	ldr	x20, 400000d0 <secondary_entry+0x34>
    ldr     x21, =__bss_end
    40000070:	58000355 	ldr	x21, 400000d8 <secondary_entry+0x3c>
.Lclear_bss:
    cmp     x20, x21
    40000074:	eb15029f 	cmp	x20, x21
    b.ge    .Lbss_done
    40000078:	5400006a 	b.ge	40000084 <kernel_entry+0x84>  // b.tcont
    str     xzr, [x20], #8
    4000007c:	f800869f 	str	xzr, [x20], #8
    b       .Lclear_bss
    40000080:	17fffffd 	b	40000074 <kernel_entry+0x74>
.Lbss_done:

    /* ---- 设置 CPU 0 内核栈 ---- */
    ldr     x20, =__stacks_start
    40000084:	580002f4 	ldr	x20, 400000e0 <secondary_entry+0x44>
    add     x20, x20, #8192          /* CPU 0 栈顶 = stacks_start + 8KB */
    40000088:	91400a94 	add	x20, x20, #0x2, lsl #12
    mov     sp, x20
    4000008c:	9100029f 	mov	sp, x20

    /* ---- 跳转到 C 入口 ---- */
    bl      kernel_main
    40000090:	940009f0 	bl	40002850 <kernel_main>

    /* ---- 不应返回 ---- */
.Lhang:
    wfe
    40000094:	d503205f 	wfe
    b       .Lhang
    40000098:	17ffffff 	b	40000094 <kernel_entry+0x94>

000000004000009c <secondary_entry>:
 */
.section .text.boot
.global secondary_entry
secondary_entry:
    /* 禁用所有中断 */
    msr     daifset, #0xF
    4000009c:	d5034fdf 	msr	daifset, #0xf

    /* 从 MPIDR_EL1 获取 CPU ID */
    mrs     x0, mpidr_el1
    400000a0:	d53800a0 	mrs	x0, mpidr_el1
    and     x0, x0, #0xFF
    400000a4:	92401c00 	and	x0, x0, #0xff

    /* 设置异常向量表（与主核相同） */
    adr     x1, exception_vector_table
    400000a8:	10003ac1 	adr	x1, 40000800 <exception_vector_table>
    msr     vbar_el1, x1
    400000ac:	d518c001 	msr	vbar_el1, x1
    isb
    400000b0:	d5033fdf 	isb

    /* 计算当前 CPU 的栈顶：__stacks_start + (cpu_id + 1) * 8192 */
    ldr     x1, =__stacks_start
    400000b4:	58000161 	ldr	x1, 400000e0 <secondary_entry+0x44>
    add     x1, x1, x0, lsl #13     /* x1 += cpu_id * 8192 */
    400000b8:	8b003421 	add	x1, x1, x0, lsl #13
    add     x1, x1, #8192           /* 栈顶 = base + (cpu_id+1)*8192 */
    400000bc:	91400821 	add	x1, x1, #0x2, lsl #12
    mov     sp, x1
    400000c0:	9100003f 	mov	sp, x1

    /* 跳转到 C 入口，x0 = cpu_id */
    b       smp_secondary_entry
    400000c4:	14000d5f 	b	40003640 <smp_secondary_entry>

    /* 不应返回 */
1:  wfe
    400000c8:	d503205f 	wfe
    b       1b
    400000cc:	17ffffff 	b	400000c8 <secondary_entry+0x2c>
    400000d0:	4000b000 	.word	0x4000b000
    400000d4:	00000000 	.word	0x00000000
    400000d8:	400d2000 	.word	0x400d2000
    400000dc:	00000000 	.word	0x00000000
    400000e0:	400d2000 	.word	0x400d2000
	...

0000000040000800 <exception_vector_table>:
exception_vector_table:
    /* ================================================================
     * [0]  当前 EL，SP0，同步异常
     * ================================================================ */
    .align 7
    b       .Lexception_panic
    40000800:	1400027a 	b	400011e8 <exception_vector_table+0x9e8>
    40000804:	d503201f 	nop
    40000808:	d503201f 	nop
    4000080c:	d503201f 	nop
    40000810:	d503201f 	nop
    40000814:	d503201f 	nop
    40000818:	d503201f 	nop
    4000081c:	d503201f 	nop
    40000820:	d503201f 	nop
    40000824:	d503201f 	nop
    40000828:	d503201f 	nop
    4000082c:	d503201f 	nop
    40000830:	d503201f 	nop
    40000834:	d503201f 	nop
    40000838:	d503201f 	nop
    4000083c:	d503201f 	nop
    40000840:	d503201f 	nop
    40000844:	d503201f 	nop
    40000848:	d503201f 	nop
    4000084c:	d503201f 	nop
    40000850:	d503201f 	nop
    40000854:	d503201f 	nop
    40000858:	d503201f 	nop
    4000085c:	d503201f 	nop
    40000860:	d503201f 	nop
    40000864:	d503201f 	nop
    40000868:	d503201f 	nop
    4000086c:	d503201f 	nop
    40000870:	d503201f 	nop
    40000874:	d503201f 	nop
    40000878:	d503201f 	nop
    4000087c:	d503201f 	nop

    /* [1]  当前 EL，SP0，IRQ */
    .align 7
    b       .Lexception_panic
    40000880:	1400025a 	b	400011e8 <exception_vector_table+0x9e8>
    40000884:	d503201f 	nop
    40000888:	d503201f 	nop
    4000088c:	d503201f 	nop
    40000890:	d503201f 	nop
    40000894:	d503201f 	nop
    40000898:	d503201f 	nop
    4000089c:	d503201f 	nop
    400008a0:	d503201f 	nop
    400008a4:	d503201f 	nop
    400008a8:	d503201f 	nop
    400008ac:	d503201f 	nop
    400008b0:	d503201f 	nop
    400008b4:	d503201f 	nop
    400008b8:	d503201f 	nop
    400008bc:	d503201f 	nop
    400008c0:	d503201f 	nop
    400008c4:	d503201f 	nop
    400008c8:	d503201f 	nop
    400008cc:	d503201f 	nop
    400008d0:	d503201f 	nop
    400008d4:	d503201f 	nop
    400008d8:	d503201f 	nop
    400008dc:	d503201f 	nop
    400008e0:	d503201f 	nop
    400008e4:	d503201f 	nop
    400008e8:	d503201f 	nop
    400008ec:	d503201f 	nop
    400008f0:	d503201f 	nop
    400008f4:	d503201f 	nop
    400008f8:	d503201f 	nop
    400008fc:	d503201f 	nop

    /* [2]  当前 EL，SP0，FIQ */
    .align 7
    b       .Lexception_panic
    40000900:	1400023a 	b	400011e8 <exception_vector_table+0x9e8>
    40000904:	d503201f 	nop
    40000908:	d503201f 	nop
    4000090c:	d503201f 	nop
    40000910:	d503201f 	nop
    40000914:	d503201f 	nop
    40000918:	d503201f 	nop
    4000091c:	d503201f 	nop
    40000920:	d503201f 	nop
    40000924:	d503201f 	nop
    40000928:	d503201f 	nop
    4000092c:	d503201f 	nop
    40000930:	d503201f 	nop
    40000934:	d503201f 	nop
    40000938:	d503201f 	nop
    4000093c:	d503201f 	nop
    40000940:	d503201f 	nop
    40000944:	d503201f 	nop
    40000948:	d503201f 	nop
    4000094c:	d503201f 	nop
    40000950:	d503201f 	nop
    40000954:	d503201f 	nop
    40000958:	d503201f 	nop
    4000095c:	d503201f 	nop
    40000960:	d503201f 	nop
    40000964:	d503201f 	nop
    40000968:	d503201f 	nop
    4000096c:	d503201f 	nop
    40000970:	d503201f 	nop
    40000974:	d503201f 	nop
    40000978:	d503201f 	nop
    4000097c:	d503201f 	nop

    /* [3]  当前 EL，SP0，SError */
    .align 7
    b       .Lexception_panic
    40000980:	1400021a 	b	400011e8 <exception_vector_table+0x9e8>
    40000984:	d503201f 	nop
    40000988:	d503201f 	nop
    4000098c:	d503201f 	nop
    40000990:	d503201f 	nop
    40000994:	d503201f 	nop
    40000998:	d503201f 	nop
    4000099c:	d503201f 	nop
    400009a0:	d503201f 	nop
    400009a4:	d503201f 	nop
    400009a8:	d503201f 	nop
    400009ac:	d503201f 	nop
    400009b0:	d503201f 	nop
    400009b4:	d503201f 	nop
    400009b8:	d503201f 	nop
    400009bc:	d503201f 	nop
    400009c0:	d503201f 	nop
    400009c4:	d503201f 	nop
    400009c8:	d503201f 	nop
    400009cc:	d503201f 	nop
    400009d0:	d503201f 	nop
    400009d4:	d503201f 	nop
    400009d8:	d503201f 	nop
    400009dc:	d503201f 	nop
    400009e0:	d503201f 	nop
    400009e4:	d503201f 	nop
    400009e8:	d503201f 	nop
    400009ec:	d503201f 	nop
    400009f0:	d503201f 	nop
    400009f4:	d503201f 	nop
    400009f8:	d503201f 	nop
    400009fc:	d503201f 	nop

    /* ================================================================
     * [4]  当前 EL，SPx，同步异常 ← SVC 系统调用入口
     * ================================================================ */
    .align 7
    b       .Lsync_handler_spx
    40000a00:	14000161 	b	40000f84 <exception_vector_table+0x784>
    40000a04:	d503201f 	nop
    40000a08:	d503201f 	nop
    40000a0c:	d503201f 	nop
    40000a10:	d503201f 	nop
    40000a14:	d503201f 	nop
    40000a18:	d503201f 	nop
    40000a1c:	d503201f 	nop
    40000a20:	d503201f 	nop
    40000a24:	d503201f 	nop
    40000a28:	d503201f 	nop
    40000a2c:	d503201f 	nop
    40000a30:	d503201f 	nop
    40000a34:	d503201f 	nop
    40000a38:	d503201f 	nop
    40000a3c:	d503201f 	nop
    40000a40:	d503201f 	nop
    40000a44:	d503201f 	nop
    40000a48:	d503201f 	nop
    40000a4c:	d503201f 	nop
    40000a50:	d503201f 	nop
    40000a54:	d503201f 	nop
    40000a58:	d503201f 	nop
    40000a5c:	d503201f 	nop
    40000a60:	d503201f 	nop
    40000a64:	d503201f 	nop
    40000a68:	d503201f 	nop
    40000a6c:	d503201f 	nop
    40000a70:	d503201f 	nop
    40000a74:	d503201f 	nop
    40000a78:	d503201f 	nop
    40000a7c:	d503201f 	nop

    /* [5]  当前 EL，SPx，IRQ */
    .align 7
    b       .Lirq_handler_spx
    40000a80:	14000182 	b	40001088 <exception_vector_table+0x888>
    40000a84:	d503201f 	nop
    40000a88:	d503201f 	nop
    40000a8c:	d503201f 	nop
    40000a90:	d503201f 	nop
    40000a94:	d503201f 	nop
    40000a98:	d503201f 	nop
    40000a9c:	d503201f 	nop
    40000aa0:	d503201f 	nop
    40000aa4:	d503201f 	nop
    40000aa8:	d503201f 	nop
    40000aac:	d503201f 	nop
    40000ab0:	d503201f 	nop
    40000ab4:	d503201f 	nop
    40000ab8:	d503201f 	nop
    40000abc:	d503201f 	nop
    40000ac0:	d503201f 	nop
    40000ac4:	d503201f 	nop
    40000ac8:	d503201f 	nop
    40000acc:	d503201f 	nop
    40000ad0:	d503201f 	nop
    40000ad4:	d503201f 	nop
    40000ad8:	d503201f 	nop
    40000adc:	d503201f 	nop
    40000ae0:	d503201f 	nop
    40000ae4:	d503201f 	nop
    40000ae8:	d503201f 	nop
    40000aec:	d503201f 	nop
    40000af0:	d503201f 	nop
    40000af4:	d503201f 	nop
    40000af8:	d503201f 	nop
    40000afc:	d503201f 	nop

    /* [6]  当前 EL，SPx，FIQ */
    .align 7
    b       .Lexception_panic
    40000b00:	140001ba 	b	400011e8 <exception_vector_table+0x9e8>
    40000b04:	d503201f 	nop
    40000b08:	d503201f 	nop
    40000b0c:	d503201f 	nop
    40000b10:	d503201f 	nop
    40000b14:	d503201f 	nop
    40000b18:	d503201f 	nop
    40000b1c:	d503201f 	nop
    40000b20:	d503201f 	nop
    40000b24:	d503201f 	nop
    40000b28:	d503201f 	nop
    40000b2c:	d503201f 	nop
    40000b30:	d503201f 	nop
    40000b34:	d503201f 	nop
    40000b38:	d503201f 	nop
    40000b3c:	d503201f 	nop
    40000b40:	d503201f 	nop
    40000b44:	d503201f 	nop
    40000b48:	d503201f 	nop
    40000b4c:	d503201f 	nop
    40000b50:	d503201f 	nop
    40000b54:	d503201f 	nop
    40000b58:	d503201f 	nop
    40000b5c:	d503201f 	nop
    40000b60:	d503201f 	nop
    40000b64:	d503201f 	nop
    40000b68:	d503201f 	nop
    40000b6c:	d503201f 	nop
    40000b70:	d503201f 	nop
    40000b74:	d503201f 	nop
    40000b78:	d503201f 	nop
    40000b7c:	d503201f 	nop

    /* [7]  当前 EL，SPx，SError */
    .align 7
    b       .Lserror_handler_spx
    40000b80:	14000148 	b	400010a0 <exception_vector_table+0x8a0>
    40000b84:	d503201f 	nop
    40000b88:	d503201f 	nop
    40000b8c:	d503201f 	nop
    40000b90:	d503201f 	nop
    40000b94:	d503201f 	nop
    40000b98:	d503201f 	nop
    40000b9c:	d503201f 	nop
    40000ba0:	d503201f 	nop
    40000ba4:	d503201f 	nop
    40000ba8:	d503201f 	nop
    40000bac:	d503201f 	nop
    40000bb0:	d503201f 	nop
    40000bb4:	d503201f 	nop
    40000bb8:	d503201f 	nop
    40000bbc:	d503201f 	nop
    40000bc0:	d503201f 	nop
    40000bc4:	d503201f 	nop
    40000bc8:	d503201f 	nop
    40000bcc:	d503201f 	nop
    40000bd0:	d503201f 	nop
    40000bd4:	d503201f 	nop
    40000bd8:	d503201f 	nop
    40000bdc:	d503201f 	nop
    40000be0:	d503201f 	nop
    40000be4:	d503201f 	nop
    40000be8:	d503201f 	nop
    40000bec:	d503201f 	nop
    40000bf0:	d503201f 	nop
    40000bf4:	d503201f 	nop
    40000bf8:	d503201f 	nop
    40000bfc:	d503201f 	nop

    /* ================================================================
     * [8-11]  低 EL（AArch64）异常 ← EL0 用户态入口
     * ================================================================ */
    .align 7
    b       .Lsync_handler_lower64       /* [8]  EL0 同步（SVC/数据异常） */
    40000c00:	14000135 	b	400010d4 <exception_vector_table+0x8d4>
    40000c04:	d503201f 	nop
    40000c08:	d503201f 	nop
    40000c0c:	d503201f 	nop
    40000c10:	d503201f 	nop
    40000c14:	d503201f 	nop
    40000c18:	d503201f 	nop
    40000c1c:	d503201f 	nop
    40000c20:	d503201f 	nop
    40000c24:	d503201f 	nop
    40000c28:	d503201f 	nop
    40000c2c:	d503201f 	nop
    40000c30:	d503201f 	nop
    40000c34:	d503201f 	nop
    40000c38:	d503201f 	nop
    40000c3c:	d503201f 	nop
    40000c40:	d503201f 	nop
    40000c44:	d503201f 	nop
    40000c48:	d503201f 	nop
    40000c4c:	d503201f 	nop
    40000c50:	d503201f 	nop
    40000c54:	d503201f 	nop
    40000c58:	d503201f 	nop
    40000c5c:	d503201f 	nop
    40000c60:	d503201f 	nop
    40000c64:	d503201f 	nop
    40000c68:	d503201f 	nop
    40000c6c:	d503201f 	nop
    40000c70:	d503201f 	nop
    40000c74:	d503201f 	nop
    40000c78:	d503201f 	nop
    40000c7c:	d503201f 	nop
    .align 7
    b       .Lirq_handler_lower64        /* [9]  EL0 IRQ */
    40000c80:	14000159 	b	400011e4 <exception_vector_table+0x9e4>
    40000c84:	d503201f 	nop
    40000c88:	d503201f 	nop
    40000c8c:	d503201f 	nop
    40000c90:	d503201f 	nop
    40000c94:	d503201f 	nop
    40000c98:	d503201f 	nop
    40000c9c:	d503201f 	nop
    40000ca0:	d503201f 	nop
    40000ca4:	d503201f 	nop
    40000ca8:	d503201f 	nop
    40000cac:	d503201f 	nop
    40000cb0:	d503201f 	nop
    40000cb4:	d503201f 	nop
    40000cb8:	d503201f 	nop
    40000cbc:	d503201f 	nop
    40000cc0:	d503201f 	nop
    40000cc4:	d503201f 	nop
    40000cc8:	d503201f 	nop
    40000ccc:	d503201f 	nop
    40000cd0:	d503201f 	nop
    40000cd4:	d503201f 	nop
    40000cd8:	d503201f 	nop
    40000cdc:	d503201f 	nop
    40000ce0:	d503201f 	nop
    40000ce4:	d503201f 	nop
    40000ce8:	d503201f 	nop
    40000cec:	d503201f 	nop
    40000cf0:	d503201f 	nop
    40000cf4:	d503201f 	nop
    40000cf8:	d503201f 	nop
    40000cfc:	d503201f 	nop
    .align 7
    b       .Lexception_panic            /* [10] FIQ（暂未使用） */
    40000d00:	1400013a 	b	400011e8 <exception_vector_table+0x9e8>
    40000d04:	d503201f 	nop
    40000d08:	d503201f 	nop
    40000d0c:	d503201f 	nop
    40000d10:	d503201f 	nop
    40000d14:	d503201f 	nop
    40000d18:	d503201f 	nop
    40000d1c:	d503201f 	nop
    40000d20:	d503201f 	nop
    40000d24:	d503201f 	nop
    40000d28:	d503201f 	nop
    40000d2c:	d503201f 	nop
    40000d30:	d503201f 	nop
    40000d34:	d503201f 	nop
    40000d38:	d503201f 	nop
    40000d3c:	d503201f 	nop
    40000d40:	d503201f 	nop
    40000d44:	d503201f 	nop
    40000d48:	d503201f 	nop
    40000d4c:	d503201f 	nop
    40000d50:	d503201f 	nop
    40000d54:	d503201f 	nop
    40000d58:	d503201f 	nop
    40000d5c:	d503201f 	nop
    40000d60:	d503201f 	nop
    40000d64:	d503201f 	nop
    40000d68:	d503201f 	nop
    40000d6c:	d503201f 	nop
    40000d70:	d503201f 	nop
    40000d74:	d503201f 	nop
    40000d78:	d503201f 	nop
    40000d7c:	d503201f 	nop
    .align 7
    b       .Lexception_panic            /* [11] SError（暂未使用） */
    40000d80:	1400011a 	b	400011e8 <exception_vector_table+0x9e8>
    40000d84:	d503201f 	nop
    40000d88:	d503201f 	nop
    40000d8c:	d503201f 	nop
    40000d90:	d503201f 	nop
    40000d94:	d503201f 	nop
    40000d98:	d503201f 	nop
    40000d9c:	d503201f 	nop
    40000da0:	d503201f 	nop
    40000da4:	d503201f 	nop
    40000da8:	d503201f 	nop
    40000dac:	d503201f 	nop
    40000db0:	d503201f 	nop
    40000db4:	d503201f 	nop
    40000db8:	d503201f 	nop
    40000dbc:	d503201f 	nop
    40000dc0:	d503201f 	nop
    40000dc4:	d503201f 	nop
    40000dc8:	d503201f 	nop
    40000dcc:	d503201f 	nop
    40000dd0:	d503201f 	nop
    40000dd4:	d503201f 	nop
    40000dd8:	d503201f 	nop
    40000ddc:	d503201f 	nop
    40000de0:	d503201f 	nop
    40000de4:	d503201f 	nop
    40000de8:	d503201f 	nop
    40000dec:	d503201f 	nop
    40000df0:	d503201f 	nop
    40000df4:	d503201f 	nop
    40000df8:	d503201f 	nop
    40000dfc:	d503201f 	nop

    /* ================================================================
     * [12-15] 低 EL（AArch32）异常
     * ================================================================ */
    .align 7
    b       .Lexception_panic         /* [12] 同步 */
    40000e00:	140000fa 	b	400011e8 <exception_vector_table+0x9e8>
    40000e04:	d503201f 	nop
    40000e08:	d503201f 	nop
    40000e0c:	d503201f 	nop
    40000e10:	d503201f 	nop
    40000e14:	d503201f 	nop
    40000e18:	d503201f 	nop
    40000e1c:	d503201f 	nop
    40000e20:	d503201f 	nop
    40000e24:	d503201f 	nop
    40000e28:	d503201f 	nop
    40000e2c:	d503201f 	nop
    40000e30:	d503201f 	nop
    40000e34:	d503201f 	nop
    40000e38:	d503201f 	nop
    40000e3c:	d503201f 	nop
    40000e40:	d503201f 	nop
    40000e44:	d503201f 	nop
    40000e48:	d503201f 	nop
    40000e4c:	d503201f 	nop
    40000e50:	d503201f 	nop
    40000e54:	d503201f 	nop
    40000e58:	d503201f 	nop
    40000e5c:	d503201f 	nop
    40000e60:	d503201f 	nop
    40000e64:	d503201f 	nop
    40000e68:	d503201f 	nop
    40000e6c:	d503201f 	nop
    40000e70:	d503201f 	nop
    40000e74:	d503201f 	nop
    40000e78:	d503201f 	nop
    40000e7c:	d503201f 	nop
    .align 7
    b       .Lexception_panic         /* [13] IRQ */
    40000e80:	140000da 	b	400011e8 <exception_vector_table+0x9e8>
    40000e84:	d503201f 	nop
    40000e88:	d503201f 	nop
    40000e8c:	d503201f 	nop
    40000e90:	d503201f 	nop
    40000e94:	d503201f 	nop
    40000e98:	d503201f 	nop
    40000e9c:	d503201f 	nop
    40000ea0:	d503201f 	nop
    40000ea4:	d503201f 	nop
    40000ea8:	d503201f 	nop
    40000eac:	d503201f 	nop
    40000eb0:	d503201f 	nop
    40000eb4:	d503201f 	nop
    40000eb8:	d503201f 	nop
    40000ebc:	d503201f 	nop
    40000ec0:	d503201f 	nop
    40000ec4:	d503201f 	nop
    40000ec8:	d503201f 	nop
    40000ecc:	d503201f 	nop
    40000ed0:	d503201f 	nop
    40000ed4:	d503201f 	nop
    40000ed8:	d503201f 	nop
    40000edc:	d503201f 	nop
    40000ee0:	d503201f 	nop
    40000ee4:	d503201f 	nop
    40000ee8:	d503201f 	nop
    40000eec:	d503201f 	nop
    40000ef0:	d503201f 	nop
    40000ef4:	d503201f 	nop
    40000ef8:	d503201f 	nop
    40000efc:	d503201f 	nop
    .align 7
    b       .Lexception_panic         /* [14] FIQ */
    40000f00:	140000ba 	b	400011e8 <exception_vector_table+0x9e8>
    40000f04:	d503201f 	nop
    40000f08:	d503201f 	nop
    40000f0c:	d503201f 	nop
    40000f10:	d503201f 	nop
    40000f14:	d503201f 	nop
    40000f18:	d503201f 	nop
    40000f1c:	d503201f 	nop
    40000f20:	d503201f 	nop
    40000f24:	d503201f 	nop
    40000f28:	d503201f 	nop
    40000f2c:	d503201f 	nop
    40000f30:	d503201f 	nop
    40000f34:	d503201f 	nop
    40000f38:	d503201f 	nop
    40000f3c:	d503201f 	nop
    40000f40:	d503201f 	nop
    40000f44:	d503201f 	nop
    40000f48:	d503201f 	nop
    40000f4c:	d503201f 	nop
    40000f50:	d503201f 	nop
    40000f54:	d503201f 	nop
    40000f58:	d503201f 	nop
    40000f5c:	d503201f 	nop
    40000f60:	d503201f 	nop
    40000f64:	d503201f 	nop
    40000f68:	d503201f 	nop
    40000f6c:	d503201f 	nop
    40000f70:	d503201f 	nop
    40000f74:	d503201f 	nop
    40000f78:	d503201f 	nop
    40000f7c:	d503201f 	nop
    .align 7
    b       .Lexception_panic         /* [15] SError */
    40000f80:	1400009a 	b	400011e8 <exception_vector_table+0x9e8>
 *          EC=0x15 (SVC64) → syscall_handler
 *          其他 → exception_sync_handler(esr, far, &elr, spsr)
 */
.Lsync_handler_spx:
    /* 保存所有通用寄存器 */
    stp     x0, x1, [sp, #-16]!
    40000f84:	a9bf07e0 	stp	x0, x1, [sp, #-16]!
    stp     x2, x3, [sp, #-16]!
    40000f88:	a9bf0fe2 	stp	x2, x3, [sp, #-16]!
    stp     x4, x5, [sp, #-16]!
    40000f8c:	a9bf17e4 	stp	x4, x5, [sp, #-16]!
    stp     x6, x7, [sp, #-16]!
    40000f90:	a9bf1fe6 	stp	x6, x7, [sp, #-16]!
    stp     x8, x9, [sp, #-16]!
    40000f94:	a9bf27e8 	stp	x8, x9, [sp, #-16]!
    stp     x10, x11, [sp, #-16]!
    40000f98:	a9bf2fea 	stp	x10, x11, [sp, #-16]!
    stp     x12, x13, [sp, #-16]!
    40000f9c:	a9bf37ec 	stp	x12, x13, [sp, #-16]!
    stp     x14, x15, [sp, #-16]!
    40000fa0:	a9bf3fee 	stp	x14, x15, [sp, #-16]!
    stp     x16, x17, [sp, #-16]!
    40000fa4:	a9bf47f0 	stp	x16, x17, [sp, #-16]!
    stp     x18, x19, [sp, #-16]!
    40000fa8:	a9bf4ff2 	stp	x18, x19, [sp, #-16]!
    stp     x20, x21, [sp, #-16]!
    40000fac:	a9bf57f4 	stp	x20, x21, [sp, #-16]!
    stp     x22, x23, [sp, #-16]!
    40000fb0:	a9bf5ff6 	stp	x22, x23, [sp, #-16]!
    stp     x24, x25, [sp, #-16]!
    40000fb4:	a9bf67f8 	stp	x24, x25, [sp, #-16]!
    stp     x26, x27, [sp, #-16]!
    40000fb8:	a9bf6ffa 	stp	x26, x27, [sp, #-16]!
    stp     x28, x29, [sp, #-16]!
    40000fbc:	a9bf77fc 	stp	x28, x29, [sp, #-16]!
    str     x30, [sp, #-8]!
    40000fc0:	f81f8ffe 	str	x30, [sp, #-8]!

    /* 保存 ELR_EL1 和 SPSR_EL1 */
    mrs     x20, elr_el1
    40000fc4:	d5384034 	mrs	x20, elr_el1
    mrs     x21, spsr_el1
    40000fc8:	d5384015 	mrs	x21, spsr_el1
    stp     x20, x21, [sp, #-16]!
    40000fcc:	a9bf57f4 	stp	x20, x21, [sp, #-16]!

    /* 读取 ESR_EL1 判断异常类型 */
    mrs     x20, esr_el1
    40000fd0:	d5385214 	mrs	x20, esr_el1
    lsr     x21, x20, #26            /* EC = ESR[31:26] */
    40000fd4:	d35afe95 	lsr	x21, x20, #26

    /* EC = 0x15 (21) = SVC 指令 */
    cmp     x21, #0x15
    40000fd8:	f10056bf 	cmp	x21, #0x15
    b.eq    .Lsvc_handler
    40000fdc:	540000e0 	b.eq	40000ff8 <exception_vector_table+0x7f8>  // b.none

    /* 其他同步异常 → exception_sync_handler(esr, far, &elr, spsr) */
    mrs     x1, far_el1              /* x1 = FAR */
    40000fe0:	d5386001 	mrs	x1, far_el1
    mov     x0, x20                  /* x0 = ESR */
    40000fe4:	aa1403e0 	mov	x0, x20
    mov     x2, sp                   /* x2 = 指向栈上 ELR 的指针 */
    40000fe8:	910003e2 	mov	x2, sp
    ldr     x3, [sp, #8]             /* x3 = SPSR */
    40000fec:	f94007e3 	ldr	x3, [sp, #8]
    bl      exception_sync_handler
    40000ff0:	940004e0 	bl	40002370 <exception_sync_handler>

    /* 恢复并返回 */
    b       .Lsync_restore
    40000ff4:	14000011 	b	40001038 <exception_vector_table+0x838>
     *   offset 40: x5
     *   offset 48: x6
     *   offset 56: x7
     *   offset 64: x8 (syscall number)
     */
    sub     sp, sp, #72        /* 分配 72 字节给 syscall_frame_t */
    40000ff8:	d10123ff 	sub	sp, sp, #0x48

    /* 从已保存区域加载寄存器并存储到 frame */
    /* 已保存的寄存器位于 sp+72 (原始 sp) 偏移处 */
    ldp     x9, x10, [sp, #72+0xF8]  /* x0,x1 at orig_sp+0xF8 */
    40000ffc:	a9542be9 	ldp	x9, x10, [sp, #320]
    stp     x9, x10, [sp, #0]        /* frame->x0, frame->x1 */
    40001000:	a9002be9 	stp	x9, x10, [sp]

    ldp     x9, x10, [sp, #72+0xE8]  /* x2,x3 at orig_sp+0xE8 */
    40001004:	a9532be9 	ldp	x9, x10, [sp, #304]
    stp     x9, x10, [sp, #16]       /* frame->x2, frame->x3 */
    40001008:	a9012be9 	stp	x9, x10, [sp, #16]

    ldp     x9, x10, [sp, #72+0xD8]  /* x4,x5 at orig_sp+0xD8 */
    4000100c:	a9522be9 	ldp	x9, x10, [sp, #288]
    stp     x9, x10, [sp, #32]       /* frame->x4, frame->x5 */
    40001010:	a9022be9 	stp	x9, x10, [sp, #32]

    ldp     x9, x10, [sp, #72+0xC8]  /* x6,x7 at orig_sp+0xC8 */
    40001014:	a9512be9 	ldp	x9, x10, [sp, #272]
    stp     x9, x10, [sp, #48]       /* frame->x6, frame->x7 */
    40001018:	a9032be9 	stp	x9, x10, [sp, #48]

    ldr     x9, [sp, #72+0xB8]       /* x8 at orig_sp+0xB8 */
    4000101c:	f94083e9 	ldr	x9, [sp, #256]
    str     x9, [sp, #64]            /* frame->x8 */
    40001020:	f90023e9 	str	x9, [sp, #64]

    /* 将 frame 指针传给 syscall_handler(frame) */
    mov     x0, sp
    40001024:	910003e0 	mov	x0, sp
    bl      syscall_handler
    40001028:	940019c6 	bl	40007740 <syscall_handler>

    /* 从 frame->x0 取返回值，写回已保存区域 */
    ldr     x9, [sp, #0]             /* frame->x0 = return value */
    4000102c:	f94003e9 	ldr	x9, [sp]
    str     x9, [sp, #72+0xF8]       /* 写回 saved x0 位置 */
    40001030:	f900a3e9 	str	x9, [sp, #320]

    /* 释放 frame */
    add     sp, sp, #72
    40001034:	910123ff 	add	sp, sp, #0x48

.Lsync_restore:
    /* 恢复 ELR_EL1 和 SPSR_EL1 */
    ldp     x20, x21, [sp], #16
    40001038:	a8c157f4 	ldp	x20, x21, [sp], #16
    msr     elr_el1, x20
    4000103c:	d5184034 	msr	elr_el1, x20
    msr     spsr_el1, x21
    40001040:	d5184015 	msr	spsr_el1, x21

    /* 恢复所有通用寄存器 */
    ldr     x30, [sp], #8
    40001044:	f84087fe 	ldr	x30, [sp], #8
    ldp     x28, x29, [sp], #16
    40001048:	a8c177fc 	ldp	x28, x29, [sp], #16
    ldp     x26, x27, [sp], #16
    4000104c:	a8c16ffa 	ldp	x26, x27, [sp], #16
    ldp     x24, x25, [sp], #16
    40001050:	a8c167f8 	ldp	x24, x25, [sp], #16
    ldp     x22, x23, [sp], #16
    40001054:	a8c15ff6 	ldp	x22, x23, [sp], #16
    ldp     x20, x21, [sp], #16
    40001058:	a8c157f4 	ldp	x20, x21, [sp], #16
    ldp     x18, x19, [sp], #16
    4000105c:	a8c14ff2 	ldp	x18, x19, [sp], #16
    ldp     x16, x17, [sp], #16
    40001060:	a8c147f0 	ldp	x16, x17, [sp], #16
    ldp     x14, x15, [sp], #16
    40001064:	a8c13fee 	ldp	x14, x15, [sp], #16
    ldp     x12, x13, [sp], #16
    40001068:	a8c137ec 	ldp	x12, x13, [sp], #16
    ldp     x10, x11, [sp], #16
    4000106c:	a8c12fea 	ldp	x10, x11, [sp], #16
    ldp     x8, x9, [sp], #16
    40001070:	a8c127e8 	ldp	x8, x9, [sp], #16
    ldp     x6, x7, [sp], #16
    40001074:	a8c11fe6 	ldp	x6, x7, [sp], #16
    ldp     x4, x5, [sp], #16
    40001078:	a8c117e4 	ldp	x4, x5, [sp], #16
    ldp     x2, x3, [sp], #16
    4000107c:	a8c10fe2 	ldp	x2, x3, [sp], #16
    ldp     x0, x1, [sp], #16
    40001080:	a8c107e0 	ldp	x0, x1, [sp], #16

    eret
    40001084:	d69f03e0 	eret
 * @details 保存 x0-x3，调用 irq_handler（C 函数），
 *          恢复 x0-x3，eret 返回。
 */
.Lirq_handler_spx:
    /* 保存通用寄存器 */
    stp     x0, x1, [sp, #-16]!
    40001088:	a9bf07e0 	stp	x0, x1, [sp, #-16]!
    stp     x2, x3, [sp, #-16]!
    4000108c:	a9bf0fe2 	stp	x2, x3, [sp, #-16]!

    /* 调用 IRQ 处理函数（C 语言入口） */
    bl      irq_handler
    40001090:	940005b0 	bl	40002750 <irq_handler>

    /* 恢复通用寄存器 */
    ldp     x2, x3, [sp], #16
    40001094:	a8c10fe2 	ldp	x2, x3, [sp], #16
    ldp     x0, x1, [sp], #16
    40001098:	a8c107e0 	ldp	x0, x1, [sp], #16
    eret
    4000109c:	d69f03e0 	eret
/**
 * @brief EL1h SError 异常处理
 */
.Lserror_handler_spx:
    /* 保存通用寄存器 */
    stp     x0, x1, [sp, #-16]!
    400010a0:	a9bf07e0 	stp	x0, x1, [sp, #-16]!
    stp     x2, x3, [sp, #-16]!
    400010a4:	a9bf0fe2 	stp	x2, x3, [sp, #-16]!
    stp     x4, x5, [sp, #-16]!
    400010a8:	a9bf17e4 	stp	x4, x5, [sp, #-16]!
    stp     x6, x7, [sp, #-16]!
    400010ac:	a9bf1fe6 	stp	x6, x7, [sp, #-16]!

    /* 读取异常信息寄存器 */
    mrs     x0, esr_el1              /* x0 = ESR */
    400010b0:	d5385200 	mrs	x0, esr_el1
    mrs     x1, far_el1              /* x1 = FAR */
    400010b4:	d5386001 	mrs	x1, far_el1
    mrs     x2, elr_el1              /* x2 = ELR */
    400010b8:	d5384022 	mrs	x2, elr_el1

    /* 调用 SError 处理函数 */
    bl      el1_serror_handler
    400010bc:	940005c1 	bl	400027c0 <el1_serror_handler>

    /* SError 处理函数不返回（挂起），若返回则 panic */
    ldp     x6, x7, [sp], #16
    400010c0:	a8c11fe6 	ldp	x6, x7, [sp], #16
    ldp     x4, x5, [sp], #16
    400010c4:	a8c117e4 	ldp	x4, x5, [sp], #16
    ldp     x2, x3, [sp], #16
    400010c8:	a8c10fe2 	ldp	x2, x3, [sp], #16
    ldp     x0, x1, [sp], #16
    400010cc:	a8c107e0 	ldp	x0, x1, [sp], #16
    b       .Lexception_panic
    400010d0:	14000046 	b	400011e8 <exception_vector_table+0x9e8>
 *          - 切换到内核栈（SP_EL1）
 * ======================================================================== */

.Lsync_handler_lower64:
    /* 切换到内核栈：SP_EL1 保存到临时，加载内核 SP */
    mrs     x22, sp_el0                /* 保存用户 SP */
    400010d4:	d5384116 	mrs	x22, sp_el0
    msr     sp_el0, xzr                /* 清除 SP_EL0（安全） */
    400010d8:	d518411f 	msr	sp_el0, xzr

    /* 保存所有通用寄存器到内核栈 */
    stp     x0, x1, [sp, #-16]!
    400010dc:	a9bf07e0 	stp	x0, x1, [sp, #-16]!
    stp     x2, x3, [sp, #-16]!
    400010e0:	a9bf0fe2 	stp	x2, x3, [sp, #-16]!
    stp     x4, x5, [sp, #-16]!
    400010e4:	a9bf17e4 	stp	x4, x5, [sp, #-16]!
    stp     x6, x7, [sp, #-16]!
    400010e8:	a9bf1fe6 	stp	x6, x7, [sp, #-16]!
    stp     x8, x9, [sp, #-16]!
    400010ec:	a9bf27e8 	stp	x8, x9, [sp, #-16]!
    stp     x10, x11, [sp, #-16]!
    400010f0:	a9bf2fea 	stp	x10, x11, [sp, #-16]!
    stp     x12, x13, [sp, #-16]!
    400010f4:	a9bf37ec 	stp	x12, x13, [sp, #-16]!
    stp     x14, x15, [sp, #-16]!
    400010f8:	a9bf3fee 	stp	x14, x15, [sp, #-16]!
    stp     x16, x17, [sp, #-16]!
    400010fc:	a9bf47f0 	stp	x16, x17, [sp, #-16]!
    stp     x18, x19, [sp, #-16]!
    40001100:	a9bf4ff2 	stp	x18, x19, [sp, #-16]!
    stp     x20, x21, [sp, #-16]!
    40001104:	a9bf57f4 	stp	x20, x21, [sp, #-16]!
    stp     x22, x23, [sp, #-16]!
    40001108:	a9bf5ff6 	stp	x22, x23, [sp, #-16]!
    stp     x24, x25, [sp, #-16]!
    4000110c:	a9bf67f8 	stp	x24, x25, [sp, #-16]!
    stp     x26, x27, [sp, #-16]!
    40001110:	a9bf6ffa 	stp	x26, x27, [sp, #-16]!
    stp     x28, x29, [sp, #-16]!
    40001114:	a9bf77fc 	stp	x28, x29, [sp, #-16]!
    str     x30, [sp, #-8]!
    40001118:	f81f8ffe 	str	x30, [sp, #-8]!

    /* 保存 ELR_EL1 和 SPSR_EL1 */
    mrs     x20, elr_el1
    4000111c:	d5384034 	mrs	x20, elr_el1
    mrs     x21, spsr_el1
    40001120:	d5384015 	mrs	x21, spsr_el1
    stp     x20, x21, [sp, #-16]!
    40001124:	a9bf57f4 	stp	x20, x21, [sp, #-16]!

    /* 读取 ESR_EL1 判断异常类型 */
    mrs     x20, esr_el1
    40001128:	d5385214 	mrs	x20, esr_el1
    lsr     x21, x20, #26            /* EC = ESR[31:26] */
    4000112c:	d35afe95 	lsr	x21, x20, #26

    /* EC = 0x15 (21) = SVC 指令 */
    cmp     x21, #0x15
    40001130:	f10056bf 	cmp	x21, #0x15
    b.eq    .Lsvc_handler_lower64
    40001134:	540000e0 	b.eq	40001150 <exception_vector_table+0x950>  // b.none

    /* 其他同步异常 → exception_sync_handler(esr, far, &elr, spsr) */
    mrs     x1, far_el1              /* x1 = FAR */
    40001138:	d5386001 	mrs	x1, far_el1
    mov     x0, x20                  /* x0 = ESR */
    4000113c:	aa1403e0 	mov	x0, x20
    mov     x2, sp                   /* x2 = 指向栈上 ELR 的指针 */
    40001140:	910003e2 	mov	x2, sp
    ldr     x3, [sp, #8]             /* x3 = SPSR */
    40001144:	f94007e3 	ldr	x3, [sp, #8]
    bl      exception_sync_handler
    40001148:	9400048a 	bl	40002370 <exception_sync_handler>

    /* 恢复并返回 */
    b       .Lsync_restore_lower64
    4000114c:	14000011 	b	40001190 <exception_vector_table+0x990>

.Lsvc_handler_lower64:
    /* EL0 SVC 系统调用处理 - 复用 syscall_frame_t 布局 */
    sub     sp, sp, #72
    40001150:	d10123ff 	sub	sp, sp, #0x48

    /* 从已保存区域加载寄存器并存储到 frame */
    ldp     x9, x10, [sp, #72+0xF8]
    40001154:	a9542be9 	ldp	x9, x10, [sp, #320]
    stp     x9, x10, [sp, #0]
    40001158:	a9002be9 	stp	x9, x10, [sp]

    ldp     x9, x10, [sp, #72+0xE8]
    4000115c:	a9532be9 	ldp	x9, x10, [sp, #304]
    stp     x9, x10, [sp, #16]
    40001160:	a9012be9 	stp	x9, x10, [sp, #16]

    ldp     x9, x10, [sp, #72+0xD8]
    40001164:	a9522be9 	ldp	x9, x10, [sp, #288]
    stp     x9, x10, [sp, #32]
    40001168:	a9022be9 	stp	x9, x10, [sp, #32]

    ldp     x9, x10, [sp, #72+0xC8]
    4000116c:	a9512be9 	ldp	x9, x10, [sp, #272]
    stp     x9, x10, [sp, #48]
    40001170:	a9032be9 	stp	x9, x10, [sp, #48]

    ldr     x9, [sp, #72+0xB8]
    40001174:	f94083e9 	ldr	x9, [sp, #256]
    str     x9, [sp, #64]
    40001178:	f90023e9 	str	x9, [sp, #64]

    /* 调用 syscall_handler(frame) */
    mov     x0, sp
    4000117c:	910003e0 	mov	x0, sp
    bl      syscall_handler
    40001180:	94001970 	bl	40007740 <syscall_handler>

    /* 从 frame->x0 取返回值，写回已保存区域 */
    ldr     x9, [sp, #0]
    40001184:	f94003e9 	ldr	x9, [sp]
    str     x9, [sp, #72+0xF8]
    40001188:	f900a3e9 	str	x9, [sp, #320]

    /* 释放 frame */
    add     sp, sp, #72
    4000118c:	910123ff 	add	sp, sp, #0x48

.Lsync_restore_lower64:
    /* 恢复 ELR_EL1 和 SPSR_EL1 */
    ldp     x20, x21, [sp], #16
    40001190:	a8c157f4 	ldp	x20, x21, [sp], #16
    msr     elr_el1, x20
    40001194:	d5184034 	msr	elr_el1, x20
    msr     spsr_el1, x21
    40001198:	d5184015 	msr	spsr_el1, x21

    /* 恢复 SP_EL0（用户栈） */
    msr     sp_el0, x22
    4000119c:	d5184116 	msr	sp_el0, x22

    /* 恢复所有通用寄存器 */
    ldr     x30, [sp], #8
    400011a0:	f84087fe 	ldr	x30, [sp], #8
    ldp     x28, x29, [sp], #16
    400011a4:	a8c177fc 	ldp	x28, x29, [sp], #16
    ldp     x26, x27, [sp], #16
    400011a8:	a8c16ffa 	ldp	x26, x27, [sp], #16
    ldp     x24, x25, [sp], #16
    400011ac:	a8c167f8 	ldp	x24, x25, [sp], #16
    ldp     x22, x23, [sp], #16
    400011b0:	a8c15ff6 	ldp	x22, x23, [sp], #16
    ldp     x20, x21, [sp], #16
    400011b4:	a8c157f4 	ldp	x20, x21, [sp], #16
    ldp     x18, x19, [sp], #16
    400011b8:	a8c14ff2 	ldp	x18, x19, [sp], #16
    ldp     x16, x17, [sp], #16
    400011bc:	a8c147f0 	ldp	x16, x17, [sp], #16
    ldp     x14, x15, [sp], #16
    400011c0:	a8c13fee 	ldp	x14, x15, [sp], #16
    ldp     x12, x13, [sp], #16
    400011c4:	a8c137ec 	ldp	x12, x13, [sp], #16
    ldp     x10, x11, [sp], #16
    400011c8:	a8c12fea 	ldp	x10, x11, [sp], #16
    ldp     x8, x9, [sp], #16
    400011cc:	a8c127e8 	ldp	x8, x9, [sp], #16
    ldp     x6, x7, [sp], #16
    400011d0:	a8c11fe6 	ldp	x6, x7, [sp], #16
    ldp     x4, x5, [sp], #16
    400011d4:	a8c117e4 	ldp	x4, x5, [sp], #16
    ldp     x2, x3, [sp], #16
    400011d8:	a8c10fe2 	ldp	x2, x3, [sp], #16
    ldp     x0, x1, [sp], #16
    400011dc:	a8c107e0 	ldp	x0, x1, [sp], #16

    eret
    400011e0:	d69f03e0 	eret
 *
 * @details EL0 的 IRQ 处理：直接跳转到 EL1h IRQ handler（共享逻辑）
 * ======================================================================== */

.Lirq_handler_lower64:
    b       .Lirq_handler_spx
    400011e4:	17ffffa9 	b	40001088 <exception_vector_table+0x888>

/* ========== 异常默认处理 ========== */

.Lexception_panic:
    /* 内核异常 panic：永停 */
    wfe
    400011e8:	d503205f 	wfe
    b       .Lexception_panic
    400011ec:	17ffffff 	b	400011e8 <exception_vector_table+0x9e8>
	...

Disassembly of section .text:

0000000040002000 <context_switch>:
    .type context_switch, @function
context_switch:
    /* ---- 保存 prev 上下文到 prev->context[] ---- */

    /* 保存 callee-saved 通用寄存器 x19 ~ x28 */
    stp     x19, x20, [x0, #0]
    40002000:	a9005013 	stp	x19, x20, [x0]
    stp     x21, x22, [x0, #16]
    40002004:	a9015815 	stp	x21, x22, [x0, #16]
    stp     x23, x24, [x0, #32]
    40002008:	a9026017 	stp	x23, x24, [x0, #32]
    stp     x25, x26, [x0, #48]
    4000200c:	a9036819 	stp	x25, x26, [x0, #48]
    stp     x27, x28, [x0, #64]
    40002010:	a904701b 	stp	x27, x28, [x0, #64]

    /* 保存 FP(x29) 和 LR(x30) */
    stp     x29, x30, [x0, #80]
    40002014:	a905781d 	stp	x29, x30, [x0, #80]

    /* 保存当前 SP */
    mov     x9, sp
    40002018:	910003e9 	mov	x9, sp
    str     x9, [x0, #96]
    4000201c:	f9003009 	str	x9, [x0, #96]

    /* ---- 恢复 next 上下文从 next->context[] ---- */
    /* x1 仍然指向 next->context */

    /* 恢复 callee-saved 通用寄存器 x19 ~ x28 */
    ldp     x19, x20, [x1, #0]
    40002020:	a9405033 	ldp	x19, x20, [x1]
    ldp     x21, x22, [x1, #16]
    40002024:	a9415835 	ldp	x21, x22, [x1, #16]
    ldp     x23, x24, [x1, #32]
    40002028:	a9426037 	ldp	x23, x24, [x1, #32]
    ldp     x25, x26, [x1, #48]
    4000202c:	a9436839 	ldp	x25, x26, [x1, #48]
    ldp     x27, x28, [x1, #64]
    40002030:	a944703b 	ldp	x27, x28, [x1, #64]

    /* 恢复 FP(x29) 和 LR(x30) */
    ldp     x29, x30, [x1, #80]
    40002034:	a945783d 	ldp	x29, x30, [x1, #80]

    /* 恢复 SP */
    ldr     x9, [x1, #96]
    40002038:	f9403029 	ldr	x9, [x1, #96]
    mov     sp, x9
    4000203c:	9100013f 	mov	sp, x9

    /* 返回到 schedule()，ELR/SPSR 已在 schedule() 中恢复 */
    ret
    40002040:	d65f03c0 	ret

0000000040002044 <arch_setup_thread_context>:
 * ======================================================================== */
    .global arch_setup_thread_context
    .type arch_setup_thread_context, @function
arch_setup_thread_context:
    /* context[0] = x19 = entry（真实入口地址） */
    str     x1, [x0, #0]
    40002044:	f9000001 	str	x1, [x0]

    /* context[1] = x20 = arg（入口参数） */
    str     x2, [x0, #8]
    40002048:	f9000402 	str	x2, [x0, #8]

    /* 清零 x21 ~ x28 */
    str     xzr, [x0, #16]        /* context[2] = x21 = 0 */
    4000204c:	f900081f 	str	xzr, [x0, #16]
    str     xzr, [x0, #24]        /* context[3] = x22 = 0 */
    40002050:	f9000c1f 	str	xzr, [x0, #24]
    str     xzr, [x0, #32]        /* context[4] = x23 = 0 */
    40002054:	f900101f 	str	xzr, [x0, #32]
    str     xzr, [x0, #40]        /* context[5] = x24 = 0 */
    40002058:	f900141f 	str	xzr, [x0, #40]
    str     xzr, [x0, #48]        /* context[6] = x25 = 0 */
    4000205c:	f900181f 	str	xzr, [x0, #48]
    str     xzr, [x0, #56]        /* context[7] = x26 = 0 */
    40002060:	f9001c1f 	str	xzr, [x0, #56]
    str     xzr, [x0, #64]        /* context[8] = x27 = 0 */
    40002064:	f900201f 	str	xzr, [x0, #64]
    str     xzr, [x0, #72]        /* context[9] = x28 = 0 */
    40002068:	f900241f 	str	xzr, [x0, #72]

    /* context[10] = FP(x29) = 0 */
    str     xzr, [x0, #80]
    4000206c:	f900281f 	str	xzr, [x0, #80]

    /* context[11] = LR(x30) = thread_entry_trampoline */
    ldr     x9, =thread_entry_trampoline
    40002070:	58000649 	ldr	x9, 40002138 <user_entry_trampoline+0x10>
    str     x9, [x0, #88]
    40002074:	f9002c09 	str	x9, [x0, #88]

    /* context[12] = SP = stack_top */
    str     x3, [x0, #96]
    40002078:	f9003003 	str	x3, [x0, #96]

    /* context[13] = SPSR_EL1 = 0x5（EL1h, IRQ 使能） */
    mov     x9, #0x5
    4000207c:	d28000a9 	mov	x9, #0x5                   	// #5
    str     x9, [x0, #104]
    40002080:	f9003409 	str	x9, [x0, #104]

    /* context[14] = ELR_EL1 = thread_entry_trampoline */
    ldr     x9, =thread_entry_trampoline
    40002084:	580005a9 	ldr	x9, 40002138 <user_entry_trampoline+0x10>
    str     x9, [x0, #112]
    40002088:	f9003809 	str	x9, [x0, #112]

    ret
    4000208c:	d65f03c0 	ret

0000000040002090 <thread_entry_trampoline>:
 * 将参数移到 x0，跳转到真实入口。
 * ======================================================================== */
    .global thread_entry_trampoline
    .type thread_entry_trampoline, @function
thread_entry_trampoline:
    mov     x0, x20            /* x0 = arg */
    40002090:	aa1403e0 	mov	x0, x20
    br      x19                /* 跳转到 entry(arg) */
    40002094:	d61f0260 	br	x19

0000000040002098 <cpu_switch_to_first_task>:
 * ======================================================================== */
    .global cpu_switch_to_first_task
    .type cpu_switch_to_first_task, @function
cpu_switch_to_first_task:
    /* 恢复 callee-saved 通用寄存器 */
    ldp     x19, x20, [x0, #0]
    40002098:	a9405013 	ldp	x19, x20, [x0]
    ldp     x21, x22, [x0, #16]
    4000209c:	a9415815 	ldp	x21, x22, [x0, #16]
    ldp     x23, x24, [x0, #32]
    400020a0:	a9426017 	ldp	x23, x24, [x0, #32]
    ldp     x25, x26, [x0, #48]
    400020a4:	a9436819 	ldp	x25, x26, [x0, #48]
    ldp     x27, x28, [x0, #64]
    400020a8:	a944701b 	ldp	x27, x28, [x0, #64]
    ldp     x29, x30, [x0, #80]
    400020ac:	a945781d 	ldp	x29, x30, [x0, #80]

    /* 恢复 SP */
    ldr     x9, [x0, #96]
    400020b0:	f9403009 	ldr	x9, [x0, #96]
    mov     sp, x9
    400020b4:	9100013f 	mov	sp, x9

    /* 设置 SPSR_EL1 和 ELR_EL1 */
    ldr     x9, [x0, #104]           /* context[13] = SPSR */
    400020b8:	f9403409 	ldr	x9, [x0, #104]
    msr     spsr_el1, x9
    400020bc:	d5184009 	msr	spsr_el1, x9
    ldr     x9, [x0, #112]           /* context[14] = ELR */
    400020c0:	f9403809 	ldr	x9, [x0, #112]
    msr     elr_el1, x9
    400020c4:	d5184029 	msr	elr_el1, x9

    /* 确保所有系统寄存器写入完成 */
    isb
    400020c8:	d5033fdf 	isb

    /* 通过 eret 进入第一个任务 */
    eret
    400020cc:	d69f03e0 	eret

00000000400020d0 <arch_setup_user_thread_context>:
 * ======================================================================== */
    .global arch_setup_user_thread_context
    .type arch_setup_user_thread_context, @function
arch_setup_user_thread_context:
    /* context[0] = x19 = entry（已由调用方加 TTBR1 偏移） */
    str     x1, [x0, #0]
    400020d0:	f9000001 	str	x1, [x0]

    /* context[1] = x20 = arg（入口参数） */
    str     x2, [x0, #8]
    400020d4:	f9000402 	str	x2, [x0, #8]

    /* 清零 x21 ~ x28 */
    str     xzr, [x0, #16]        /* context[2] = x21 = 0 */
    400020d8:	f900081f 	str	xzr, [x0, #16]
    str     xzr, [x0, #24]        /* context[3] = x22 = 0 */
    400020dc:	f9000c1f 	str	xzr, [x0, #24]
    str     xzr, [x0, #32]        /* context[4] = x23 = 0 */
    400020e0:	f900101f 	str	xzr, [x0, #32]
    str     xzr, [x0, #40]        /* context[5] = x24 = 0 */
    400020e4:	f900141f 	str	xzr, [x0, #40]
    str     xzr, [x0, #48]        /* context[6] = x25 = 0 */
    400020e8:	f900181f 	str	xzr, [x0, #48]
    str     xzr, [x0, #56]        /* context[7] = x26 = 0 */
    400020ec:	f9001c1f 	str	xzr, [x0, #56]
    str     xzr, [x0, #64]        /* context[8] = x27 = 0 */
    400020f0:	f900201f 	str	xzr, [x0, #64]
    str     xzr, [x0, #72]        /* context[9] = x28 = 0 */
    400020f4:	f900241f 	str	xzr, [x0, #72]

    /* context[10] = FP(x29) = 0 */
    str     xzr, [x0, #80]
    400020f8:	f900281f 	str	xzr, [x0, #80]

    /* context[11] = LR(x30) = user_entry_trampoline (TTBR1 高地址) */
    ldr     x9, =user_entry_trampoline
    400020fc:	58000229 	ldr	x9, 40002140 <user_entry_trampoline+0x18>
    orr     x9, x9, #0x8000000000000000
    40002100:	b2410129 	orr	x9, x9, #0x8000000000000000
    orr     x9, x9, #0x7FFF000000000000
    40002104:	b2503929 	orr	x9, x9, #0x7fff000000000000
    str     x9, [x0, #88]
    40002108:	f9002c09 	str	x9, [x0, #88]

    /* context[12] = SP = kernel_sp（内核栈） */
    str     x3, [x0, #96]
    4000210c:	f9003003 	str	x3, [x0, #96]

    /* context[13] = SPSR_EL1 = 0x0（EL0t，所有中断使能） */
    str     xzr, [x0, #104]
    40002110:	f900341f 	str	xzr, [x0, #104]

    /* context[14] = ELR_EL1 = user_entry_trampoline (TTBR1 高地址) */
    ldr     x9, =user_entry_trampoline
    40002114:	58000169 	ldr	x9, 40002140 <user_entry_trampoline+0x18>
    orr     x9, x9, #0x8000000000000000
    40002118:	b2410129 	orr	x9, x9, #0x8000000000000000
    orr     x9, x9, #0x7FFF000000000000
    4000211c:	b2503929 	orr	x9, x9, #0x7fff000000000000
    str     x9, [x0, #112]
    40002120:	f9003809 	str	x9, [x0, #112]

    ret
    40002124:	d65f03c0 	ret

0000000040002128 <user_entry_trampoline>:
    .global user_entry_trampoline
    .type user_entry_trampoline, @function
user_entry_trampoline:
    /* 此时运行在 EL0，SP 已无意义（EL0t 使用 SP_EL0） */
    /* x19 = entry, x20 = arg, x21 = user_sp（由调度器设置） */
    mov     sp, x21                /* 设置用户态栈指针 */
    40002128:	910002bf 	mov	sp, x21
    mov     x0, x20                /* x0 = arg */
    4000212c:	aa1403e0 	mov	x0, x20
    br      x19                    /* 跳转到用户态 entry(arg) */
    40002130:	d61f0260 	br	x19
    40002134:	00000000 	udf	#0
    40002138:	40002090 	.word	0x40002090
    4000213c:	00000000 	.word	0x00000000
    40002140:	40002128 	.word	0x40002128
	...

0000000040002150 <hal_uart_init>:
 * @param offset 寄存器偏移
 * @param value 要写入的值
 */
static inline void uart_write(uint64_t base, uint32_t offset, uint32_t value)
{
    *(volatile uint32_t *)(base + (uint64_t)offset) = value;
    40002150:	b900301f 	str	wzr, [x0, #48]
    40002154:	528001a4 	mov	w4, #0xd                   	// #13
    40002158:	b9002c1f 	str	wzr, [x0, #44]
    4000215c:	52800023 	mov	w3, #0x1                   	// #1
    40002160:	b9002404 	str	w4, [x0, #36]
    40002164:	52800e02 	mov	w2, #0x70                  	// #112
    40002168:	b9002803 	str	w3, [x0, #40]
    4000216c:	52806021 	mov	w1, #0x301                 	// #769
    40002170:	b9002c02 	str	w2, [x0, #44]
    40002174:	b9003001 	str	w1, [x0, #48]
    uart_write(base, UART_LCR_OFFSET, UART_LCR_FEN_BIT | 0x70U);

    /* 使能 UART 发送 */
    uart_write(base, UART_CR_OFFSET,
               UART_CR_UARTEN_BIT | UART_CR_TXE_BIT | UART_CR_RXE_BIT);
}
    40002178:	d65f03c0 	ret
    4000217c:	00000000 	udf	#0

0000000040002180 <hal_uart_putc>:
 *
 * @param base UART 基地址
 * @param ch 要发送的字符
 */
void hal_uart_putc(uint64_t base, char ch)
{
    40002180:	12001c21 	and	w1, w1, #0xff
    return *(volatile uint32_t *)(base + (uint64_t)offset);
    40002184:	91006003 	add	x3, x0, #0x18
    40002188:	b9400062 	ldr	w2, [x3]
    /* 等待发送 FIFO 不满 */
    while ((uart_read(base, UART_FR_OFFSET) & UART_FR_TXFF_BIT) != 0U)
    4000218c:	372fffe2 	tbnz	w2, #5, 40002188 <hal_uart_putc+0x8>
    *(volatile uint32_t *)(base + (uint64_t)offset) = value;
    40002190:	b9000001 	str	w1, [x0]
        /* 自旋等待 */
    }

    /* 写入数据寄存器 */
    uart_write(base, UART_DR_OFFSET, (uint32_t)(unsigned char)ch);
}
    40002194:	d65f03c0 	ret
	...

00000000400021a0 <hal_uart_puts>:
 * @param base UART 基地址
 * @param str 以 NULL 结尾的字符串
 */
void hal_uart_puts(uint64_t base, const char *str)
{
    if (str == NULL)
    400021a0:	b40001e1 	cbz	x1, 400021dc <hal_uart_puts+0x3c>
    {
        return;
    }

    while (*str != '\0')
    400021a4:	39400022 	ldrb	w2, [x1]
    400021a8:	340001a2 	cbz	w2, 400021dc <hal_uart_puts+0x3c>
    return *(volatile uint32_t *)(base + (uint64_t)offset);
    400021ac:	91006003 	add	x3, x0, #0x18
    *(volatile uint32_t *)(base + (uint64_t)offset) = value;
    400021b0:	528001a5 	mov	w5, #0xd                   	// #13
    400021b4:	d503201f 	nop
    {
        /* 换行符前先发送回车 */
        if (*str == '\n')
    400021b8:	7100285f 	cmp	w2, #0xa
    400021bc:	54000120 	b.eq	400021e0 <hal_uart_puts+0x40>  // b.none
        {
            hal_uart_putc(base, '\r');
        }
        hal_uart_putc(base, *str);
    400021c0:	39400024 	ldrb	w4, [x1]
    while ((uart_read(base, UART_FR_OFFSET) & UART_FR_TXFF_BIT) != 0U)
    400021c4:	d503201f 	nop
    return *(volatile uint32_t *)(base + (uint64_t)offset);
    400021c8:	b9400062 	ldr	w2, [x3]
    while ((uart_read(base, UART_FR_OFFSET) & UART_FR_TXFF_BIT) != 0U)
    400021cc:	372fffe2 	tbnz	w2, #5, 400021c8 <hal_uart_puts+0x28>
    *(volatile uint32_t *)(base + (uint64_t)offset) = value;
    400021d0:	b9000004 	str	w4, [x0]
    while (*str != '\0')
    400021d4:	38401c22 	ldrb	w2, [x1, #1]!
    400021d8:	35ffff02 	cbnz	w2, 400021b8 <hal_uart_puts+0x18>
        str++;
    }
}
    400021dc:	d65f03c0 	ret
    return *(volatile uint32_t *)(base + (uint64_t)offset);
    400021e0:	b9400062 	ldr	w2, [x3]
    while ((uart_read(base, UART_FR_OFFSET) & UART_FR_TXFF_BIT) != 0U)
    400021e4:	372fffe2 	tbnz	w2, #5, 400021e0 <hal_uart_puts+0x40>
    *(volatile uint32_t *)(base + (uint64_t)offset) = value;
    400021e8:	b9000005 	str	w5, [x0]
}
    400021ec:	17fffff5 	b	400021c0 <hal_uart_puts+0x20>

00000000400021f0 <hal_dcache_clean>:
 * @param start 起始虚拟地址
 * @param size 字节数
 */
void hal_dcache_clean(uint64_t start, uint64_t size)
{
    uint64_t end = start + size;
    400021f0:	8b010001 	add	x1, x0, x1
    uint64_t addr = start & ~((uint64_t)CACHE_LINE_SIZE - 1U);
    400021f4:	927ae400 	and	x0, x0, #0xffffffffffffffc0

    while (addr < end)
    400021f8:	eb00003f 	cmp	x1, x0
    400021fc:	540000a9 	b.ls	40002210 <hal_dcache_clean+0x20>  // b.plast
    {
        __asm__ volatile("dc cvac, %0" :: "r"(addr) : "memory");
    40002200:	d50b7a20 	dc	cvac, x0
        addr += (uint64_t)CACHE_LINE_SIZE;
    40002204:	91010000 	add	x0, x0, #0x40
    while (addr < end)
    40002208:	eb00003f 	cmp	x1, x0
    4000220c:	54ffffa8 	b.hi	40002200 <hal_dcache_clean+0x10>  // b.pmore
    }
}
    40002210:	d65f03c0 	ret
	...

0000000040002220 <hal_dcache_invalidate>:
 * @param start 起始虚拟地址
 * @param size 字节数
 */
void hal_dcache_invalidate(uint64_t start, uint64_t size)
{
    uint64_t end = start + size;
    40002220:	8b010001 	add	x1, x0, x1
    uint64_t addr = start & ~((uint64_t)CACHE_LINE_SIZE - 1U);
    40002224:	927ae400 	and	x0, x0, #0xffffffffffffffc0

    while (addr < end)
    40002228:	eb00003f 	cmp	x1, x0
    4000222c:	540000a9 	b.ls	40002240 <hal_dcache_invalidate+0x20>  // b.plast
    {
        __asm__ volatile("dc ivac, %0" :: "r"(addr) : "memory");
    40002230:	d5087620 	dc	ivac, x0
        addr += (uint64_t)CACHE_LINE_SIZE;
    40002234:	91010000 	add	x0, x0, #0x40
    while (addr < end)
    40002238:	eb00003f 	cmp	x1, x0
    4000223c:	54ffffa8 	b.hi	40002230 <hal_dcache_invalidate+0x10>  // b.pmore
    }
}
    40002240:	d65f03c0 	ret
	...

0000000040002250 <hal_dsb_ish>:
/**
 * @brief 数据同步屏障 (Inner Shareable)
 */
void hal_dsb_ish(void)
{
    __asm__ volatile("dsb ish" ::: "memory");
    40002250:	d5033b9f 	dsb	ish
}
    40002254:	d65f03c0 	ret
	...

0000000040002260 <hal_uart_getc>:
 * @param ch   输出字符指针
 *
 * @return 非0表示成功读取，0表示无数据
 */
int hal_uart_getc(uint64_t base, char *ch)
{
    40002260:	aa0003e2 	mov	x2, x0
    uint32_t fr;

    if (ch == NULL)
    40002264:	b4000101 	cbz	x1, 40002284 <hal_uart_getc+0x24>
    return *(volatile uint32_t *)(base + (uint64_t)offset);
    40002268:	b9401843 	ldr	w3, [x2, #24]
    {
        return 0;
    4000226c:	52800000 	mov	w0, #0x0                   	// #0
    }

    /* 检查接收 FIFO 是否为空 */
    fr = uart_read(base, UART_FR_OFFSET);
    if ((fr & UART_FR_RXFE_BIT) != 0U)
    40002270:	37200083 	tbnz	w3, #4, 40002280 <hal_uart_getc+0x20>
    return *(volatile uint32_t *)(base + (uint64_t)offset);
    40002274:	b9400042 	ldr	w2, [x2]
    }

    /* 读取数据寄存器 */
    *ch = (char)(uart_read(base, UART_DR_OFFSET) & 0xFFU);

    return 1;
    40002278:	52800020 	mov	w0, #0x1                   	// #1
    *ch = (char)(uart_read(base, UART_DR_OFFSET) & 0xFFU);
    4000227c:	39000022 	strb	w2, [x1]
}
    40002280:	d65f03c0 	ret
        return 0;
    40002284:	52800000 	mov	w0, #0x0                   	// #0
}
    40002288:	d65f03c0 	ret
    4000228c:	00000000 	udf	#0

0000000040002290 <hal_timer_get_count>:
 * @return CNTPCT_EL0 当前值
 */
uint64_t hal_timer_get_count(void)
{
    uint64_t val;
    __asm__ volatile("mrs %0, cntpct_el0" : "=r"(val));
    40002290:	d53be020 	mrs	x0, cntpct_el0
    return val;
}
    40002294:	d65f03c0 	ret
	...

00000000400022a0 <hal_timer_get_freq>:
 * @return CNTFRQ_EL0 频率值（Hz）
 */
uint64_t hal_timer_get_freq(void)
{
    uint64_t val;
    __asm__ volatile("mrs %0, cntfrq_el0" : "=r"(val));
    400022a0:	d53be000 	mrs	x0, cntfrq_el0
    return val;
}
    400022a4:	d65f03c0 	ret
	...

00000000400022b0 <hal_timer_set_compare>:
 * @brief 设置物理定时器比较值
 * @param val 要写入 CNTP_CVAL_EL0 的值
 */
void hal_timer_set_compare(uint64_t val)
{
    __asm__ volatile("msr cntp_cval_el0, %0" :: "r"(val));
    400022b0:	d51be240 	msr	cntp_cval_el0, x0
    __asm__ volatile("isb");
    400022b4:	d5033fdf 	isb
}
    400022b8:	d65f03c0 	ret
    400022bc:	00000000 	udf	#0

00000000400022c0 <hal_timer_set_control>:
 * @brief 设置物理定时器控制寄存器
 * @param val 要写入 CNTP_CTL_EL0 的值
 */
void hal_timer_set_control(uint64_t val)
{
    __asm__ volatile("msr cntp_ctl_el0, %0" :: "r"(val));
    400022c0:	d51be220 	msr	cntp_ctl_el0, x0
    __asm__ volatile("isb");
    400022c4:	d5033fdf 	isb
}
    400022c8:	d65f03c0 	ret
    400022cc:	00000000 	udf	#0

00000000400022d0 <hal_dmb_ish>:
/**
 * @brief 数据内存屏障 (Inner Shareable)
 */
void hal_dmb_ish(void)
{
    __asm__ volatile("dmb ish" ::: "memory");
    400022d0:	d5033bbf 	dmb	ish
}
    400022d4:	d65f03c0 	ret
	...

00000000400022e0 <hal_dmb_ishst>:
/**
 * @brief 数据内存屏障 (Inner Shareable, Store)
 */
void hal_dmb_ishst(void)
{
    __asm__ volatile("dmb ishst" ::: "memory");
    400022e0:	d5033abf 	dmb	ishst
}
    400022e4:	d65f03c0 	ret
	...

00000000400022f0 <hal_wfe>:
/**
 * @brief 等待事件（低功耗 WFE）
 */
void hal_wfe(void)
{
    __asm__ volatile("wfe" ::: "memory");
    400022f0:	d503205f 	wfe
}
    400022f4:	d65f03c0 	ret
	...

0000000040002300 <hal_wfi>:
/**
 * @brief 等待中断（低功耗 WFI）
 */
void hal_wfi(void)
{
    __asm__ volatile("wfi" ::: "memory");
    40002300:	d503207f 	wfi
}
    40002304:	d65f03c0 	ret
	...

0000000040002310 <hal_sev>:
/**
 * @brief 发送事件
 */
void hal_sev(void)
{
    __asm__ volatile("sev" ::: "memory");
    40002310:	d503209f 	sev
}
    40002314:	d65f03c0 	ret
	...

0000000040002320 <uart_print_hex.constprop.0>:
 *          不使用本地数组，避免触发栈保护器。
 *
 * @param base  UART 基地址
 * @param value 要输出的 64 位无符号整数
 */
static void uart_print_hex(uint64_t base, uint64_t value)
    40002320:	a9bd7bfd 	stp	x29, x30, [sp, #-48]!
    40002324:	910003fd 	mov	x29, sp
    40002328:	a90153f3 	stp	x19, x20, [sp, #16]
    4000232c:	f0000034 	adrp	x20, 40009000 <__text_end>
    int32_t i;

    for (i = 60; i >= 0; i -= 4)
    {
        uint8_t nibble = (uint8_t)((value >> (uint32_t)i) & 0xFU);
        hal_uart_putc(base, s_hex[nibble]);
    40002330:	91116294 	add	x20, x20, #0x458
static void uart_print_hex(uint64_t base, uint64_t value)
    40002334:	f90013f5 	str	x21, [sp, #32]
    40002338:	aa0003f5 	mov	x21, x0
    for (i = 60; i >= 0; i -= 4)
    4000233c:	52800793 	mov	w19, #0x3c                  	// #60
        uint8_t nibble = (uint8_t)((value >> (uint32_t)i) & 0xFU);
    40002340:	9ad326a1 	lsr	x1, x21, x19
        hal_uart_putc(base, s_hex[nibble]);
    40002344:	92400c21 	and	x1, x1, #0xf
    40002348:	d2a12000 	mov	x0, #0x9000000             	// #150994944
    for (i = 60; i >= 0; i -= 4)
    4000234c:	51001273 	sub	w19, w19, #0x4
        hal_uart_putc(base, s_hex[nibble]);
    40002350:	38746821 	ldrb	w1, [x1, x20]
    40002354:	97ffff8b 	bl	40002180 <hal_uart_putc>
    for (i = 60; i >= 0; i -= 4)
    40002358:	3100127f 	cmn	w19, #0x4
    4000235c:	54ffff21 	b.ne	40002340 <uart_print_hex.constprop.0+0x20>  // b.any
    }
}
    40002360:	a94153f3 	ldp	x19, x20, [sp, #16]
    40002364:	f94013f5 	ldr	x21, [sp, #32]
    40002368:	a8c37bfd 	ldp	x29, x30, [sp], #48
    4000236c:	d65f03c0 	ret

0000000040002370 <exception_sync_handler>:
{
    40002370:	a9b97bfd 	stp	x29, x30, [sp, #-112]!
    40002374:	910003fd 	mov	x29, sp
    40002378:	a90153f3 	stp	x19, x20, [sp, #16]
    ec = (uint32_t)((esr >> 26U) & 0x3FU);
    4000237c:	531a7c13 	lsr	w19, w0, #26
{
    40002380:	a9025bf5 	stp	x21, x22, [sp, #32]
    40002384:	aa0003f5 	mov	x21, x0
    40002388:	a90363f7 	stp	x23, x24, [sp, #48]
    4000238c:	aa0203f8 	mov	x24, x2
    40002390:	aa0303f7 	mov	x23, x3
    40002394:	a9046bf9 	stp	x25, x26, [sp, #64]
    40002398:	aa0103f9 	mov	x25, x1
    iss = (uint32_t)(esr & 0x01FFFFFFU);
    4000239c:	1200601a 	and	w26, w0, #0x1ffffff
{
    400023a0:	a90573fb 	stp	x27, x28, [sp, #80]
    elr = *elr_ptr;
    400023a4:	f9400056 	ldr	x22, [x2]
    switch (ec)
    400023a8:	7100f27f 	cmp	w19, #0x3c
    400023ac:	54000fe9 	b.ls	400025a8 <exception_sync_handler+0x238>  // b.plast
        default:    desc = "Reserved"; break;
    400023b0:	f000003c 	adrp	x28, 40009000 <__text_end>
    400023b4:	91064380 	add	x0, x28, #0x190
    400023b8:	f90037e0 	str	x0, [sp, #104]
    400023bc:	d503201f 	nop
    hal_uart_puts((uint64_t)QEMU_UART0_BASE, "\n[exception] === Sync Exception ===\n");
    400023c0:	f0000034 	adrp	x20, 40009000 <__text_end>
        hal_uart_putc(base, s_hex[nibble]);
    400023c4:	9111629b 	add	x27, x20, #0x458
    for (i = 60; i >= 0; i -= 4)
    400023c8:	5280079c 	mov	w28, #0x3c                  	// #60
    hal_uart_puts((uint64_t)QEMU_UART0_BASE, "\n[exception] === Sync Exception ===\n");
    400023cc:	d2a12000 	mov	x0, #0x9000000             	// #150994944
    400023d0:	f0000021 	adrp	x1, 40009000 <__text_end>
    400023d4:	91068021 	add	x1, x1, #0x1a0
    400023d8:	97ffff72 	bl	400021a0 <hal_uart_puts>
    hal_uart_puts((uint64_t)QEMU_UART0_BASE, "[exception] EC=0x");
    400023dc:	f0000021 	adrp	x1, 40009000 <__text_end>
    400023e0:	d2a12000 	mov	x0, #0x9000000             	// #150994944
    400023e4:	91072021 	add	x1, x1, #0x1c8
    400023e8:	97ffff6e 	bl	400021a0 <hal_uart_puts>
    for (i = 60; i >= 0; i -= 4)
    400023ec:	d503201f 	nop
        uint8_t nibble = (uint8_t)((value >> (uint32_t)i) & 0xFU);
    400023f0:	9adc2661 	lsr	x1, x19, x28
        hal_uart_putc(base, s_hex[nibble]);
    400023f4:	92400c21 	and	x1, x1, #0xf
    400023f8:	d2a12000 	mov	x0, #0x9000000             	// #150994944
    for (i = 60; i >= 0; i -= 4)
    400023fc:	5100139c 	sub	w28, w28, #0x4
        hal_uart_putc(base, s_hex[nibble]);
    40002400:	387b6821 	ldrb	w1, [x1, x27]
    40002404:	97ffff5f 	bl	40002180 <hal_uart_putc>
    for (i = 60; i >= 0; i -= 4)
    40002408:	3100139f 	cmn	w28, #0x4
    4000240c:	54ffff21 	b.ne	400023f0 <exception_sync_handler+0x80>  // b.any
    hal_uart_puts((uint64_t)QEMU_UART0_BASE, " (");
    40002410:	d2a12000 	mov	x0, #0x9000000             	// #150994944
    40002414:	f0000021 	adrp	x1, 40009000 <__text_end>
    40002418:	91078021 	add	x1, x1, #0x1e0
    4000241c:	97ffff61 	bl	400021a0 <hal_uart_puts>
    hal_uart_puts((uint64_t)QEMU_UART0_BASE, desc);
    40002420:	f94037e1 	ldr	x1, [sp, #104]
    40002424:	d2a12000 	mov	x0, #0x9000000             	// #150994944
        hal_uart_putc(base, s_hex[nibble]);
    40002428:	9111629b 	add	x27, x20, #0x458
    for (i = 60; i >= 0; i -= 4)
    4000242c:	52800793 	mov	w19, #0x3c                  	// #60
    hal_uart_puts((uint64_t)QEMU_UART0_BASE, desc);
    40002430:	97ffff5c 	bl	400021a0 <hal_uart_puts>
    hal_uart_puts((uint64_t)QEMU_UART0_BASE, ")\n");
    40002434:	d2a12000 	mov	x0, #0x9000000             	// #150994944
    40002438:	f0000021 	adrp	x1, 40009000 <__text_end>
    4000243c:	9107a021 	add	x1, x1, #0x1e8
    40002440:	97ffff58 	bl	400021a0 <hal_uart_puts>
    hal_uart_puts((uint64_t)QEMU_UART0_BASE, "[exception] ESR=0x");
    40002444:	f0000021 	adrp	x1, 40009000 <__text_end>
    40002448:	d2a12000 	mov	x0, #0x9000000             	// #150994944
    4000244c:	9107c021 	add	x1, x1, #0x1f0
    40002450:	97ffff54 	bl	400021a0 <hal_uart_puts>
    for (i = 60; i >= 0; i -= 4)
    40002454:	d503201f 	nop
        uint8_t nibble = (uint8_t)((value >> (uint32_t)i) & 0xFU);
    40002458:	9ad326a1 	lsr	x1, x21, x19
        hal_uart_putc(base, s_hex[nibble]);
    4000245c:	92400c21 	and	x1, x1, #0xf
    40002460:	d2a12000 	mov	x0, #0x9000000             	// #150994944
    for (i = 60; i >= 0; i -= 4)
    40002464:	51001273 	sub	w19, w19, #0x4
        hal_uart_putc(base, s_hex[nibble]);
    40002468:	387b6821 	ldrb	w1, [x1, x27]
    4000246c:	97ffff45 	bl	40002180 <hal_uart_putc>
    for (i = 60; i >= 0; i -= 4)
    40002470:	3100127f 	cmn	w19, #0x4
    40002474:	54ffff21 	b.ne	40002458 <exception_sync_handler+0xe8>  // b.any
        hal_uart_putc(base, s_hex[nibble]);
    40002478:	91116295 	add	x21, x20, #0x458
    for (i = 60; i >= 0; i -= 4)
    4000247c:	52800793 	mov	w19, #0x3c                  	// #60
    hal_uart_puts((uint64_t)QEMU_UART0_BASE, " ISS=0x");
    40002480:	f0000021 	adrp	x1, 40009000 <__text_end>
    40002484:	d2a12000 	mov	x0, #0x9000000             	// #150994944
    40002488:	91082021 	add	x1, x1, #0x208
    4000248c:	97ffff45 	bl	400021a0 <hal_uart_puts>
        uint8_t nibble = (uint8_t)((value >> (uint32_t)i) & 0xFU);
    40002490:	9ad32741 	lsr	x1, x26, x19
        hal_uart_putc(base, s_hex[nibble]);
    40002494:	92400c21 	and	x1, x1, #0xf
    40002498:	d2a12000 	mov	x0, #0x9000000             	// #150994944
    for (i = 60; i >= 0; i -= 4)
    4000249c:	51001273 	sub	w19, w19, #0x4
        hal_uart_putc(base, s_hex[nibble]);
    400024a0:	38756821 	ldrb	w1, [x1, x21]
    400024a4:	97ffff37 	bl	40002180 <hal_uart_putc>
    for (i = 60; i >= 0; i -= 4)
    400024a8:	3100127f 	cmn	w19, #0x4
    400024ac:	54ffff21 	b.ne	40002490 <exception_sync_handler+0x120>  // b.any
        hal_uart_putc(base, s_hex[nibble]);
    400024b0:	9111629a 	add	x26, x20, #0x458
    for (i = 60; i >= 0; i -= 4)
    400024b4:	52800793 	mov	w19, #0x3c                  	// #60
    hal_uart_puts((uint64_t)QEMU_UART0_BASE, "\n");
    400024b8:	d2a12000 	mov	x0, #0x9000000             	// #150994944
    400024bc:	f0000035 	adrp	x21, 40009000 <__text_end>
    400024c0:	910842a1 	add	x1, x21, #0x210
    400024c4:	97ffff37 	bl	400021a0 <hal_uart_puts>
    hal_uart_puts((uint64_t)QEMU_UART0_BASE, "[exception] FAR=0x");
    400024c8:	f0000021 	adrp	x1, 40009000 <__text_end>
    400024cc:	d2a12000 	mov	x0, #0x9000000             	// #150994944
    400024d0:	91086021 	add	x1, x1, #0x218
    400024d4:	97ffff33 	bl	400021a0 <hal_uart_puts>
        uint8_t nibble = (uint8_t)((value >> (uint32_t)i) & 0xFU);
    400024d8:	9ad32721 	lsr	x1, x25, x19
        hal_uart_putc(base, s_hex[nibble]);
    400024dc:	92400c21 	and	x1, x1, #0xf
    400024e0:	d2a12000 	mov	x0, #0x9000000             	// #150994944
    for (i = 60; i >= 0; i -= 4)
    400024e4:	51001273 	sub	w19, w19, #0x4
        hal_uart_putc(base, s_hex[nibble]);
    400024e8:	387a6821 	ldrb	w1, [x1, x26]
    400024ec:	97ffff25 	bl	40002180 <hal_uart_putc>
    for (i = 60; i >= 0; i -= 4)
    400024f0:	3100127f 	cmn	w19, #0x4
    400024f4:	54ffff21 	b.ne	400024d8 <exception_sync_handler+0x168>  // b.any
        hal_uart_putc(base, s_hex[nibble]);
    400024f8:	91116299 	add	x25, x20, #0x458
    for (i = 60; i >= 0; i -= 4)
    400024fc:	52800793 	mov	w19, #0x3c                  	// #60
    hal_uart_puts((uint64_t)QEMU_UART0_BASE, " ELR=0x");
    40002500:	f0000021 	adrp	x1, 40009000 <__text_end>
    40002504:	d2a12000 	mov	x0, #0x9000000             	// #150994944
    40002508:	9108c021 	add	x1, x1, #0x230
    4000250c:	97ffff25 	bl	400021a0 <hal_uart_puts>
        uint8_t nibble = (uint8_t)((value >> (uint32_t)i) & 0xFU);
    40002510:	9ad326c1 	lsr	x1, x22, x19
        hal_uart_putc(base, s_hex[nibble]);
    40002514:	92400c21 	and	x1, x1, #0xf
    40002518:	d2a12000 	mov	x0, #0x9000000             	// #150994944
    for (i = 60; i >= 0; i -= 4)
    4000251c:	51001273 	sub	w19, w19, #0x4
        hal_uart_putc(base, s_hex[nibble]);
    40002520:	38796821 	ldrb	w1, [x1, x25]
    40002524:	97ffff17 	bl	40002180 <hal_uart_putc>
    for (i = 60; i >= 0; i -= 4)
    40002528:	3100127f 	cmn	w19, #0x4
    4000252c:	54ffff21 	b.ne	40002510 <exception_sync_handler+0x1a0>  // b.any
        hal_uart_putc(base, s_hex[nibble]);
    40002530:	91116294 	add	x20, x20, #0x458
    for (i = 60; i >= 0; i -= 4)
    40002534:	52800793 	mov	w19, #0x3c                  	// #60
    hal_uart_puts((uint64_t)QEMU_UART0_BASE, "\n");
    40002538:	910842a1 	add	x1, x21, #0x210
    4000253c:	d2a12000 	mov	x0, #0x9000000             	// #150994944
    40002540:	97ffff18 	bl	400021a0 <hal_uart_puts>
    hal_uart_puts((uint64_t)QEMU_UART0_BASE, "[exception] SPSR=0x");
    40002544:	f0000021 	adrp	x1, 40009000 <__text_end>
    40002548:	d2a12000 	mov	x0, #0x9000000             	// #150994944
    4000254c:	9108e021 	add	x1, x1, #0x238
    40002550:	97ffff14 	bl	400021a0 <hal_uart_puts>
    for (i = 60; i >= 0; i -= 4)
    40002554:	d503201f 	nop
        uint8_t nibble = (uint8_t)((value >> (uint32_t)i) & 0xFU);
    40002558:	9ad326e1 	lsr	x1, x23, x19
        hal_uart_putc(base, s_hex[nibble]);
    4000255c:	92400c21 	and	x1, x1, #0xf
    40002560:	d2a12000 	mov	x0, #0x9000000             	// #150994944
    for (i = 60; i >= 0; i -= 4)
    40002564:	51001273 	sub	w19, w19, #0x4
        hal_uart_putc(base, s_hex[nibble]);
    40002568:	38746821 	ldrb	w1, [x1, x20]
    4000256c:	97ffff05 	bl	40002180 <hal_uart_putc>
    for (i = 60; i >= 0; i -= 4)
    40002570:	3100127f 	cmn	w19, #0x4
    40002574:	54ffff21 	b.ne	40002558 <exception_sync_handler+0x1e8>  // b.any
    hal_uart_puts((uint64_t)QEMU_UART0_BASE, "\n");
    40002578:	910842a1 	add	x1, x21, #0x210
    *elr_ptr = elr + 4U;
    4000257c:	910012d6 	add	x22, x22, #0x4
    hal_uart_puts((uint64_t)QEMU_UART0_BASE, "\n");
    40002580:	d2a12000 	mov	x0, #0x9000000             	// #150994944
    40002584:	97ffff07 	bl	400021a0 <hal_uart_puts>
}
    40002588:	a94153f3 	ldp	x19, x20, [sp, #16]
    4000258c:	a9446bf9 	ldp	x25, x26, [sp, #64]
    40002590:	a94573fb 	ldp	x27, x28, [sp, #80]
    *elr_ptr = elr + 4U;
    40002594:	f9000316 	str	x22, [x24]
}
    40002598:	a9425bf5 	ldp	x21, x22, [sp, #32]
    4000259c:	a94363f7 	ldp	x23, x24, [sp, #48]
    400025a0:	a8c77bfd 	ldp	x29, x30, [sp], #112
    400025a4:	d65f03c0 	ret
    switch (ec)
    400025a8:	f0000020 	adrp	x0, 40009000 <__text_end>
    400025ac:	910f7000 	add	x0, x0, #0x3dc
    400025b0:	78735800 	ldrh	w0, [x0, w19, uxtw #1]
    400025b4:	10000061 	adr	x1, 400025c0 <exception_sync_handler+0x250>
    400025b8:	8b20a820 	add	x0, x1, w0, sxth #2
    400025bc:	d61f0000 	br	x0
        case 0x3CU: desc = "BRK"; break;
    400025c0:	f000003c 	adrp	x28, 40009000 <__text_end>
    400025c4:	91062380 	add	x0, x28, #0x188
    400025c8:	f90037e0 	str	x0, [sp, #104]
    400025cc:	17ffff7d 	b	400023c0 <exception_sync_handler+0x50>
        case 0x35U: desc = "Watchpoint (EL)"; break;
    400025d0:	f000003c 	adrp	x28, 40009000 <__text_end>
    400025d4:	9105e380 	add	x0, x28, #0x178
    400025d8:	f90037e0 	str	x0, [sp, #104]
    400025dc:	17ffff79 	b	400023c0 <exception_sync_handler+0x50>
        case 0x34U: desc = "Watchpoint (LL)"; break;
    400025e0:	f000003c 	adrp	x28, 40009000 <__text_end>
    400025e4:	9105a380 	add	x0, x28, #0x168
    400025e8:	f90037e0 	str	x0, [sp, #104]
    400025ec:	17ffff75 	b	400023c0 <exception_sync_handler+0x50>
        case 0x32U: desc = "Software Step"; break;
    400025f0:	f000003c 	adrp	x28, 40009000 <__text_end>
    400025f4:	91056380 	add	x0, x28, #0x158
    400025f8:	f90037e0 	str	x0, [sp, #104]
    400025fc:	17ffff71 	b	400023c0 <exception_sync_handler+0x50>
        case 0x31U: desc = "Breakpoint (EL)"; break;
    40002600:	f000003c 	adrp	x28, 40009000 <__text_end>
    40002604:	91052380 	add	x0, x28, #0x148
    40002608:	f90037e0 	str	x0, [sp, #104]
    4000260c:	17ffff6d 	b	400023c0 <exception_sync_handler+0x50>
        case 0x30U: desc = "Breakpoint (LL)"; break;
    40002610:	f000003c 	adrp	x28, 40009000 <__text_end>
    40002614:	9104e380 	add	x0, x28, #0x138
    40002618:	f90037e0 	str	x0, [sp, #104]
    4000261c:	17ffff69 	b	400023c0 <exception_sync_handler+0x50>
        case 0x2FU: desc = "SError"; break;
    40002620:	f000003c 	adrp	x28, 40009000 <__text_end>
    40002624:	9104c380 	add	x0, x28, #0x130
    40002628:	f90037e0 	str	x0, [sp, #104]
    4000262c:	17ffff65 	b	400023c0 <exception_sync_handler+0x50>
        case 0x2CU: desc = "Trapped FP"; break;
    40002630:	f000003c 	adrp	x28, 40009000 <__text_end>
    40002634:	91048380 	add	x0, x28, #0x120
    40002638:	f90037e0 	str	x0, [sp, #104]
    4000263c:	17ffff61 	b	400023c0 <exception_sync_handler+0x50>
        case 0x26U: desc = "SP Alignment"; break;
    40002640:	f000003c 	adrp	x28, 40009000 <__text_end>
    40002644:	91044380 	add	x0, x28, #0x110
    40002648:	f90037e0 	str	x0, [sp, #104]
    4000264c:	17ffff5d 	b	400023c0 <exception_sync_handler+0x50>
        case 0x25U: desc = "Data Abort (EL)"; break;
    40002650:	f000003c 	adrp	x28, 40009000 <__text_end>
    40002654:	91040380 	add	x0, x28, #0x100
    40002658:	f90037e0 	str	x0, [sp, #104]
    4000265c:	17ffff59 	b	400023c0 <exception_sync_handler+0x50>
        case 0x24U: desc = "Data Abort (LL)"; break;
    40002660:	f000003c 	adrp	x28, 40009000 <__text_end>
    40002664:	9103c380 	add	x0, x28, #0xf0
    40002668:	f90037e0 	str	x0, [sp, #104]
    4000266c:	17ffff55 	b	400023c0 <exception_sync_handler+0x50>
        case 0x22U: desc = "PC Alignment"; break;
    40002670:	f000003c 	adrp	x28, 40009000 <__text_end>
    40002674:	91038380 	add	x0, x28, #0xe0
    40002678:	f90037e0 	str	x0, [sp, #104]
    4000267c:	17ffff51 	b	400023c0 <exception_sync_handler+0x50>
        case 0x21U: desc = "Instruction Abort (EL)"; break;
    40002680:	f000003c 	adrp	x28, 40009000 <__text_end>
    40002684:	91032380 	add	x0, x28, #0xc8
    40002688:	f90037e0 	str	x0, [sp, #104]
    4000268c:	17ffff4d 	b	400023c0 <exception_sync_handler+0x50>
        case 0x20U: desc = "Instruction Abort (LL)"; break;
    40002690:	f000003c 	adrp	x28, 40009000 <__text_end>
    40002694:	9102c380 	add	x0, x28, #0xb0
    40002698:	f90037e0 	str	x0, [sp, #104]
    4000269c:	17ffff49 	b	400023c0 <exception_sync_handler+0x50>
        case 0x15U: desc = "SVC64"; break;
    400026a0:	f000003c 	adrp	x28, 40009000 <__text_end>
    400026a4:	9102a380 	add	x0, x28, #0xa8
    400026a8:	f90037e0 	str	x0, [sp, #104]
    400026ac:	17ffff45 	b	400023c0 <exception_sync_handler+0x50>
        case 0x11U: desc = "SVC32"; break;
    400026b0:	f000003c 	adrp	x28, 40009000 <__text_end>
    400026b4:	91028380 	add	x0, x28, #0xa0
    400026b8:	f90037e0 	str	x0, [sp, #104]
    400026bc:	17ffff41 	b	400023c0 <exception_sync_handler+0x50>
        case 0x0EU: desc = "Illegal Execution"; break;
    400026c0:	f000003c 	adrp	x28, 40009000 <__text_end>
    400026c4:	91022380 	add	x0, x28, #0x88
    400026c8:	f90037e0 	str	x0, [sp, #104]
    400026cc:	17ffff3d 	b	400023c0 <exception_sync_handler+0x50>
        case 0x08U: desc = "Trapped VMRS"; break;
    400026d0:	f000003c 	adrp	x28, 40009000 <__text_end>
    400026d4:	9101e380 	add	x0, x28, #0x78
    400026d8:	f90037e0 	str	x0, [sp, #104]
    400026dc:	17ffff39 	b	400023c0 <exception_sync_handler+0x50>
        case 0x07U: desc = "SVE/SIMD access"; break;
    400026e0:	f000003c 	adrp	x28, 40009000 <__text_end>
    400026e4:	9101a380 	add	x0, x28, #0x68
    400026e8:	f90037e0 	str	x0, [sp, #104]
    400026ec:	17ffff35 	b	400023c0 <exception_sync_handler+0x50>
        case 0x06U: desc = "Trapped LDC/STC"; break;
    400026f0:	f000003c 	adrp	x28, 40009000 <__text_end>
    400026f4:	91016380 	add	x0, x28, #0x58
    400026f8:	f90037e0 	str	x0, [sp, #104]
    400026fc:	17ffff31 	b	400023c0 <exception_sync_handler+0x50>
        case 0x05U: desc = "Trapped MCR/MRC2"; break;
    40002700:	f000003c 	adrp	x28, 40009000 <__text_end>
    40002704:	91010380 	add	x0, x28, #0x40
    40002708:	f90037e0 	str	x0, [sp, #104]
    4000270c:	17ffff2d 	b	400023c0 <exception_sync_handler+0x50>
        case 0x04U: desc = "Trapped MCRR/MRRC"; break;
    40002710:	f000003c 	adrp	x28, 40009000 <__text_end>
    40002714:	9100a380 	add	x0, x28, #0x28
    40002718:	f90037e0 	str	x0, [sp, #104]
    4000271c:	17ffff29 	b	400023c0 <exception_sync_handler+0x50>
        case 0x03U: desc = "Trapped MCR/MRC"; break;
    40002720:	f000003c 	adrp	x28, 40009000 <__text_end>
    40002724:	91006380 	add	x0, x28, #0x18
    40002728:	f90037e0 	str	x0, [sp, #104]
    4000272c:	17ffff25 	b	400023c0 <exception_sync_handler+0x50>
    switch (ec)
    40002730:	f000003c 	adrp	x28, 40009000 <__text_end>
    40002734:	91002380 	add	x0, x28, #0x8
    40002738:	f90037e0 	str	x0, [sp, #104]
    4000273c:	17ffff21 	b	400023c0 <exception_sync_handler+0x50>
        case 0x00U: desc = "Unknown"; break;
    40002740:	f000003c 	adrp	x28, 40009000 <__text_end>
    40002744:	91000380 	add	x0, x28, #0x0
    40002748:	f90037e0 	str	x0, [sp, #104]
    4000274c:	17ffff1d 	b	400023c0 <exception_sync_handler+0x50>

0000000040002750 <irq_handler>:
{
    40002750:	a9be7bfd 	stp	x29, x30, [sp, #-32]!
    40002754:	910003fd 	mov	x29, sp
    irq = gic_get_irq_id();
    40002758:	9400020e 	bl	40002f90 <gic_get_irq_id>
    if (irq >= GIC_SPURIOUS_IRQ)
    4000275c:	710ff81f 	cmp	w0, #0x3fe
    40002760:	54000228 	b.hi	400027a4 <irq_handler+0x54>  // b.pmore
    40002764:	f9000bf3 	str	x19, [sp, #16]
    40002768:	2a0003f3 	mov	w19, w0
    if (irq <= GIC_SGI_END)
    4000276c:	71003c1f 	cmp	w0, #0xf
    40002770:	54000109 	b.ls	40002790 <irq_handler+0x40>  // b.plast
    else if (irq == QEMU_TIMER_IRQ)
    40002774:	7100781f 	cmp	w0, #0x1e
    40002778:	540001a0 	b.eq	400027ac <irq_handler+0x5c>  // b.none
        interrupt_dispatch(irq);
    4000277c:	94001369 	bl	40007520 <interrupt_dispatch>
    gic_end_of_interrupt(irq);
    40002780:	2a1303e0 	mov	w0, w19
    40002784:	f9400bf3 	ldr	x19, [sp, #16]
}
    40002788:	a8c27bfd 	ldp	x29, x30, [sp], #32
    gic_end_of_interrupt(irq);
    4000278c:	14000209 	b	40002fb0 <gic_end_of_interrupt>
        ipi_handler(irq);
    40002790:	9400026c 	bl	40003140 <ipi_handler>
    gic_end_of_interrupt(irq);
    40002794:	2a1303e0 	mov	w0, w19
    40002798:	f9400bf3 	ldr	x19, [sp, #16]
}
    4000279c:	a8c27bfd 	ldp	x29, x30, [sp], #32
    gic_end_of_interrupt(irq);
    400027a0:	14000204 	b	40002fb0 <gic_end_of_interrupt>
}
    400027a4:	a8c27bfd 	ldp	x29, x30, [sp], #32
    400027a8:	d65f03c0 	ret
        timer_interrupt_handler();
    400027ac:	940006d5 	bl	40004300 <timer_interrupt_handler>
    gic_end_of_interrupt(irq);
    400027b0:	2a1303e0 	mov	w0, w19
    400027b4:	f9400bf3 	ldr	x19, [sp, #16]
}
    400027b8:	a8c27bfd 	ldp	x29, x30, [sp], #32
    gic_end_of_interrupt(irq);
    400027bc:	140001fd 	b	40002fb0 <gic_end_of_interrupt>

00000000400027c0 <el1_serror_handler>:
{
    400027c0:	a9bd7bfd 	stp	x29, x30, [sp, #-48]!
    400027c4:	910003fd 	mov	x29, sp
    400027c8:	a90153f3 	stp	x19, x20, [sp, #16]
    400027cc:	aa0203f3 	mov	x19, x2
    400027d0:	aa0103f4 	mov	x20, x1
    hal_uart_puts((uint64_t)QEMU_UART0_BASE, "\n[exception] === SError ===\n");
    400027d4:	f0000021 	adrp	x1, 40009000 <__text_end>
    400027d8:	91094021 	add	x1, x1, #0x250
{
    400027dc:	f90013f5 	str	x21, [sp, #32]
    400027e0:	aa0003f5 	mov	x21, x0
    hal_uart_puts((uint64_t)QEMU_UART0_BASE, "\n[exception] === SError ===\n");
    400027e4:	d2a12000 	mov	x0, #0x9000000             	// #150994944
    400027e8:	97fffe6e 	bl	400021a0 <hal_uart_puts>
    hal_uart_puts((uint64_t)QEMU_UART0_BASE, "[exception] ESR=0x");
    400027ec:	f0000021 	adrp	x1, 40009000 <__text_end>
    400027f0:	9107c021 	add	x1, x1, #0x1f0
    400027f4:	d2a12000 	mov	x0, #0x9000000             	// #150994944
    400027f8:	97fffe6a 	bl	400021a0 <hal_uart_puts>
    uart_print_hex((uint64_t)QEMU_UART0_BASE, esr);
    400027fc:	aa1503e0 	mov	x0, x21
    40002800:	97fffec8 	bl	40002320 <uart_print_hex.constprop.0>
    hal_uart_puts((uint64_t)QEMU_UART0_BASE, " FAR=0x");
    40002804:	f0000021 	adrp	x1, 40009000 <__text_end>
    40002808:	9109c021 	add	x1, x1, #0x270
    4000280c:	d2a12000 	mov	x0, #0x9000000             	// #150994944
    40002810:	97fffe64 	bl	400021a0 <hal_uart_puts>
    uart_print_hex((uint64_t)QEMU_UART0_BASE, far);
    40002814:	aa1403e0 	mov	x0, x20
    40002818:	97fffec2 	bl	40002320 <uart_print_hex.constprop.0>
    hal_uart_puts((uint64_t)QEMU_UART0_BASE, " ELR=0x");
    4000281c:	f0000021 	adrp	x1, 40009000 <__text_end>
    40002820:	9108c021 	add	x1, x1, #0x230
    40002824:	d2a12000 	mov	x0, #0x9000000             	// #150994944
    40002828:	97fffe5e 	bl	400021a0 <hal_uart_puts>
    uart_print_hex((uint64_t)QEMU_UART0_BASE, elr);
    4000282c:	aa1303e0 	mov	x0, x19
    40002830:	97fffebc 	bl	40002320 <uart_print_hex.constprop.0>
    hal_uart_puts((uint64_t)QEMU_UART0_BASE, "\n");
    40002834:	f0000021 	adrp	x1, 40009000 <__text_end>
    40002838:	d2a12000 	mov	x0, #0x9000000             	// #150994944
    4000283c:	91084021 	add	x1, x1, #0x210
    40002840:	97fffe58 	bl	400021a0 <hal_uart_puts>
        __asm__ volatile("wfe" ::: "memory");
    40002844:	d503205f 	wfe
    40002848:	d503205f 	wfe
    for (;;)
    4000284c:	17fffffe 	b	40002844 <el1_serror_handler+0x84>

0000000040002850 <kernel_main>:
 */

#endif /* CONFIG_DEBUG */

void kernel_main(void)
{
    40002850:	a9bf7bfd 	stp	x29, x30, [sp, #-16]!
    uint64_t stack_start;
    uint64_t stack_end;
    kernel_status_t ret;

    /* ---- 第一步：初始化 UART 早期输出 ---- */
    hal_uart_init((uint64_t)QEMU_UART0_BASE);
    40002854:	d2a12000 	mov	x0, #0x9000000             	// #150994944
{
    40002858:	910003fd 	mov	x29, sp
    hal_uart_init((uint64_t)QEMU_UART0_BASE);
    4000285c:	97fffe3d 	bl	40002150 <hal_uart_init>
    hal_uart_puts((uint64_t)QEMU_UART0_BASE, g_banner);
    40002860:	d2a12000 	mov	x0, #0x9000000             	// #150994944
    40002864:	f0000021 	adrp	x1, 40009000 <__text_end>
    40002868:	9111c021 	add	x1, x1, #0x470
    4000286c:	97fffe4d 	bl	400021a0 <hal_uart_puts>

    /* ---- 第二步：启用 MMU（双地址空间 TTBR0/TTBR1） ---- */
    hal_uart_puts((uint64_t)QEMU_UART0_BASE, "[k] MMU...\n");
    40002870:	f0000021 	adrp	x1, 40009000 <__text_end>
    40002874:	9109e021 	add	x1, x1, #0x278
    40002878:	d2a12000 	mov	x0, #0x9000000             	// #150994944
    4000287c:	97fffe49 	bl	400021a0 <hal_uart_puts>
    mmu_early_init();
    40002880:	94000064 	bl	40002a10 <mmu_early_init>
    hal_uart_puts((uint64_t)QEMU_UART0_BASE, "[k] MMU ok\n");
    40002884:	d2a12000 	mov	x0, #0x9000000             	// #150994944
    40002888:	f0000021 	adrp	x1, 40009000 <__text_end>
    4000288c:	910a2021 	add	x1, x1, #0x288
    40002890:	97fffe44 	bl	400021a0 <hal_uart_puts>
    (void)stack_start;
    (void)stack_end;
#endif /* CONFIG_DEBUG_VERBOSE */

    /* ---- 第五步：初始化 GIC 中断控制器 ---- */
    hal_uart_puts((uint64_t)QEMU_UART0_BASE, "[k] GIC init\n");
    40002894:	f0000021 	adrp	x1, 40009000 <__text_end>
    40002898:	910a6021 	add	x1, x1, #0x298
    4000289c:	d2a12000 	mov	x0, #0x9000000             	// #150994944
    400028a0:	97fffe40 	bl	400021a0 <hal_uart_puts>
    ret = gic_init();
    400028a4:	94000127 	bl	40002d40 <gic_init>
    if (ret != KERNEL_OK)
    400028a8:	34000100 	cbz	w0, 400028c8 <kernel_main+0x78>
    {
        hal_uart_puts((uint64_t)QEMU_UART0_BASE, "[k] FATAL: GIC fail\n");
    400028ac:	f0000021 	adrp	x1, 40009000 <__text_end>
    400028b0:	d2a12000 	mov	x0, #0x9000000             	// #150994944
    400028b4:	910aa021 	add	x1, x1, #0x2a8
    400028b8:	97fffe3a 	bl	400021a0 <hal_uart_puts>
        for (;;)
        {
            __asm__ volatile("wfe" ::: "memory");
    400028bc:	d503205f 	wfe
    400028c0:	d503205f 	wfe
        for (;;)
    400028c4:	17fffffe 	b	400028bc <kernel_main+0x6c>
        }
    }

    /* ---- 第六步：初始化定时器 ---- */
    hal_uart_puts((uint64_t)QEMU_UART0_BASE, "[k] Timer init\n");
    400028c8:	f0000021 	adrp	x1, 40009000 <__text_end>
    400028cc:	910b0021 	add	x1, x1, #0x2c0
    400028d0:	d2a12000 	mov	x0, #0x9000000             	// #150994944
    400028d4:	97fffe33 	bl	400021a0 <hal_uart_puts>
    timer_init();
    400028d8:	94000666 	bl	40004270 <timer_init>

    /* 配置定时器 PPI 中断（IRQ 30）的优先级和路由 */
    (void)gic_set_priority(QEMU_TIMER_IRQ, (uint8_t)0xA0U);
    400028dc:	12800be1 	mov	w1, #0xffffffa0            	// #-96
    400028e0:	528003c0 	mov	w0, #0x1e                  	// #30
    400028e4:	9400018f 	bl	40002f20 <gic_set_priority>
    /* 注意：PPI 路由为当前 CPU，不需要设置 ITARGETSR */
    /* 使能定时器 PPI 中断（IRQ 30） */
    (void)gic_enable_irq(QEMU_TIMER_IRQ);
    400028e8:	528003c0 	mov	w0, #0x1e                  	// #30
    400028ec:	9400017d 	bl	40002ee0 <gic_enable_irq>

    /* ---- 第七步：初始化调度器 ---- */
    hal_uart_puts((uint64_t)QEMU_UART0_BASE, "[k] Sched init\n");
    400028f0:	f0000021 	adrp	x1, 40009000 <__text_end>
    400028f4:	910b4021 	add	x1, x1, #0x2d0
    400028f8:	d2a12000 	mov	x0, #0x9000000             	// #150994944
    400028fc:	97fffe29 	bl	400021a0 <hal_uart_puts>
    ret = scheduler_init();
    40002900:	940003a4 	bl	40003790 <scheduler_init>
    if (ret != KERNEL_OK)
    40002904:	34000100 	cbz	w0, 40002924 <kernel_main+0xd4>
    {
        hal_uart_puts((uint64_t)QEMU_UART0_BASE, "[k] FATAL: sched fail\n");
    40002908:	f0000021 	adrp	x1, 40009000 <__text_end>
    4000290c:	d2a12000 	mov	x0, #0x9000000             	// #150994944
    40002910:	910b8021 	add	x1, x1, #0x2e0
    40002914:	97fffe23 	bl	400021a0 <hal_uart_puts>
        for (;;)
        {
            __asm__ volatile("wfe" ::: "memory");
    40002918:	d503205f 	wfe
    4000291c:	d503205f 	wfe
        for (;;)
    40002920:	17fffffe 	b	40002918 <kernel_main+0xc8>
        }
    }

    /* ---- 第八步：初始化 SMP 多核 ---- */
    hal_uart_puts((uint64_t)QEMU_UART0_BASE, "[k] SMP init\n");
    40002924:	d2a12000 	mov	x0, #0x9000000             	// #150994944
    40002928:	f0000021 	adrp	x1, 40009000 <__text_end>
    4000292c:	910be021 	add	x1, x1, #0x2f8
    40002930:	97fffe1c 	bl	400021a0 <hal_uart_puts>

    /* ---- 驱动框架初始化 ---- */
    hal_uart_puts((uint64_t)QEMU_UART0_BASE, "[k] Driver framework init\n");
    40002934:	f0000021 	adrp	x1, 40009000 <__text_end>
    40002938:	910c2021 	add	x1, x1, #0x308
    4000293c:	d2a12000 	mov	x0, #0x9000000             	// #150994944
    40002940:	97fffe18 	bl	400021a0 <hal_uart_puts>
    ret = driver_subsys_init();
    40002944:	94001497 	bl	40007ba0 <driver_subsys_init>
    if (ret != KERNEL_OK)
    40002948:	35000540 	cbnz	w0, 400029f0 <kernel_main+0x1a0>
    /* ---- 注册内建驱动 ---- */
    {
        extern kernel_status_t drv_uart_register(void);
        extern kernel_status_t drv_virtio_blk_register(void);

        (void)drv_uart_register();
    4000294c:	94001679 	bl	40008330 <drv_uart_register>
        (void)drv_virtio_blk_register();
    40002950:	940018d4 	bl	40008ca0 <drv_virtio_blk_register>

        /* 注册 QEMU 平台设备 */
        /* PL011 UART @ 0x09000000, IRQ 33 */
        (void)device_register("pl011", DRIVER_TYPE_UART,
    40002954:	d2800005 	mov	x5, #0x0                   	// #0
    40002958:	52800424 	mov	w4, #0x21                  	// #33
    4000295c:	d2820003 	mov	x3, #0x1000                	// #4096
    40002960:	d2a12002 	mov	x2, #0x9000000             	// #150994944
    40002964:	52800001 	mov	w1, #0x0                   	// #0
    40002968:	f0000020 	adrp	x0, 40009000 <__text_end>
    4000296c:	910d2000 	add	x0, x0, #0x348
    40002970:	94001538 	bl	40007e50 <device_register>
                              (paddr_t)QEMU_UART0_BASE, 0x1000ULL, 33U, NULL);

        /* VirtIO Block MMIO @ 0x0A003E00, IRQ 79 (slot=31) */
        (void)device_register("virtio,blk", DRIVER_TYPE_BLOCK,
    40002974:	d287c002 	mov	x2, #0x3e00                	// #15872
    40002978:	d2800005 	mov	x5, #0x0                   	// #0
    4000297c:	f2a14002 	movk	x2, #0xa00, lsl #16
    40002980:	528009e4 	mov	w4, #0x4f                  	// #79
    40002984:	d2804003 	mov	x3, #0x200                 	// #512
    40002988:	52800021 	mov	w1, #0x1                   	// #1
    4000298c:	f0000020 	adrp	x0, 40009000 <__text_end>
    40002990:	910d4000 	add	x0, x0, #0x350
    40002994:	9400152f 	bl	40007e50 <device_register>
                              (paddr_t)0x0A003E00ULL, 0x200ULL, 79U, NULL);

        /* 执行设备探测 */
        (void)device_probe_all();
    40002998:	94001592 	bl	40007fe0 <device_probe_all>
            hal_uart_putc((uint64_t)QEMU_UART0_BASE, '\n');
        }
    }
#endif /* CONFIG_DEBUG - BLK test */

    ret = smp_init();
    4000299c:	9400026d 	bl	40003350 <smp_init>
    if (ret != KERNEL_OK)
    400029a0:	350001e0 	cbnz	w0, 400029dc <kernel_main+0x18c>
    {
        hal_uart_puts((uint64_t)QEMU_UART0_BASE, "[k] WARN: SMP fail\n");
    }

    ret = smp_boot_secondary();
    400029a4:	94000297 	bl	40003400 <smp_boot_secondary>
        uint32_t online = smp_get_online_count();
        hal_uart_puts((uint64_t)QEMU_UART0_BASE, "[k] Online CPUs: 0x");
        uart_print_hex((uint64_t)QEMU_UART0_BASE, (uint64_t)online);
        hal_uart_puts((uint64_t)QEMU_UART0_BASE, "\n");
#else
        (void)smp_get_online_count();
    400029a8:	94000316 	bl	40003600 <smp_get_online_count>
#endif
    }

    /* 初始化 SMP 调度器（负载均衡） */
    ret = smp_sched_init();
    400029ac:	94000769 	bl	40004750 <smp_sched_init>
    if (ret != KERNEL_OK)
    400029b0:	350000c0 	cbnz	w0, 400029c8 <kernel_main+0x178>
    {
        hal_uart_puts((uint64_t)QEMU_UART0_BASE, "[k] WARN: smp_sched fail\n");
    }

    hal_uart_puts((uint64_t)QEMU_UART0_BASE, "[k] All inited\n");
    400029b4:	f0000021 	adrp	x1, 40009000 <__text_end>
    400029b8:	910e6021 	add	x1, x1, #0x398
    400029bc:	d2a12000 	mov	x0, #0x9000000             	// #150994944
    400029c0:	97fffdf8 	bl	400021a0 <hal_uart_puts>
    /* ---- 第十步：启动调度器（永不返回） ---- */
    hal_uart_puts((uint64_t)QEMU_UART0_BASE, "[k] Start sched\n");
#else
    /* 生产模式：直接启动调度器 */
#endif /* CONFIG_DEBUG */
    scheduler_start();
    400029c4:	940004db 	bl	40003d30 <scheduler_start>
        hal_uart_puts((uint64_t)QEMU_UART0_BASE, "[k] WARN: smp_sched fail\n");
    400029c8:	f0000021 	adrp	x1, 40009000 <__text_end>
    400029cc:	d2a12000 	mov	x0, #0x9000000             	// #150994944
    400029d0:	910de021 	add	x1, x1, #0x378
    400029d4:	97fffdf3 	bl	400021a0 <hal_uart_puts>
    400029d8:	17fffff7 	b	400029b4 <kernel_main+0x164>
        hal_uart_puts((uint64_t)QEMU_UART0_BASE, "[k] WARN: SMP fail\n");
    400029dc:	f0000021 	adrp	x1, 40009000 <__text_end>
    400029e0:	d2a12000 	mov	x0, #0x9000000             	// #150994944
    400029e4:	910d8021 	add	x1, x1, #0x360
    400029e8:	97fffdee 	bl	400021a0 <hal_uart_puts>
    400029ec:	17ffffee 	b	400029a4 <kernel_main+0x154>
        hal_uart_puts((uint64_t)QEMU_UART0_BASE, "[k] WARN: driver subsys fail\n");
    400029f0:	f0000021 	adrp	x1, 40009000 <__text_end>
    400029f4:	d2a12000 	mov	x0, #0x9000000             	// #150994944
    400029f8:	910ca021 	add	x1, x1, #0x328
    400029fc:	97fffde9 	bl	400021a0 <hal_uart_puts>
    40002a00:	17ffffd3 	b	4000294c <kernel_main+0xfc>
	...

0000000040002a10 <mmu_early_init>:
 * @param table 页表基地址
 */
static void clear_table(volatile uint64_t *table)
{
    uint32_t i;
    for (i = 0U; i < 512U; i++)
    40002a10:	90000085 	adrp	x5, 40012000 <s_pgd_ttbr0>
    40002a14:	910000a0 	add	x0, x5, #0x0
    40002a18:	91400401 	add	x1, x0, #0x1, lsl #12
    40002a1c:	d503201f 	nop
    {
        table[i] = 0ULL;
    40002a20:	f800841f 	str	xzr, [x0], #8
    for (i = 0U; i < 512U; i++)
    40002a24:	eb01001f 	cmp	x0, x1
    40002a28:	54ffffc1 	b.ne	40002a20 <mmu_early_init+0x10>  // b.any
    40002a2c:	f0000066 	adrp	x6, 40011000 <s_pud_ttbr0>
    40002a30:	910000c0 	add	x0, x6, #0x0
    40002a34:	91400401 	add	x1, x0, #0x1, lsl #12
        table[i] = 0ULL;
    40002a38:	f800841f 	str	xzr, [x0], #8
    for (i = 0U; i < 512U; i++)
    40002a3c:	eb01001f 	cmp	x0, x1
    40002a40:	54ffffc1 	b.ne	40002a38 <mmu_early_init+0x28>  // b.any
    40002a44:	90000067 	adrp	x7, 4000e000 <s_pgd_ttbr1>
    40002a48:	910000e0 	add	x0, x7, #0x0
    40002a4c:	91400401 	add	x1, x0, #0x1, lsl #12
        table[i] = 0ULL;
    40002a50:	f800841f 	str	xzr, [x0], #8
    for (i = 0U; i < 512U; i++)
    40002a54:	eb01001f 	cmp	x0, x1
    40002a58:	54ffffc1 	b.ne	40002a50 <mmu_early_init+0x40>  // b.any
    40002a5c:	f0000048 	adrp	x8, 4000d000 <s_pud_ttbr1>
    40002a60:	91000100 	add	x0, x8, #0x0
    40002a64:	91400401 	add	x1, x0, #0x1, lsl #12
        table[i] = 0ULL;
    40002a68:	f800841f 	str	xzr, [x0], #8
    for (i = 0U; i < 512U; i++)
    40002a6c:	eb01001f 	cmp	x0, x1
    40002a70:	54ffffc1 	b.ne	40002a68 <mmu_early_init+0x58>  // b.any
    40002a74:	d0000040 	adrp	x0, 4000c000 <s_pgd_ttbr0_empty>
    40002a78:	91000000 	add	x0, x0, #0x0
    40002a7c:	91400401 	add	x1, x0, #0x1, lsl #12
        table[i] = 0ULL;
    40002a80:	f800841f 	str	xzr, [x0], #8
    for (i = 0U; i < 512U; i++)
    40002a84:	eb01001f 	cmp	x0, x1
    40002a88:	54ffffc1 	b.ne	40002a80 <mmu_early_init+0x70>  // b.any
    40002a8c:	d000006b 	adrp	x11, 40010000 <s_pmd_kernel>
    40002a90:	91000160 	add	x0, x11, #0x0
    40002a94:	91400402 	add	x2, x0, #0x1, lsl #12
        table[i] = 0ULL;
    40002a98:	f800841f 	str	xzr, [x0], #8
    for (i = 0U; i < 512U; i++)
    40002a9c:	eb02001f 	cmp	x0, x2
    40002aa0:	54ffffc1 	b.ne	40002a98 <mmu_early_init+0x88>  // b.any
    40002aa4:	b000006a 	adrp	x10, 4000f000 <s_pte_kernel>
    40002aa8:	91000144 	add	x4, x10, #0x0
    40002aac:	91400481 	add	x1, x4, #0x1, lsl #12
    40002ab0:	aa0403e0 	mov	x0, x4
    40002ab4:	d503201f 	nop
        table[i] = 0ULL;
    40002ab8:	f800841f 	str	xzr, [x0], #8
    for (i = 0U; i < 512U; i++)
    40002abc:	eb01001f 	cmp	x0, x1
    40002ac0:	54ffffc1 	b.ne	40002ab8 <mmu_early_init+0xa8>  // b.any
    }

    /* 从链接符号 __rodata_end 计算 rodata/data 分界 PTE 索引 */
    rodata_end_addr = (uint64_t)(uintptr_t)__rodata_end;
    ro_end_idx = (uint32_t)((rodata_end_addr - pmd0_base
                             + PAGE_SIZE_4KB - 1ULL) / PAGE_SIZE_4KB);
    40002ac4:	9000004e 	adrp	x14, 4000a000 <__dtb_ptr>
    40002ac8:	f9404dce 	ldr	x14, [x14, #152]
    40002acc:	b262b7e1 	mov	x1, #0xffffffffc0000fff    	// #-1073737729
                               + PAGE_SIZE_4KB - 1ULL) / PAGE_SIZE_4KB);
    40002ad0:	90000040 	adrp	x0, 4000a000 <__dtb_ptr>
    40002ad4:	f9405000 	ldr	x0, [x0, #160]
                             + PAGE_SIZE_4KB - 1ULL) / PAGE_SIZE_4KB);
    40002ad8:	8b0101ce 	add	x14, x14, x1

    /* 防御性边界检查: rodata_end 不应超出 PTE 表覆盖范围 */
    if (ro_end_idx > 512U)
    40002adc:	52804003 	mov	w3, #0x200                 	// #512
    pte_paddr = (uint64_t)(uintptr_t)&s_pte_kernel[0U];
    40002ae0:	9100014d 	add	x13, x10, #0x0
                               + PAGE_SIZE_4KB - 1ULL) / PAGE_SIZE_4KB);
    40002ae4:	8b010000 	add	x0, x0, x1
                             + PAGE_SIZE_4KB - 1ULL) / PAGE_SIZE_4KB);
    40002ae8:	d34cfdce 	lsr	x14, x14, #12
    if (ro_end_idx > 512U)
    40002aec:	6b0301df 	cmp	w14, w3
                               + PAGE_SIZE_4KB - 1ULL) / PAGE_SIZE_4KB);
    40002af0:	d34cfc00 	lsr	x0, x0, #12
    if (ro_end_idx > 512U)
    40002af4:	1a8391c1 	csel	w1, w14, w3, ls	// ls = plast
    if (text_end_idx > 512U)
    40002af8:	6b03001f 	cmp	w0, w3
    40002afc:	1a839000 	csel	w0, w0, w3, ls	// ls = plast
    {
        ro_end_idx = 512U;
    }

    /* 确保 text_end_idx <= ro_end_idx */
    if (text_end_idx > ro_end_idx)
    40002b00:	6b01001f 	cmp	w0, w1
    40002b04:	1a819000 	csel	w0, w0, w1, ls	// ls = plast
    }

    /* 段1: PTE[0..text_end_idx-1] = 4KB Normal RX（.text.boot + .text）
     * 权限: AP=USER_RO (EL0+EL1 只读), PXN=0, UXN=0 → EL0+EL1 可执行
     * EL0 用户态线程需要执行内核 .text 中的代码（trampoline + user test） */
    for (i = 0U; i < text_end_idx; i++)
    40002b08:	34000160 	cbz	w0, 40002b34 <mmu_early_init+0x124>
    40002b0c:	1141000c 	add	w12, w0, #0x40, lsl #12
    40002b10:	d2a80003 	mov	x3, #0x40000000            	// #1073741824
         | (paddr & ~(PAGE_SIZE_4KB - 1ULL));
    40002b14:	d280f86f 	mov	x15, #0x7c3                 	// #1987
    40002b18:	d374cd8c 	lsl	x12, x12, #12
    40002b1c:	d503201f 	nop
    40002b20:	aa0f0069 	orr	x9, x3, x15
    for (i = 0U; i < text_end_idx; i++)
    40002b24:	91400463 	add	x3, x3, #0x1, lsl #12
    {
        uint64_t paddr = pmd0_base + (uint64_t)i * PAGE_SIZE_4KB;
        s_pte_kernel[i] = make_pte_desc(paddr, PTE_ATTR_NORMAL,
    40002b28:	f8008489 	str	x9, [x4], #8
    for (i = 0U; i < text_end_idx; i++)
    40002b2c:	eb0c007f 	cmp	x3, x12
    40002b30:	54ffff81 	b.ne	40002b20 <mmu_early_init+0x110>  // b.any
    }

    /* 段2: PTE[text_end_idx..ro_end_idx-1] = 4KB Normal R--（.rodata）
     * 权限: AP=USER_RO (EL0+EL1 只读), PXN=1, UXN=1 → 不可执行
     * EL0 用户态线程需要读取 .rodata 中的字符串常量 */
    for (i = text_end_idx; i < ro_end_idx; i++)
    40002b34:	6b00003f 	cmp	w1, w0
    40002b38:	54000189 	b.ls	40002b68 <mmu_early_init+0x158>  // b.plast
         | (paddr & ~(PAGE_SIZE_4KB - 1ULL));
    40002b3c:	d280f864 	mov	x4, #0x7c3                 	// #1987
    40002b40:	2a0003e0 	mov	w0, w0
    {
        uint64_t paddr = pmd0_base + (uint64_t)i * PAGE_SIZE_4KB;
        s_pte_kernel[i] = make_pte_desc(paddr, PTE_ATTR_NORMAL,
    40002b44:	9100014c 	add	x12, x10, #0x0
        uint64_t paddr = pmd0_base + (uint64_t)i * PAGE_SIZE_4KB;
    40002b48:	d2a80009 	mov	x9, #0x40000000            	// #1073741824
         | (paddr & ~(PAGE_SIZE_4KB - 1ULL));
    40002b4c:	f2e00c04 	movk	x4, #0x60, lsl #48
        uint64_t paddr = pmd0_base + (uint64_t)i * PAGE_SIZE_4KB;
    40002b50:	8b003123 	add	x3, x9, x0, lsl #12
         | (paddr & ~(PAGE_SIZE_4KB - 1ULL));
    40002b54:	aa040063 	orr	x3, x3, x4
        s_pte_kernel[i] = make_pte_desc(paddr, PTE_ATTR_NORMAL,
    40002b58:	f8207983 	str	x3, [x12, x0, lsl #3]
    for (i = text_end_idx; i < ro_end_idx; i++)
    40002b5c:	91000400 	add	x0, x0, #0x1
    40002b60:	6b00003f 	cmp	w1, w0
    40002b64:	54ffff68 	b.hi	40002b50 <mmu_early_init+0x140>  // b.pmore
                                         PTE_AP_USER_RO | PTE_PXN | PTE_UXN);
    }

    /* 段3: PTE[ro_end_idx..511] = 4KB Normal RW-（.data + .bss + percpu + stacks + heap）
     * 权限: AP=RW, PXN=1, UXN=1 → EL1 读写不可执行 */
    for (i = ro_end_idx; i < 512U; i++)
    40002b68:	7107fddf 	cmp	w14, #0x1ff
    40002b6c:	540001a8 	b.hi	40002ba0 <mmu_early_init+0x190>  // b.pmore
         | (paddr & ~(PAGE_SIZE_4KB - 1ULL));
    40002b70:	d280e064 	mov	x4, #0x703                 	// #1795
    40002b74:	2a0103e0 	mov	w0, w1
    {
        uint64_t paddr = pmd0_base + (uint64_t)i * PAGE_SIZE_4KB;
        s_pte_kernel[i] = make_pte_desc(paddr, PTE_ATTR_NORMAL,
    40002b78:	91000143 	add	x3, x10, #0x0
        uint64_t paddr = pmd0_base + (uint64_t)i * PAGE_SIZE_4KB;
    40002b7c:	d2a80009 	mov	x9, #0x40000000            	// #1073741824
         | (paddr & ~(PAGE_SIZE_4KB - 1ULL));
    40002b80:	f2e00c04 	movk	x4, #0x60, lsl #48
    40002b84:	d503201f 	nop
        uint64_t paddr = pmd0_base + (uint64_t)i * PAGE_SIZE_4KB;
    40002b88:	8b003121 	add	x1, x9, x0, lsl #12
         | (paddr & ~(PAGE_SIZE_4KB - 1ULL));
    40002b8c:	aa040021 	orr	x1, x1, x4
        s_pte_kernel[i] = make_pte_desc(paddr, PTE_ATTR_NORMAL,
    40002b90:	f8207861 	str	x1, [x3, x0, lsl #3]
    for (i = ro_end_idx; i < 512U; i++)
    40002b94:	91000400 	add	x0, x0, #0x1
    40002b98:	7108001f 	cmp	w0, #0x200
    40002b9c:	54ffff61 	b.ne	40002b88 <mmu_early_init+0x178>  // b.any
                                         PTE_AP_RW | PTE_PXN | PTE_UXN);
    }

    /* ---- 第3步: 构建 PMD 表（2MB 粒度） ---- */
    pmd_paddr = (uint64_t)(uintptr_t)&s_pmd_kernel[0U];
    40002ba0:	d0000060 	adrp	x0, 40010000 <s_pmd_kernel>
         | (paddr & ~(BLOCK_SIZE_2MB - 1ULL));
    40002ba4:	d280e024 	mov	x4, #0x701                 	// #1793
    pmd_paddr = (uint64_t)(uintptr_t)&s_pmd_kernel[0U];
    40002ba8:	91000169 	add	x9, x11, #0x0
    return PTE_VALID | PTE_TABLE_BIT | (next_table & ~0xFFFULL);
    40002bac:	91002000 	add	x0, x0, #0x8
    40002bb0:	b24005ad 	orr	x13, x13, #0x3

    /* PMD[0] → PTE 表（0x40000000-0x401FFFFF, 4KB 精细映射） */
    s_pmd_kernel[0U] = make_table_desc(pte_paddr);
    40002bb4:	d2a80401 	mov	x1, #0x40200000            	// #1075838976
    40002bb8:	f900016d 	str	x13, [x11]
         | (paddr & ~(BLOCK_SIZE_2MB - 1ULL));
    40002bbc:	f2e00c04 	movk	x4, #0x60, lsl #48
    40002bc0:	aa040023 	orr	x3, x1, x4

    /* PMD[1..511] = 2MB Normal RW- Block（0x40200000-0x7FFFFFFF, 空闲 RAM） */
    for (i = 1U; i < 512U; i++)
    {
        uint64_t blk_addr = 0x40000000ULL + (uint64_t)i * BLOCK_SIZE_2MB;
        s_pmd_kernel[i] = make_block2m_desc(blk_addr, PTE_ATTR_NORMAL,
    40002bc4:	f8008403 	str	x3, [x0], #8
    for (i = 1U; i < 512U; i++)
    40002bc8:	91480021 	add	x1, x1, #0x200, lsl #12
    40002bcc:	eb02001f 	cmp	x0, x2
    40002bd0:	54ffff81 	b.ne	40002bc0 <mmu_early_init+0x1b0>  // b.any
    return PTE_VALID | PTE_TABLE_BIT | (next_table & ~0xFFFULL);
    40002bd4:	9100010b 	add	x11, x8, #0x0

    /* ---- 第6步: 构建 TTBR1 页表（高地址镜像，1GB block） ---- */
    pgd1_paddr = (uint64_t)(uintptr_t)&s_pgd_ttbr1[0U];
    pud1_paddr = (uint64_t)(uintptr_t)&s_pud_ttbr1[0U];

    s_pgd_ttbr1[0U] = make_table_desc(pud1_paddr);
    40002bd8:	910000e1 	add	x1, x7, #0x0
    s_pud_ttbr0[0U] = make_block1g_desc(0x00000000ULL, PTE_ATTR_DEVICE,
    40002bdc:	910000ca 	add	x10, x6, #0x0
    s_pgd_ttbr0[0U] = make_table_desc(pud0_paddr);
    40002be0:	910000a2 	add	x2, x5, #0x0
    s_pgd_ttbr1[1U] = make_table_desc(pud1_paddr);

    /* TTBR1 PUD[0]: 1GB Normal RW- (物理内存 0x00000000-0x3FFFFFFF) */
    s_pud_ttbr1[0U] = make_block1g_desc(0x00000000ULL, PTE_ATTR_NORMAL,
    40002be4:	f9000104 	str	x4, [x8]
    return PTE_VALID | PTE_TABLE_BIT | (next_table & ~0xFFFULL);
    40002be8:	b2400564 	orr	x4, x11, #0x3
    s_pgd_ttbr1[0U] = make_table_desc(pud1_paddr);
    40002bec:	f90000e4 	str	x4, [x7]
    s_pud_ttbr0[0U] = make_block1g_desc(0x00000000ULL, PTE_ATTR_DEVICE,
    40002bf0:	d280e0a7 	mov	x7, #0x705                 	// #1797
    return PTE_VALID | PTE_TABLE_BIT | (next_table & ~0xFFFULL);
    40002bf4:	b2400520 	orr	x0, x9, #0x3
    40002bf8:	b2400543 	orr	x3, x10, #0x3
    s_pud_ttbr0[0U] = make_block1g_desc(0x00000000ULL, PTE_ATTR_DEVICE,
    40002bfc:	f2e00c07 	movk	x7, #0x60, lsl #48
    s_pgd_ttbr0[0U] = make_table_desc(pud0_paddr);
    40002c00:	f90000a3 	str	x3, [x5]
    s_pud_ttbr0[0U] = make_block1g_desc(0x00000000ULL, PTE_ATTR_DEVICE,
    40002c04:	f90000c7 	str	x7, [x6]
        s_pud_ttbr1[1U] = make_table_desc(pmd_paddr);
    }

    /* ---- 第7步: 设置 MAIR_EL1 ---- */
    mair_val = (MAIR_DEVICE << 8U) | MAIR_NORMAL;
    __asm__ volatile("msr mair_el1, %0" :: "r"(mair_val));
    40002c08:	d2801fe5 	mov	x5, #0xff                  	// #255
    s_pgd_ttbr1[1U] = make_table_desc(pud1_paddr);
    40002c0c:	f9000424 	str	x4, [x1, #8]
    s_pgd_ttbr0[1U] = make_table_desc(pud0_paddr);
    40002c10:	f9000443 	str	x3, [x2, #8]
    s_pud_ttbr0[1U] = make_table_desc(pmd_paddr);
    40002c14:	f9000540 	str	x0, [x10, #8]
        s_pud_ttbr1[1U] = make_table_desc(pmd_paddr);
    40002c18:	f9000560 	str	x0, [x11, #8]
    __asm__ volatile("msr mair_el1, %0" :: "r"(mair_val));
    40002c1c:	d518a205 	msr	mair_el1, x5
    __asm__ volatile("isb");
    40002c20:	d5033fdf 	isb
            | TCR_SH0_INNER
            | TCR_SH1_INNER
            | TCR_ASID_8
            | TCR_IPS_4TB;

    __asm__ volatile("msr tcr_el1, %0" :: "r"(tcr_val));
    40002c24:	d286a200 	mov	x0, #0x3510                	// #13584
    40002c28:	f2b6a200 	movk	x0, #0xb510, lsl #16
    40002c2c:	f2c00040 	movk	x0, #0x2, lsl #32
    40002c30:	d5182040 	msr	tcr_el1, x0
    __asm__ volatile("isb");
    40002c34:	d5033fdf 	isb

    /* ---- 第9步: 设置 TTBR0_EL1 和 TTBR1_EL1 ---- */
    __asm__ volatile("msr ttbr0_el1, %0" :: "r"(pgd0_paddr));
    40002c38:	d5182002 	msr	ttbr0_el1, x2
    __asm__ volatile("isb");
    40002c3c:	d5033fdf 	isb

    __asm__ volatile("msr ttbr1_el1, %0" :: "r"(pgd1_paddr));
    40002c40:	d5182021 	msr	ttbr1_el1, x1
    __asm__ volatile("isb");
    40002c44:	d5033fdf 	isb

    /* ---- 第10步: 刷新 TLB ---- */
    __asm__ volatile("tlbi vmalle1is");
    40002c48:	d508831f 	tlbi	vmalle1is
    __asm__ volatile("tlbi vmalle1");
    40002c4c:	d508871f 	tlbi	vmalle1
    __asm__ volatile("dsb ish");
    40002c50:	d5033b9f 	dsb	ish
    __asm__ volatile("isb");
    40002c54:	d5033fdf 	isb

    /* ---- 第11步: 启用 MMU (SCTLR_EL1.M = 1) ---- */
    __asm__ volatile("mrs %0, sctlr_el1" : "=r"(sctlr_val));
    40002c58:	d5381000 	mrs	x0, sctlr_el1
    sctlr_val |= (1ULL << 0U);
    40002c5c:	b2400000 	orr	x0, x0, #0x1
    __asm__ volatile("msr sctlr_el1, %0" :: "r"(sctlr_val));
    40002c60:	d5181000 	msr	sctlr_el1, x0
    __asm__ volatile("isb");
    40002c64:	d5033fdf 	isb
}
    40002c68:	d65f03c0 	ret
    40002c6c:	00000000 	udf	#0

0000000040002c70 <mmu_init_secondary>:
    uint64_t tcr_val;
    uint64_t sctlr_val;

    /* 设置 MAIR_EL1（与主核一致） */
    mair_val = (MAIR_DEVICE << 8U) | MAIR_NORMAL;
    __asm__ volatile("msr mair_el1, %0" :: "r"(mair_val));
    40002c70:	d2801fe0 	mov	x0, #0xff                  	// #255
    40002c74:	d518a200 	msr	mair_el1, x0
    __asm__ volatile("isb");
    40002c78:	d5033fdf 	isb
            | TCR_SH0_INNER
            | TCR_SH1_INNER
            | TCR_ASID_8
            | TCR_IPS_4TB;

    __asm__ volatile("msr tcr_el1, %0" :: "r"(tcr_val));
    40002c7c:	d286a200 	mov	x0, #0x3510                	// #13584
    40002c80:	f2b6a200 	movk	x0, #0xb510, lsl #16
    40002c84:	f2c00040 	movk	x0, #0x2, lsl #32
    40002c88:	d5182040 	msr	tcr_el1, x0
    __asm__ volatile("isb");
    40002c8c:	d5033fdf 	isb

    /* 加载 TTBR0/TTBR1（页表已由主核初始化） */
    pgd0_paddr = (uint64_t)(uintptr_t)&s_pgd_ttbr0[0U];
    pgd1_paddr = (uint64_t)(uintptr_t)&s_pgd_ttbr1[0U];

    __asm__ volatile("msr ttbr0_el1, %0" :: "r"(pgd0_paddr));
    40002c90:	90000080 	adrp	x0, 40012000 <s_pgd_ttbr0>
    40002c94:	91000000 	add	x0, x0, #0x0
    40002c98:	d5182000 	msr	ttbr0_el1, x0
    __asm__ volatile("isb");
    40002c9c:	d5033fdf 	isb

    __asm__ volatile("msr ttbr1_el1, %0" :: "r"(pgd1_paddr));
    40002ca0:	90000060 	adrp	x0, 4000e000 <s_pgd_ttbr1>
    40002ca4:	91000000 	add	x0, x0, #0x0
    40002ca8:	d5182020 	msr	ttbr1_el1, x0
    __asm__ volatile("isb");
    40002cac:	d5033fdf 	isb

    /* 刷新 TLB */
    __asm__ volatile("tlbi vmalle1is");
    40002cb0:	d508831f 	tlbi	vmalle1is
    __asm__ volatile("tlbi vmalle1");
    40002cb4:	d508871f 	tlbi	vmalle1
    __asm__ volatile("dsb ish");
    40002cb8:	d5033b9f 	dsb	ish
    __asm__ volatile("isb");
    40002cbc:	d5033fdf 	isb

    /* 启用 MMU */
    __asm__ volatile("mrs %0, sctlr_el1" : "=r"(sctlr_val));
    40002cc0:	d5381000 	mrs	x0, sctlr_el1
    sctlr_val |= (1ULL << 0U);
    40002cc4:	b2400000 	orr	x0, x0, #0x1
    __asm__ volatile("msr sctlr_el1, %0" :: "r"(sctlr_val));
    40002cc8:	d5181000 	msr	sctlr_el1, x0
    __asm__ volatile("isb");
    40002ccc:	d5033fdf 	isb
}
    40002cd0:	d65f03c0 	ret
	...

0000000040002ce0 <mmu_switch_to_user>:
 * @brief 切换到用户态地址空间
 * @param user_pgd_paddr 用户态 PGD 物理地址
 */
void mmu_switch_to_user(uint64_t user_pgd_paddr)
{
    s_asid_counter++;
    40002ce0:	b0000042 	adrp	x2, 4000b000 <s_asid_counter>
    if (s_asid_counter >= 65535U)
    40002ce4:	529fffc3 	mov	w3, #0xfffe                	// #65534
    s_asid_counter++;
    40002ce8:	b9400041 	ldr	w1, [x2]
    40002cec:	11000421 	add	w1, w1, #0x1
    if (s_asid_counter >= 65535U)
    40002cf0:	6b03003f 	cmp	w1, w3
    40002cf4:	1a9f9421 	csinc	w1, w1, wzr, ls	// ls = plast
    s_asid_counter++;
    40002cf8:	b9000041 	str	w1, [x2]
    {
        s_asid_counter = 1U;
    }

    __asm__ volatile("msr ttbr0_el1, %0" :: "r"(user_pgd_paddr));
    40002cfc:	d5182000 	msr	ttbr0_el1, x0
    __asm__ volatile("isb");
    40002d00:	d5033fdf 	isb
    __asm__ volatile("tlbi vmalle1is");
    40002d04:	d508831f 	tlbi	vmalle1is
    __asm__ volatile("dsb ish");
    40002d08:	d5033b9f 	dsb	ish
    __asm__ volatile("isb");
    40002d0c:	d5033fdf 	isb
}
    40002d10:	d65f03c0 	ret
	...

0000000040002d20 <mmu_switch_to_kernel>:
 * @brief 切回内核态地址空间
 */
void mmu_switch_to_kernel(void)
{
    uint64_t pgd0_paddr = (uint64_t)(uintptr_t)&s_pgd_ttbr0[0U];
    __asm__ volatile("msr ttbr0_el1, %0" :: "r"(pgd0_paddr));
    40002d20:	90000080 	adrp	x0, 40012000 <s_pgd_ttbr0>
    40002d24:	91000000 	add	x0, x0, #0x0
    40002d28:	d5182000 	msr	ttbr0_el1, x0
    __asm__ volatile("isb");
    40002d2c:	d5033fdf 	isb
    __asm__ volatile("tlbi vmalle1is");
    40002d30:	d508831f 	tlbi	vmalle1is
    __asm__ volatile("dsb ish");
    40002d34:	d5033b9f 	dsb	ish
    __asm__ volatile("isb");
    40002d38:	d5033fdf 	isb
}
    40002d3c:	d65f03c0 	ret

0000000040002d40 <gic_init>:
    uint32_t max_irq;
    uint32_t irq;
    uint32_t n;

    /* 保存基地址 */
    s_gicd_base = GICD_BASE_ADDR;
    40002d40:	b0000086 	adrp	x6, 40013000 <s_gicc_base>
    s_gicc_base = GICC_BASE_ADDR;
    40002d44:	b0000088 	adrp	x8, 40013000 <s_gicc_base>
    s_gicd_base = GICD_BASE_ADDR;
    40002d48:	d2a10000 	mov	x0, #0x8000000             	// #134217728
    s_gicc_base = GICC_BASE_ADDR;
    40002d4c:	d2a10021 	mov	x1, #0x8010000             	// #134283264
    s_gicd_base = GICD_BASE_ADDR;
    40002d50:	f90004c0 	str	x0, [x6, #8]
    s_gicc_base = GICC_BASE_ADDR;
    40002d54:	f9000101 	str	x1, [x8]

    /* 第一步：禁用 Distributor（确保干净的状态） */
    GICD_REG(GICD_CTLR) = 0U;
    40002d58:	b900001f 	str	wzr, [x0]
    barrier();
    40002d5c:	d5033fbf 	dmb	sy
    typer = GICD_REG(GICD_TYPER);
    40002d60:	f94004c1 	ldr	x1, [x6, #8]
     * 否则定时器 PPI 30 会产生 FIQ 而非 IRQ，导致 FIQ handler panic。
     * GICD_IGROUPR 每个 bit 控制 1 个中断，每位写 1 表示 Group 1。
     */
    for (n = 0U; n <= (max_irq / GICD_IRQS_PER_REG); n++)
    {
        GICD_REG(GICD_IGROUPR(n)) = 0xFFFFFFFFU;
    40002d64:	12800004 	mov	w4, #0xffffffff            	// #-1
    40002d68:	91021023 	add	x3, x1, #0x84
    40002d6c:	91020020 	add	x0, x1, #0x80
    typer = GICD_REG(GICD_TYPER);
    40002d70:	b9400422 	ldr	w2, [x1, #4]
    max_irq = ((it_lines + 1U) * GICD_IRQS_PER_REG) - 1U;
    40002d74:	531b1042 	ubfiz	w2, w2, #5, #5
    40002d78:	11007c45 	add	w5, w2, #0x1f
    for (n = 0U; n <= (max_irq / GICD_IRQS_PER_REG); n++)
    40002d7c:	53057c41 	lsr	w1, w2, #5
    40002d80:	8b214863 	add	x3, x3, w1, uxtw #2
    40002d84:	d503201f 	nop
        GICD_REG(GICD_IGROUPR(n)) = 0xFFFFFFFFU;
    40002d88:	b8004404 	str	w4, [x0], #4
    for (n = 0U; n <= (max_irq / GICD_IRQS_PER_REG); n++)
    40002d8c:	eb03001f 	cmp	x0, x3
    40002d90:	54ffffc1 	b.ne	40002d88 <gic_init+0x48>  // b.any
    }
    barrier();
    40002d94:	d5033fbf 	dmb	sy
    /* 第四步：禁用所有 SPI 中断（IRQ 32 ~ max_irq） */
    for (n = (GIC_SPI_BASE / GICD_IRQS_PER_REG);
         n <= (max_irq / GICD_IRQS_PER_REG);
         n++)
    {
        GICD_REG(GICD_ICENABLER(n)) = 0xFFFFFFFFU;
    40002d98:	f94004c7 	ldr	x7, [x6, #8]
         n <= (max_irq / GICD_IRQS_PER_REG);
    40002d9c:	34000441 	cbz	w1, 40002e24 <gic_init+0xe4>
    40002da0:	51000421 	sub	w1, w1, #0x1
    40002da4:	910620e3 	add	x3, x7, #0x188
    40002da8:	910610e0 	add	x0, x7, #0x184
        GICD_REG(GICD_ICENABLER(n)) = 0xFFFFFFFFU;
    40002dac:	12800004 	mov	w4, #0xffffffff            	// #-1
    40002db0:	d37ef421 	lsl	x1, x1, #2
    40002db4:	8b010063 	add	x3, x3, x1
    40002db8:	b8004404 	str	w4, [x0], #4
         n <= (max_irq / GICD_IRQS_PER_REG);
    40002dbc:	eb03001f 	cmp	x0, x3
    40002dc0:	54ffffc1 	b.ne	40002db8 <gic_init+0x78>  // b.any
    }

    /* 第五步：设置所有 SPI 的默认优先级 */
    for (irq = GIC_SPI_BASE; irq <= max_irq; irq++)
    40002dc4:	911080e0 	add	x0, x7, #0x420
    40002dc8:	52800404 	mov	w4, #0x20                  	// #32
    40002dcc:	4b000084 	sub	w4, w4, w0
    {
        GICD_REG_BYTE(GICD_IPRIORITYR(irq)) = (uint8_t)GIC_PRIORITY_DEFAULT;
    40002dd0:	12800fe6 	mov	w6, #0xffffff80            	// #-128
    40002dd4:	d503201f 	nop
    40002dd8:	38001406 	strb	w6, [x0], #1
    for (irq = GIC_SPI_BASE; irq <= max_irq; irq++)
    40002ddc:	0b000083 	add	w3, w4, w0
    40002de0:	6b05007f 	cmp	w3, w5
    40002de4:	54ffffa9 	b.ls	40002dd8 <gic_init+0x98>  // b.plast
    40002de8:	11208042 	add	w2, w2, #0x820
    40002dec:	912080e0 	add	x0, x7, #0x820
    }

    /* 第六步：设置所有 SPI 默认路由到 CPU 0（ITARGETSR） */
    for (irq = GIC_SPI_BASE; irq <= max_irq; irq++)
    {
        GICD_REG_BYTE(GICD_ITARGETSR(irq)) = GIC_TARGET_CPU0;
    40002df0:	52800023 	mov	w3, #0x1                   	// #1
    40002df4:	8b2240e2 	add	x2, x7, w2, uxtw
    40002df8:	38001403 	strb	w3, [x0], #1
    for (irq = GIC_SPI_BASE; irq <= max_irq; irq++)
    40002dfc:	eb00005f 	cmp	x2, x0
    40002e00:	54ffffc1 	b.ne	40002df8 <gic_init+0xb8>  // b.any
    }

    /* 第七步：清除所有 SPI 的挂起状态 */
    for (n = (GIC_SPI_BASE / GICD_IRQS_PER_REG);
         n <= (max_irq / GICD_IRQS_PER_REG);
    40002e04:	910a2021 	add	x1, x1, #0x288
    40002e08:	910a10e0 	add	x0, x7, #0x284
    40002e0c:	8b070021 	add	x1, x1, x7
         n++)
    {
        GICD_REG(GICD_ICPENDR(n)) = 0xFFFFFFFFU;
    40002e10:	12800002 	mov	w2, #0xffffffff            	// #-1
    40002e14:	d503201f 	nop
    40002e18:	b8004402 	str	w2, [x0], #4
         n <= (max_irq / GICD_IRQS_PER_REG);
    40002e1c:	eb00003f 	cmp	x1, x0
    40002e20:	54ffffc1 	b.ne	40002e18 <gic_init+0xd8>  // b.any
    }

    /* 第八步：启用 Distributor（Group0 + Group1） */
    GICD_REG(GICD_CTLR) = GICD_CTLR_ENABLE;
    40002e24:	52800020 	mov	w0, #0x1                   	// #1
    40002e28:	b90000e0 	str	w0, [x7]
    barrier();
    40002e2c:	d5033fbf 	dmb	sy
    GICC_REG(GICC_CTLR) = 0U;
    40002e30:	f9400101 	ldr	x1, [x8]
    40002e34:	b900003f 	str	wzr, [x1]
    barrier();
    40002e38:	d5033fbf 	dmb	sy
    GICC_REG(GICC_PMR) = GICC_PMR_LOWEST;
    40002e3c:	f9400101 	ldr	x1, [x8]
    40002e40:	52801fe2 	mov	w2, #0xff                  	// #255
    40002e44:	b9000422 	str	w2, [x1, #4]
    barrier();
    40002e48:	d5033fbf 	dmb	sy
    GICC_REG(GICC_BPR) = GICC_BPR_DEFAULT;
    40002e4c:	f9400101 	ldr	x1, [x8]
    40002e50:	b900083f 	str	wzr, [x1, #8]
    barrier();
    40002e54:	d5033fbf 	dmb	sy
    GICC_REG(GICC_CTLR) = GICC_CTLR_ENABLE;
    40002e58:	f9400101 	ldr	x1, [x8]
    40002e5c:	b9000020 	str	w0, [x1]
    barrier();
    40002e60:	d5033fbf 	dmb	sy
    (void)GICC_REG(GICC_CTLR);
    40002e64:	f9400100 	ldr	x0, [x8]
    40002e68:	b9400000 	ldr	w0, [x0]
    barrier();
    40002e6c:	d5033fbf 	dmb	sy

    /* 第九步：通过 MMIO 启用 GICv2 CPU Interface */
    gic_enable_cpuif();

    /* 消费可能存在的伪中断 */
    (void)GICC_REG(GICC_IAR);
    40002e70:	f9400100 	ldr	x0, [x8]
    40002e74:	b9400c00 	ldr	w0, [x0, #12]
    barrier();
    40002e78:	d5033fbf 	dmb	sy

    return KERNEL_OK;
}
    40002e7c:	52800000 	mov	w0, #0x0                   	// #0
    40002e80:	d65f03c0 	ret
	...

0000000040002e90 <gic_init_secondary>:
    GICC_REG(GICC_CTLR) = 0U;
    40002e90:	b0000080 	adrp	x0, 40013000 <s_gicc_base>
    40002e94:	f9400001 	ldr	x1, [x0]
    40002e98:	b900003f 	str	wzr, [x1]
    barrier();
    40002e9c:	d5033fbf 	dmb	sy
    GICC_REG(GICC_PMR) = GICC_PMR_LOWEST;
    40002ea0:	f9400001 	ldr	x1, [x0]
    40002ea4:	52801fe2 	mov	w2, #0xff                  	// #255
    40002ea8:	b9000422 	str	w2, [x1, #4]
    barrier();
    40002eac:	d5033fbf 	dmb	sy
    GICC_REG(GICC_BPR) = GICC_BPR_DEFAULT;
    40002eb0:	f9400001 	ldr	x1, [x0]
    40002eb4:	b900083f 	str	wzr, [x1, #8]
    barrier();
    40002eb8:	d5033fbf 	dmb	sy
    GICC_REG(GICC_CTLR) = GICC_CTLR_ENABLE;
    40002ebc:	f9400001 	ldr	x1, [x0]
    40002ec0:	52800022 	mov	w2, #0x1                   	// #1
    40002ec4:	b9000022 	str	w2, [x1]
    barrier();
    40002ec8:	d5033fbf 	dmb	sy
    (void)GICC_REG(GICC_CTLR);
    40002ecc:	f9400000 	ldr	x0, [x0]
    40002ed0:	b9400000 	ldr	w0, [x0]
    barrier();
    40002ed4:	d5033fbf 	dmb	sy
{
    /* 通过 MMIO 启用当前 CPU 的 CPU Interface */
    gic_enable_cpuif();

    return KERNEL_OK;
}
    40002ed8:	52800000 	mov	w0, #0x0                   	// #0
    40002edc:	d65f03c0 	ret

0000000040002ee0 <gic_enable_irq>:
{
    uint32_t reg_n;
    uint32_t bit_mask;

    /* 参数验证 */
    if (irq > GIC_MAX_SPI)
    40002ee0:	710f6c1f 	cmp	w0, #0x3db
    40002ee4:	54000188 	b.hi	40002f14 <gic_enable_irq+0x34>  // b.pmore
    {
        return -(int32_t)EINVAL;
    }

    /* 计算寄存器索引和位掩码 */
    reg_n = irq / GICD_IRQS_PER_REG;
    40002ee8:	53057c01 	lsr	w1, w0, #5
    bit_mask = 1U << (irq % GICD_IRQS_PER_REG);

    /* 设置使能位 */
    GICD_REG(GICD_ISENABLER(reg_n)) = bit_mask;
    40002eec:	b0000083 	adrp	x3, 40013000 <s_gicc_base>
    40002ef0:	11010021 	add	w1, w1, #0x40
    bit_mask = 1U << (irq % GICD_IRQS_PER_REG);
    40002ef4:	52800022 	mov	w2, #0x1                   	// #1
    GICD_REG(GICD_ISENABLER(reg_n)) = bit_mask;
    40002ef8:	f9400463 	ldr	x3, [x3, #8]
    40002efc:	531e7421 	lsl	w1, w1, #2
    bit_mask = 1U << (irq % GICD_IRQS_PER_REG);
    40002f00:	1ac02040 	lsl	w0, w2, w0
    GICD_REG(GICD_ISENABLER(reg_n)) = bit_mask;
    40002f04:	b8214860 	str	w0, [x3, w1, uxtw]
    barrier();
    40002f08:	d5033fbf 	dmb	sy

    return KERNEL_OK;
    40002f0c:	52800000 	mov	w0, #0x0                   	// #0
}
    40002f10:	d65f03c0 	ret
        return -(int32_t)EINVAL;
    40002f14:	128002a0 	mov	w0, #0xffffffea            	// #-22
}
    40002f18:	d65f03c0 	ret
    40002f1c:	00000000 	udf	#0

0000000040002f20 <gic_set_priority>:
 * @return -EINVAL 中断号无效
 *
 * @note 对应需求: IN-003
 */
kernel_status_t gic_set_priority(uint32_t irq, uint8_t priority)
{
    40002f20:	12001c21 	and	w1, w1, #0xff
    /* 参数验证 */
    if (irq > GIC_MAX_SPI)
    40002f24:	710f6c1f 	cmp	w0, #0x3db
    40002f28:	54000108 	b.hi	40002f48 <gic_set_priority+0x28>  // b.pmore
    {
        return -(int32_t)EINVAL;
    }

    /* 写入优先级寄存器（每中断占 1 字节） */
    GICD_REG_BYTE(GICD_IPRIORITYR(irq)) = priority;
    40002f2c:	b0000082 	adrp	x2, 40013000 <s_gicc_base>
    40002f30:	11100000 	add	w0, w0, #0x400
    40002f34:	f9400442 	ldr	x2, [x2, #8]
    40002f38:	38204841 	strb	w1, [x2, w0, uxtw]
    barrier();
    40002f3c:	d5033fbf 	dmb	sy

    return KERNEL_OK;
    40002f40:	52800000 	mov	w0, #0x0                   	// #0
}
    40002f44:	d65f03c0 	ret
        return -(int32_t)EINVAL;
    40002f48:	128002a0 	mov	w0, #0xffffffea            	// #-22
}
    40002f4c:	d65f03c0 	ret

0000000040002f50 <gic_set_affinity>:
 * @note 对应需求: IN-004
 */
kernel_status_t gic_set_affinity(uint32_t irq, uint8_t cpu_mask)
{
    /* 参数验证 */
    if ((irq < GIC_SPI_BASE) || (irq > GIC_MAX_SPI))
    40002f50:	51008002 	sub	w2, w0, #0x20
{
    40002f54:	12001c21 	and	w1, w1, #0xff
    {
        return -(int32_t)EINVAL;
    }

    if (cpu_mask == 0U)
    40002f58:	710eec5f 	cmp	w2, #0x3bb
    40002f5c:	7a409824 	ccmp	w1, #0x0, #0x4, ls	// ls = plast
    40002f60:	54000100 	b.eq	40002f80 <gic_set_affinity+0x30>  // b.none
    {
        return -(int32_t)EINVAL;
    }

    /* 写入目标寄存器（每中断占 1 字节） */
    GICD_REG_BYTE(GICD_ITARGETSR(irq)) = cpu_mask;
    40002f64:	b0000082 	adrp	x2, 40013000 <s_gicc_base>
    40002f68:	11200000 	add	w0, w0, #0x800
    40002f6c:	f9400442 	ldr	x2, [x2, #8]
    40002f70:	38204841 	strb	w1, [x2, w0, uxtw]
    barrier();
    40002f74:	d5033fbf 	dmb	sy

    return KERNEL_OK;
    40002f78:	52800000 	mov	w0, #0x0                   	// #0
}
    40002f7c:	d65f03c0 	ret
        return -(int32_t)EINVAL;
    40002f80:	128002a0 	mov	w0, #0xffffffea            	// #-22
}
    40002f84:	d65f03c0 	ret
	...

0000000040002f90 <gic_get_irq_id>:
 *
 * @return 中断号，无挂起中断返回 1023（伪中断）
 *
 * @note 对应需求: IN-001
 */
uint32_t gic_get_irq_id(void)
    40002f90:	b0000080 	adrp	x0, 40013000 <s_gicc_base>
    40002f94:	f9400000 	ldr	x0, [x0]
    40002f98:	b9400c00 	ldr	w0, [x0, #12]
    40002f9c:	d5033fbf 	dmb	sy
    40002fa0:	d65f03c0 	ret
	...

0000000040002fb0 <gic_end_of_interrupt>:
 * @param irq 中断号（必须与 gic_acknowledge_irq 返回值一致）
 */
void gic_end_of_interrupt(uint32_t irq)
{
    /* 伪中断不需要 EOI */
    if (irq >= GIC_SPURIOUS_IRQ)
    40002fb0:	710ff81f 	cmp	w0, #0x3fe
    40002fb4:	540000a8 	b.hi	40002fc8 <gic_end_of_interrupt+0x18>  // b.pmore
    {
        return;
    }

    GICC_REG(GICC_EOIR) = irq;
    40002fb8:	b0000081 	adrp	x1, 40013000 <s_gicc_base>
    40002fbc:	f9400021 	ldr	x1, [x1]
    40002fc0:	b9001020 	str	w0, [x1, #16]
    barrier();
    40002fc4:	d5033fbf 	dmb	sy
}
    40002fc8:	d65f03c0 	ret
    40002fcc:	00000000 	udf	#0

0000000040002fd0 <gic_send_sgi>:
    if (sgi_id > GIC_SGI_END)
    {
        return -(int32_t)EINVAL;
    }

    if (cpu_mask == 0U)
    40002fd0:	72001c21 	ands	w1, w1, #0xff
    40002fd4:	7a4f1802 	ccmp	w0, #0xf, #0x2, ne	// ne = any
    40002fd8:	54000108 	b.hi	40002ff8 <gic_send_sgi+0x28>  // b.pmore
     *   [23:16] TargetList: CPU 位掩码
     *   [3:0]   SGI ID: SGI 编号
     */
    sgir_val = ((uint32_t)cpu_mask << 16U) | (sgi_id & 0xFU);

    GICD_REG(GICD_SGIR) = sgir_val;
    40002fdc:	b0000082 	adrp	x2, 40013000 <s_gicc_base>
    sgir_val = ((uint32_t)cpu_mask << 16U) | (sgi_id & 0xFU);
    40002fe0:	2a014001 	orr	w1, w0, w1, lsl #16
    GICD_REG(GICD_SGIR) = sgir_val;
    40002fe4:	f9400440 	ldr	x0, [x2, #8]
    40002fe8:	b90f0001 	str	w1, [x0, #3840]
    barrier();
    40002fec:	d5033fbf 	dmb	sy

    return KERNEL_OK;
    40002ff0:	52800000 	mov	w0, #0x0                   	// #0
}
    40002ff4:	d65f03c0 	ret
        return -(int32_t)EINVAL;
    40002ff8:	128002a0 	mov	w0, #0xffffffea            	// #-22
}
    40002ffc:	d65f03c0 	ret

0000000040003000 <gic_set_target>:
 * @param cpu_mask CPU 位掩码
 *
 * @return KERNEL_OK 成功
 * @return -EINVAL 参数无效
 */
kernel_status_t gic_set_target(uint32_t irq, uint8_t cpu_mask)
    40003000:	51008002 	sub	w2, w0, #0x20
    40003004:	12001c21 	and	w1, w1, #0xff
    40003008:	710eec5f 	cmp	w2, #0x3bb
    4000300c:	7a409824 	ccmp	w1, #0x0, #0x4, ls	// ls = plast
    40003010:	54000100 	b.eq	40003030 <gic_set_target+0x30>  // b.none
    40003014:	90000082 	adrp	x2, 40013000 <s_gicc_base>
    40003018:	11200000 	add	w0, w0, #0x800
    4000301c:	f9400442 	ldr	x2, [x2, #8]
    40003020:	38204841 	strb	w1, [x2, w0, uxtw]
    40003024:	d5033fbf 	dmb	sy
    40003028:	52800000 	mov	w0, #0x0                   	// #0
    4000302c:	d65f03c0 	ret
    40003030:	128002a0 	mov	w0, #0xffffffea            	// #-22
    40003034:	d65f03c0 	ret
	...

0000000040003040 <ipi_send>:
    if (target_cpu >= CONFIG_MAX_CPUS)
    {
        return -(int32_t)EINVAL;
    }

    if (ipi_type >= IPI_TYPE_COUNT)
    40003040:	7100183f 	cmp	w1, #0x6
    40003044:	7a479802 	ccmp	w0, #0x7, #0x2, ls	// ls = plast
    40003048:	540006a8 	b.hi	4000311c <ipi_send+0xdc>  // b.pmore
{
    4000304c:	a9bd7bfd 	stp	x29, x30, [sp, #-48]!
    40003050:	910003fd 	mov	x29, sp
    40003054:	a90153f3 	stp	x19, x20, [sp, #16]
    40003058:	2a0103f3 	mov	w19, w1
    4000305c:	2a0003f4 	mov	w20, w0
    40003060:	f90013f5 	str	x21, [sp, #32]
    40003064:	1a9f97f5 	cset	w21, hi	// hi = pmore
    {
        return -(int32_t)EINVAL;
    }

    if (!smp_cpu_online(target_cpu))
    40003068:	9400016a 	bl	40003610 <smp_cpu_online>
    4000306c:	360005c0 	tbz	w0, #0, 40003124 <ipi_send+0xe4>
    {
        return -(int32_t)EINVAL;
    }

    /* 记录发送时间戳（用于延迟统计） */
    s_ipi_send_timestamp[target_cpu][ipi_type] = hal_timer_get_count();
    40003070:	97fffc88 	bl	40002290 <hal_timer_get_count>
    40003074:	2a1403e5 	mov	w5, w20
    40003078:	d37d7e81 	ubfiz	x1, x20, #3, #32
    4000307c:	cb050021 	sub	x1, x1, x5
    40003080:	90000084 	adrp	x4, 40013000 <s_gicc_base>
    40003084:	8b334021 	add	x1, x1, w19, uxtw
    40003088:	91048084 	add	x4, x4, #0x120

    /* 自旋等待获取目标 CPU 的 pending 锁 */
    do
    {
        old_lock = atomic_cas_u32(&s_ipi_pending_lock[target_cpu], 0U, 1U);
    4000308c:	90000087 	adrp	x7, 40013000 <s_gicc_base>
    40003090:	910b80e2 	add	x2, x7, #0x2e0
    40003094:	8b050842 	add	x2, x2, x5, lsl #2
                                  uint32_t desired)
{
    uint32_t old_val;
    uint32_t result;

    __asm__ volatile(
    40003098:	52800023 	mov	w3, #0x1                   	// #1
    s_ipi_send_timestamp[target_cpu][ipi_type] = hal_timer_get_count();
    4000309c:	f8217880 	str	x0, [x4, x1, lsl #3]
    400030a0:	885f7c40 	ldxr	w0, [x2]
    400030a4:	6b15001f 	cmp	w0, w21
    400030a8:	54000061 	b.ne	400030b4 <ipi_send+0x74>  // b.any
    400030ac:	88017c43 	stxr	w1, w3, [x2]
    400030b0:	35ffff81 	cbnz	w1, 400030a0 <ipi_send+0x60>
    400030b4:	52800004 	mov	w4, #0x0                   	// #0
        if (old_lock != 0U)
    400030b8:	35000120 	cbnz	w0, 400030dc <ipi_send+0x9c>
    400030bc:	d503201f 	nop
        {
            cpu_relax();
    400030c0:	d503203f 	yield
    400030c4:	885f7c46 	ldxr	w6, [x2]
    400030c8:	6b0400df 	cmp	w6, w4
    400030cc:	54000061 	b.ne	400030d8 <ipi_send+0x98>  // b.any
    400030d0:	88007c43 	stxr	w0, w3, [x2]
    400030d4:	35ffff80 	cbnz	w0, 400030c4 <ipi_send+0x84>
        if (old_lock != 0U)
    400030d8:	34ffff46 	cbz	w6, 400030c0 <ipi_send+0x80>
        }
    } while (old_lock != 0U);

    /* 设置待处理位图 */
    s_ipi_pending[target_cpu] |= (1U << ipi_type);
    400030dc:	90000083 	adrp	x3, 40013000 <s_gicc_base>
    400030e0:	910c0063 	add	x3, x3, #0x300
    400030e4:	52800021 	mov	w1, #0x1                   	// #1
    400030e8:	1ad32022 	lsl	w2, w1, w19
    400030ec:	b8657860 	ldr	w0, [x3, x5, lsl #2]
    400030f0:	2a000042 	orr	w2, w2, w0
    400030f4:	b8257862 	str	w2, [x3, x5, lsl #2]

    /* 释放锁 */
    barrier_store();
    400030f8:	d5033abf 	dmb	ishst
    s_ipi_pending_lock[target_cpu] = 0U;
    400030fc:	910b80e2 	add	x2, x7, #0x2e0

    /* 立即触发 SGI 通知目标 CPU */
    return gic_send_sgi(0U, (uint8_t)(1U << target_cpu));
    40003100:	1ad42021 	lsl	w1, w1, w20
}
    40003104:	a94153f3 	ldp	x19, x20, [sp, #16]
    return gic_send_sgi(0U, (uint8_t)(1U << target_cpu));
    40003108:	52800000 	mov	w0, #0x0                   	// #0
    s_ipi_pending_lock[target_cpu] = 0U;
    4000310c:	b825785f 	str	wzr, [x2, x5, lsl #2]
}
    40003110:	f94013f5 	ldr	x21, [sp, #32]
    40003114:	a8c37bfd 	ldp	x29, x30, [sp], #48
    return gic_send_sgi(0U, (uint8_t)(1U << target_cpu));
    40003118:	17ffffae 	b	40002fd0 <gic_send_sgi>
}
    4000311c:	128002a0 	mov	w0, #0xffffffea            	// #-22
    40003120:	d65f03c0 	ret
    40003124:	a94153f3 	ldp	x19, x20, [sp, #16]
    40003128:	128002a0 	mov	w0, #0xffffffea            	// #-22
    4000312c:	f94013f5 	ldr	x21, [sp, #32]
    40003130:	a8c37bfd 	ldp	x29, x30, [sp], #48
    40003134:	d65f03c0 	ret
	...

0000000040003140 <ipi_handler>:
/* ========================================================================
 * IPI 中断处理
 * ======================================================================== */

void ipi_handler(uint32_t ipi_type)
{
    40003140:	a9bc7bfd 	stp	x29, x30, [sp, #-64]!
    40003144:	910003fd 	mov	x29, sp
    40003148:	a90153f3 	stp	x19, x20, [sp, #16]
    4000314c:	2a0003f3 	mov	w19, w0
    uint32_t cpu_id = smp_get_cpu_id();
    40003150:	94000128 	bl	400035f0 <smp_get_cpu_id>
    40003154:	2a0003f4 	mov	w20, w0
    uint64_t recv_ts;
    uint64_t send_ts;
    uint64_t latency_ticks;
    uint64_t latency_ns;

    if (cpu_id < CONFIG_MAX_CPUS)
    40003158:	71001c1f 	cmp	w0, #0x7
    4000315c:	540000e9 	b.ls	40003178 <ipi_handler+0x38>  // b.plast
    {
        s_ipi_stats[cpu_id]++;
    }

    /* 记录接收时间戳并计算延迟 */
    recv_ts = hal_timer_get_count();
    40003160:	97fffc4c 	bl	40002290 <hal_timer_get_count>
            latency_ns = ipi_ticks_to_ns(latency_ticks);
            ipi_update_latency(cpu_id, latency_ns);
        }
    }

    if (ipi_type >= IPI_TYPE_COUNT)
    40003164:	71001a7f 	cmp	w19, #0x6
    40003168:	54000369 	b.ls	400031d4 <ipi_handler+0x94>  // b.plast
                }
            }
            break;
        }
    }
}
    4000316c:	a94153f3 	ldp	x19, x20, [sp, #16]
    40003170:	a8c47bfd 	ldp	x29, x30, [sp], #64
    40003174:	d65f03c0 	ret
        s_ipi_stats[cpu_id]++;
    40003178:	90000080 	adrp	x0, 40013000 <s_gicc_base>
    4000317c:	910c8000 	add	x0, x0, #0x320
    40003180:	a9025bf5 	stp	x21, x22, [sp, #32]
    40003184:	2a1403f5 	mov	w21, w20
    40003188:	f8757801 	ldr	x1, [x0, x21, lsl #3]
    4000318c:	91000421 	add	x1, x1, #0x1
    40003190:	f8357801 	str	x1, [x0, x21, lsl #3]
    recv_ts = hal_timer_get_count();
    40003194:	97fffc3f 	bl	40002290 <hal_timer_get_count>
    40003198:	aa0003f6 	mov	x22, x0
    if ((cpu_id < CONFIG_MAX_CPUS) && (ipi_type < IPI_TYPE_COUNT))
    4000319c:	71001a7f 	cmp	w19, #0x6
    400031a0:	54000908 	b.hi	400032c0 <ipi_handler+0x180>  // b.pmore
        send_ts = s_ipi_send_timestamp[cpu_id][ipi_type];
    400031a4:	d37df2a1 	lsl	x1, x21, #3
    400031a8:	90000080 	adrp	x0, 40013000 <s_gicc_base>
    400031ac:	cb150021 	sub	x1, x1, x21
    400031b0:	91048000 	add	x0, x0, #0x120
    400031b4:	8b334021 	add	x1, x1, w19, uxtw
    400031b8:	f9001bf7 	str	x23, [sp, #48]
    400031bc:	f8617817 	ldr	x23, [x0, x1, lsl #3]
        if ((send_ts != 0ULL) && (recv_ts > send_ts))
    400031c0:	f10002ff 	cmp	x23, #0x0
    400031c4:	fa5712c0 	ccmp	x22, x23, #0x0, ne	// ne = any
    400031c8:	540002e8 	b.hi	40003224 <ipi_handler+0xe4>  // b.pmore
    400031cc:	a9425bf5 	ldp	x21, x22, [sp, #32]
    400031d0:	f9401bf7 	ldr	x23, [sp, #48]
    switch (ipi_type)
    400031d4:	71000e7f 	cmp	w19, #0x3
    400031d8:	540001a0 	b.eq	4000320c <ipi_handler+0xcc>  // b.none
    400031dc:	54000108 	b.hi	400031fc <ipi_handler+0xbc>  // b.pmore
    400031e0:	7100067f 	cmp	w19, #0x1
    400031e4:	54000a40 	b.eq	4000332c <ipi_handler+0x1ec>  // b.none
    400031e8:	71000a7f 	cmp	w19, #0x2
    400031ec:	54000840 	b.eq	400032f4 <ipi_handler+0x1b4>  // b.none
}
    400031f0:	a94153f3 	ldp	x19, x20, [sp, #16]
    400031f4:	a8c47bfd 	ldp	x29, x30, [sp], #64
            schedule();
    400031f8:	1400023a 	b	40003ae0 <schedule>
    switch (ipi_type)
    400031fc:	7100167f 	cmp	w19, #0x5
    40003200:	54000680 	b.eq	400032d0 <ipi_handler+0x190>  // b.none
    40003204:	71001a7f 	cmp	w19, #0x6
    40003208:	54fffb21 	b.ne	4000316c <ipi_handler+0x2c>  // b.any
/**
 * @brief 使整个 TLB 无效
 */
static inline void hal_tlb_invalidate_all(void)
{
    __asm__ volatile("tlbi vmalle1is" ::: "memory");
    4000320c:	d508831f 	tlbi	vmalle1is
    __asm__ volatile("dsb ish" ::: "memory");
    40003210:	d5033b9f 	dsb	ish
    __asm__ volatile("isb");
    40003214:	d5033fdf 	isb
}
    40003218:	a94153f3 	ldp	x19, x20, [sp, #16]
    4000321c:	a8c47bfd 	ldp	x29, x30, [sp], #64
    40003220:	d65f03c0 	ret
    freq = hal_timer_get_freq();
    40003224:	97fffc1f 	bl	400022a0 <hal_timer_get_freq>
    if (freq == 0ULL)
    40003228:	b4fffd20 	cbz	x0, 400031cc <ipi_handler+0x8c>
            latency_ticks = recv_ts - send_ts;
    4000322c:	cb1702c1 	sub	x1, x22, x23
    return (ticks * 1000000000ULL) / freq;
    40003230:	d2994002 	mov	x2, #0xca00                	// #51712
    40003234:	f2a77342 	movk	x2, #0x3b9a, lsl #16
    40003238:	9b027c21 	mul	x1, x1, x2
    if (latency_ns == 0ULL)
    4000323c:	eb01001f 	cmp	x0, x1
    40003240:	54fffc68 	b.hi	400031cc <ipi_handler+0x8c>  // b.pmore
    return (ticks * 1000000000ULL) / freq;
    40003244:	9ac00836 	udiv	x22, x1, x0
    ticket_lock_acquire(&s_latency_lock);
    40003248:	90000097 	adrp	x23, 40013000 <s_gicc_base>
    4000324c:	910042e0 	add	x0, x23, #0x10
    40003250:	940004bc 	bl	40004540 <ticket_lock_acquire>
    if ((stats->count == 0ULL) || (latency_ns < stats->min_ns))
    40003254:	d37beaa2 	lsl	x2, x21, #5
    40003258:	90000080 	adrp	x0, 40013000 <s_gicc_base>
    4000325c:	91008003 	add	x3, x0, #0x20
    40003260:	8b020061 	add	x1, x3, x2
    40003264:	f9400c21 	ldr	x1, [x1, #24]
    40003268:	b50006c1 	cbnz	x1, 40003340 <ipi_handler+0x200>
        stats->min_ns = latency_ns;
    4000326c:	91008002 	add	x2, x0, #0x20
    40003270:	d37beaa3 	lsl	x3, x21, #5
    40003274:	f8236856 	str	x22, [x2, x3]
    if (latency_ns > stats->max_ns)
    40003278:	91008002 	add	x2, x0, #0x20
    4000327c:	8b151442 	add	x2, x2, x21, lsl #5
    40003280:	f9400443 	ldr	x3, [x2, #8]
    40003284:	eb0302df 	cmp	x22, x3
    40003288:	54000049 	b.ls	40003290 <ipi_handler+0x150>  // b.plast
        stats->max_ns = latency_ns;
    4000328c:	f9000456 	str	x22, [x2, #8]
    stats->avg_ns = ((stats->avg_ns * stats->count) + latency_ns)
    40003290:	91008000 	add	x0, x0, #0x20
                    / (stats->count + 1ULL);
    40003294:	91000422 	add	x2, x1, #0x1
    stats->avg_ns = ((stats->avg_ns * stats->count) + latency_ns)
    40003298:	8b151415 	add	x21, x0, x21, lsl #5
    ticket_lock_release(&s_latency_lock);
    4000329c:	910042e0 	add	x0, x23, #0x10
    stats->avg_ns = ((stats->avg_ns * stats->count) + latency_ns)
    400032a0:	f9400aa3 	ldr	x3, [x21, #16]
    400032a4:	9b035821 	madd	x1, x1, x3, x22
                    / (stats->count + 1ULL);
    400032a8:	9ac20821 	udiv	x1, x1, x2
    stats->count++;
    400032ac:	a9010aa1 	stp	x1, x2, [x21, #16]
    ticket_lock_release(&s_latency_lock);
    400032b0:	940004c8 	bl	400045d0 <ticket_lock_release>
    400032b4:	a9425bf5 	ldp	x21, x22, [sp, #32]
    400032b8:	f9401bf7 	ldr	x23, [sp, #48]
    400032bc:	17ffffc6 	b	400031d4 <ipi_handler+0x94>
}
    400032c0:	a94153f3 	ldp	x19, x20, [sp, #16]
    400032c4:	a9425bf5 	ldp	x21, x22, [sp, #32]
    400032c8:	a8c47bfd 	ldp	x29, x30, [sp], #64
    400032cc:	d65f03c0 	ret
            if (s_ipi_handlers[IPI_TYPE_CAP_REVOKE] != NULL)
    400032d0:	90000080 	adrp	x0, 40013000 <s_gicc_base>
    400032d4:	f9424001 	ldr	x1, [x0, #1152]
    400032d8:	b4fff4a1 	cbz	x1, 4000316c <ipi_handler+0x2c>
}
    400032dc:	a94153f3 	ldp	x19, x20, [sp, #16]
                s_ipi_handlers[IPI_TYPE_CAP_REVOKE](
    400032e0:	90000080 	adrp	x0, 40013000 <s_gicc_base>
}
    400032e4:	a8c47bfd 	ldp	x29, x30, [sp], #64
                s_ipi_handlers[IPI_TYPE_CAP_REVOKE](
    400032e8:	aa0103f0 	mov	x16, x1
    400032ec:	f9422400 	ldr	x0, [x0, #1096]
    400032f0:	d61f0200 	br	x16
            if (call_data->func != NULL)
    400032f4:	d37f7e80 	ubfiz	x0, x20, #1, #32
    400032f8:	90000081 	adrp	x1, 40013000 <s_gicc_base>
    400032fc:	8b344000 	add	x0, x0, w20, uxtw
    40003300:	910d8021 	add	x1, x1, #0x360
    40003304:	d37df000 	lsl	x0, x0, #3
    40003308:	f8606822 	ldr	x2, [x1, x0]
    4000330c:	b4fff302 	cbz	x2, 4000316c <ipi_handler+0x2c>
                call_data->func(call_data->arg);
    40003310:	8b000033 	add	x19, x1, x0
    40003314:	f9400660 	ldr	x0, [x19, #8]
    40003318:	d63f0040 	blr	x2
                call_data->done = 1U;
    4000331c:	52800020 	mov	w0, #0x1                   	// #1
    40003320:	b9001260 	str	w0, [x19, #16]
                barrier();
    40003324:	d5033fbf 	dmb	sy
    40003328:	17ffff91 	b	4000316c <ipi_handler+0x2c>
            (void)smp_cpu_stop(cpu_id);
    4000332c:	2a1403e0 	mov	w0, w20
    40003330:	94000084 	bl	40003540 <smp_cpu_stop>
                hal_wfe();
    40003334:	97fffbef 	bl	400022f0 <hal_wfe>
    40003338:	97fffbee 	bl	400022f0 <hal_wfe>
            for (;;)
    4000333c:	17fffffe 	b	40003334 <ipi_handler+0x1f4>
    if ((stats->count == 0ULL) || (latency_ns < stats->min_ns))
    40003340:	f8626862 	ldr	x2, [x3, x2]
    40003344:	eb0202df 	cmp	x22, x2
    40003348:	54fff982 	b.cs	40003278 <ipi_handler+0x138>  // b.hs, b.nlast
    4000334c:	17ffffc8 	b	4000326c <ipi_handler+0x12c>

0000000040003350 <smp_init>:
kernel_status_t smp_init(void)
{
    uint32_t i;

    /* 逐字段清零（避免编译器生成 memset 调用） */
    for (i = 0U; i < (uint32_t)CONFIG_MAX_CPUS; i++)
    40003350:	90000083 	adrp	x3, 40013000 <s_gicc_base>
    40003354:	91140062 	add	x2, x3, #0x500
    40003358:	91016041 	add	x1, x2, #0x58
    4000335c:	910c6042 	add	x2, x2, #0x318
{
    40003360:	a9bf7bfd 	stp	x29, x30, [sp, #-16]!
    40003364:	910003fd 	mov	x29, sp
    {
        volatile uint64_t *ptr = (volatile uint64_t *)&s_percpu_data[i];
        uint32_t j;
        for (j = 0U; j < sizeof(percpu_t) / sizeof(uint64_t); j++)
    40003368:	d1016020 	sub	x0, x1, #0x58
    4000336c:	d503201f 	nop
        {
            ptr[j] = 0ULL;
    40003370:	f800841f 	str	xzr, [x0], #8
        for (j = 0U; j < sizeof(percpu_t) / sizeof(uint64_t); j++)
    40003374:	eb01001f 	cmp	x0, x1
    40003378:	54ffffc1 	b.ne	40003370 <smp_init+0x20>  // b.any
    for (i = 0U; i < (uint32_t)CONFIG_MAX_CPUS; i++)
    4000337c:	91016001 	add	x1, x0, #0x58
    40003380:	eb02003f 	cmp	x1, x2
    40003384:	54ffff21 	b.ne	40003368 <smp_init+0x18>  // b.any
    s_percpu_data[0U].preempt_count = 0U;
    s_percpu_data[0U].current_thread = NULL;
    s_percpu_data[0U].idle_thread = NULL;
    s_percpu_data[0U].stack_base = NULL;

    s_cpu_online_mask = 1U;
    40003388:	90000081 	adrp	x1, 40013000 <s_gicc_base>
    s_cpu_online_count = 1U;
    4000338c:	90000084 	adrp	x4, 40013000 <s_gicc_base>
    s_cpu_online_mask = 1U;
    40003390:	52800022 	mov	w2, #0x1                   	// #1

    for (i = 0U; i < CONFIG_MAX_CPUS; i++)
    {
        s_secondary_ready[i] = 0U;
    40003394:	90000080 	adrp	x0, 40013000 <s_gicc_base>
    s_cpu_online_mask = 1U;
    40003398:	b904c022 	str	w2, [x1, #1216]
        s_secondary_ready[i] = 0U;
    4000339c:	91124001 	add	x1, x0, #0x490
    s_cpu_online_count = 1U;
    400033a0:	b904bc82 	str	w2, [x4, #1212]
    s_percpu_data[0U].cpu_id = 0U;
    400033a4:	91140062 	add	x2, x3, #0x500
        s_secondary_ready[i] = 0U;
    400033a8:	b904901f 	str	wzr, [x0, #1168]
    s_percpu_data[0U].cpu_id = 0U;
    400033ac:	d2c00044 	mov	x4, #0x200000000           	// #8589934592
        s_secondary_ready[i] = 0U;
    400033b0:	b900043f 	str	wzr, [x1, #4]
    }

    ticket_lock_init(&s_smp_lock);
    400033b4:	90000080 	adrp	x0, 40013000 <s_gicc_base>
        s_secondary_ready[i] = 0U;
    400033b8:	b900083f 	str	wzr, [x1, #8]
    ticket_lock_init(&s_smp_lock);
    400033bc:	9112c000 	add	x0, x0, #0x4b0
        s_secondary_ready[i] = 0U;
    400033c0:	b9000c3f 	str	wzr, [x1, #12]
    400033c4:	b900103f 	str	wzr, [x1, #16]
    400033c8:	b900143f 	str	wzr, [x1, #20]
    400033cc:	b900183f 	str	wzr, [x1, #24]
    s_percpu_data[0U].cpu_id = 0U;
    400033d0:	f9028064 	str	x4, [x3, #1280]
    400033d4:	f900045f 	str	xzr, [x2, #8]
        s_secondary_ready[i] = 0U;
    400033d8:	b9001c3f 	str	wzr, [x1, #28]
    s_percpu_data[0U].idle_thread = NULL;
    400033dc:	a9027c5f 	stp	xzr, xzr, [x2, #32]
    s_percpu_data[0U].stack_base = NULL;
    400033e0:	f900185f 	str	xzr, [x2, #48]
    ticket_lock_init(&s_smp_lock);
    400033e4:	9400044f 	bl	40004520 <ticket_lock_init>

    barrier();
    400033e8:	d5033fbf 	dmb	sy

    return KERNEL_OK;
}
    400033ec:	52800000 	mov	w0, #0x0                   	// #0
    400033f0:	a8c17bfd 	ldp	x29, x30, [sp], #16
    400033f4:	d65f03c0 	ret
	...

0000000040003400 <smp_boot_secondary>:
/* ========================================================================
 * 启动从核
 * ======================================================================== */

kernel_status_t smp_boot_secondary(void)
{
    40003400:	a9b97bfd 	stp	x29, x30, [sp, #-112]!
    uint32_t cpu_id;
    kernel_status_t ret = KERNEL_OK;

    ticket_lock_acquire(&s_smp_lock);
    40003404:	90000080 	adrp	x0, 40013000 <s_gicc_base>
    40003408:	9112c000 	add	x0, x0, #0x4b0
{
    4000340c:	910003fd 	mov	x29, sp
    40003410:	a9046bf9 	stp	x25, x26, [sp, #64]
    __asm__ volatile(
    40003414:	d2800079 	mov	x25, #0x3                   	// #3
    40003418:	f2b88019 	movk	x25, #0xc400, lsl #16
    4000341c:	f000003a 	adrp	x26, 4000a000 <__dtb_ptr>
    40003420:	f940575a 	ldr	x26, [x26, #168]
{
    40003424:	a90153f3 	stp	x19, x20, [sp, #16]
    40003428:	90000093 	adrp	x19, 40013000 <s_gicc_base>
    4000342c:	90000094 	adrp	x20, 40013000 <s_gicc_base>
    40003430:	91140273 	add	x19, x19, #0x500
        {
            uint32_t timeout;
            for (timeout = 0U; timeout < 1000000U; timeout++)
            {
                barrier();
                if (s_secondary_ready[cpu_id] != 0U)
    40003434:	91124294 	add	x20, x20, #0x490
{
    40003438:	a9025bf5 	stp	x21, x22, [sp, #32]
    4000343c:	a90363f7 	stp	x23, x24, [sp, #48]
    40003440:	a90573fb 	stp	x27, x28, [sp, #80]
    ticket_lock_acquire(&s_smp_lock);
    40003444:	d280003c 	mov	x28, #0x1                   	// #1
    40003448:	9000009b 	adrp	x27, 40013000 <s_gicc_base>
    4000344c:	9400043d 	bl	40004540 <ticket_lock_acquire>
        if ((s_cpu_online_mask & (1U << cpu_id)) != 0U)
    40003450:	2a1c03f6 	mov	w22, w28
    40003454:	91130378 	add	x24, x27, #0x4c0
    kernel_status_t ret = KERNEL_OK;
    40003458:	b9006fff 	str	wzr, [sp, #108]
    4000345c:	14000006 	b	40003474 <smp_boot_secondary+0x74>
                ret = -(int32_t)ETIMEDOUT;
            }
        }
        else
        {
            s_percpu_data[cpu_id].state = CPU_STATE_OFFLINE;
    40003460:	b9005e7f 	str	wzr, [x19, #92]
    for (cpu_id = 1U; cpu_id < CONFIG_MAX_CPUS; cpu_id++)
    40003464:	9100079c 	add	x28, x28, #0x1
    40003468:	91016273 	add	x19, x19, #0x58
    4000346c:	f100239f 	cmp	x28, #0x8
    40003470:	54000480 	b.eq	40003500 <smp_boot_secondary+0x100>  // b.none
        if ((s_cpu_online_mask & (1U << cpu_id)) != 0U)
    40003474:	b9400300 	ldr	w0, [x24]
    40003478:	1adc22d2 	lsl	w18, w22, w28
    4000347c:	6a00025f 	tst	w18, w0
    40003480:	54ffff21 	b.ne	40003464 <smp_boot_secondary+0x64>  // b.any
        s_percpu_data[cpu_id].state = CPU_STATE_BOOTING;
    40003484:	b9005e76 	str	w22, [x19, #92]
        barrier();
    40003488:	d5033fbf 	dmb	sy
    __asm__ volatile(
    4000348c:	aa1903e0 	mov	x0, x25
    40003490:	aa1c03e1 	mov	x1, x28
    40003494:	aa1a03e2 	mov	x2, x26
    40003498:	aa1c03e3 	mov	x3, x28
    4000349c:	d4000002 	hvc	#0x0
    400034a0:	aa0003f7 	mov	x23, x0
        if (psci_ret == 0)
    400034a4:	35fffdf7 	cbnz	w23, 40003460 <smp_boot_secondary+0x60>
    400034a8:	52884800 	mov	w0, #0x4240                	// #16960
    400034ac:	2a1c03e2 	mov	w2, w28
    400034b0:	72a001e0 	movk	w0, #0xf, lsl #16
    400034b4:	14000002 	b	400034bc <smp_boot_secondary+0xbc>
            for (timeout = 0U; timeout < 1000000U; timeout++)
    400034b8:	540000a0 	b.eq	400034cc <smp_boot_secondary+0xcc>  // b.none
                barrier();
    400034bc:	d5033fbf 	dmb	sy
                if (s_secondary_ready[cpu_id] != 0U)
    400034c0:	b8627a81 	ldr	w1, [x20, x2, lsl #2]
            for (timeout = 0U; timeout < 1000000U; timeout++)
    400034c4:	71000400 	subs	w0, w0, #0x1
                if (s_secondary_ready[cpu_id] != 0U)
    400034c8:	34ffff81 	cbz	w1, 400034b8 <smp_boot_secondary+0xb8>
            if (s_secondary_ready[cpu_id] != 0U)
    400034cc:	b8627a80 	ldr	w0, [x20, x2, lsl #2]
    400034d0:	340002e0 	cbz	w0, 4000352c <smp_boot_secondary+0x12c>
                s_cpu_online_mask |= (1U << cpu_id);
    400034d4:	b944c360 	ldr	w0, [x27, #1216]
                s_cpu_online_count++;
    400034d8:	90000081 	adrp	x1, 40013000 <s_gicc_base>
    for (cpu_id = 1U; cpu_id < CONFIG_MAX_CPUS; cpu_id++)
    400034dc:	9100079c 	add	x28, x28, #0x1
    400034e0:	91016273 	add	x19, x19, #0x58
                s_cpu_online_mask |= (1U << cpu_id);
    400034e4:	2a000252 	orr	w18, w18, w0
    400034e8:	b904c372 	str	w18, [x27, #1216]
                s_cpu_online_count++;
    400034ec:	b944bc20 	ldr	w0, [x1, #1212]
    400034f0:	11000400 	add	w0, w0, #0x1
    400034f4:	b904bc20 	str	w0, [x1, #1212]
    for (cpu_id = 1U; cpu_id < CONFIG_MAX_CPUS; cpu_id++)
    400034f8:	f100239f 	cmp	x28, #0x8
    400034fc:	54fffbc1 	b.ne	40003474 <smp_boot_secondary+0x74>  // b.any
        }
    }

    ticket_lock_release(&s_smp_lock);
    40003500:	90000080 	adrp	x0, 40013000 <s_gicc_base>
    40003504:	9112c000 	add	x0, x0, #0x4b0
    40003508:	94000432 	bl	400045d0 <ticket_lock_release>

    return ret;
}
    4000350c:	a94153f3 	ldp	x19, x20, [sp, #16]
    40003510:	a9425bf5 	ldp	x21, x22, [sp, #32]
    40003514:	a94363f7 	ldp	x23, x24, [sp, #48]
    40003518:	a9446bf9 	ldp	x25, x26, [sp, #64]
    4000351c:	a94573fb 	ldp	x27, x28, [sp, #80]
    40003520:	b9406fe0 	ldr	w0, [sp, #108]
    40003524:	a8c77bfd 	ldp	x29, x30, [sp], #112
    40003528:	d65f03c0 	ret
                ret = -(int32_t)ETIMEDOUT;
    4000352c:	12800e60 	mov	w0, #0xffffff8c            	// #-116
                s_percpu_data[cpu_id].state = CPU_STATE_OFFLINE;
    40003530:	b9005e7f 	str	wzr, [x19, #92]
                ret = -(int32_t)ETIMEDOUT;
    40003534:	b9006fe0 	str	w0, [sp, #108]
    40003538:	17ffffcb 	b	40003464 <smp_boot_secondary+0x64>
    4000353c:	00000000 	udf	#0

0000000040003540 <smp_cpu_stop>:
/* ========================================================================
 * 停止 CPU
 * ======================================================================== */

kernel_status_t smp_cpu_stop(uint32_t cpu_id)
{
    40003540:	a9be7bfd 	stp	x29, x30, [sp, #-32]!
    40003544:	910003fd 	mov	x29, sp
    40003548:	a90153f3 	stp	x19, x20, [sp, #16]
    4000354c:	2a0003f3 	mov	w19, w0
    if (cpu_id >= CONFIG_MAX_CPUS)
    {
        return -(int32_t)EINVAL;
    }

    if (cpu_id == 0U)
    40003550:	51000400 	sub	w0, w0, #0x1
    40003554:	7100181f 	cmp	w0, #0x6
    40003558:	54000428 	b.hi	400035dc <smp_cpu_stop+0x9c>  // b.pmore
    {
        return -(int32_t)EINVAL;
    }

    ticket_lock_acquire(&s_smp_lock);
    4000355c:	90000094 	adrp	x20, 40013000 <s_gicc_base>
    40003560:	9112c280 	add	x0, x20, #0x4b0
    40003564:	940003f7 	bl	40004540 <ticket_lock_acquire>

    s_percpu_data[cpu_id].state = CPU_STATE_STOPPING;
    40003568:	2a1303e2 	mov	w2, w19
    4000356c:	90000080 	adrp	x0, 40013000 <s_gicc_base>
    40003570:	8b334441 	add	x1, x2, w19, uxtw #1
    40003574:	91140000 	add	x0, x0, #0x500
    40003578:	52800063 	mov	w3, #0x3                   	// #3
    4000357c:	d37ef421 	lsl	x1, x1, #2
    40003580:	cb020021 	sub	x1, x1, x2
    40003584:	8b010c01 	add	x1, x0, x1, lsl #3
    40003588:	b9000423 	str	w3, [x1, #4]
    barrier();
    4000358c:	d5033fbf 	dmb	sy

    s_cpu_online_mask &= ~(1U << cpu_id);
    40003590:	90000082 	adrp	x2, 40013000 <s_gicc_base>
    40003594:	52800020 	mov	w0, #0x1                   	// #1
    40003598:	1ad32000 	lsl	w0, w0, w19
    if (s_cpu_online_count > 0U)
    4000359c:	90000081 	adrp	x1, 40013000 <s_gicc_base>
    s_cpu_online_mask &= ~(1U << cpu_id);
    400035a0:	b944c043 	ldr	w3, [x2, #1216]
    400035a4:	0a200060 	bic	w0, w3, w0
    400035a8:	b904c040 	str	w0, [x2, #1216]
    if (s_cpu_online_count > 0U)
    400035ac:	b944bc20 	ldr	w0, [x1, #1212]
    400035b0:	350000e0 	cbnz	w0, 400035cc <smp_cpu_stop+0x8c>
    {
        s_cpu_online_count--;
    }

    ticket_lock_release(&s_smp_lock);
    400035b4:	9112c280 	add	x0, x20, #0x4b0
    400035b8:	94000406 	bl	400045d0 <ticket_lock_release>

    return KERNEL_OK;
    400035bc:	52800000 	mov	w0, #0x0                   	// #0
}
    400035c0:	a94153f3 	ldp	x19, x20, [sp, #16]
    400035c4:	a8c27bfd 	ldp	x29, x30, [sp], #32
    400035c8:	d65f03c0 	ret
        s_cpu_online_count--;
    400035cc:	b944bc20 	ldr	w0, [x1, #1212]
    400035d0:	51000400 	sub	w0, w0, #0x1
    400035d4:	b904bc20 	str	w0, [x1, #1212]
    400035d8:	17fffff7 	b	400035b4 <smp_cpu_stop+0x74>
        return -(int32_t)EINVAL;
    400035dc:	128002a0 	mov	w0, #0xffffffea            	// #-22
    400035e0:	17fffff8 	b	400035c0 <smp_cpu_stop+0x80>
	...

00000000400035f0 <smp_get_cpu_id>:

uint32_t smp_get_cpu_id(void)
{
    uint64_t mpidr;

    __asm__ volatile("mrs %0, mpidr_el1" : "=r"(mpidr));
    400035f0:	d53800a0 	mrs	x0, mpidr_el1

    return (uint32_t)(mpidr & 0xFFU);
}
    400035f4:	12001c00 	and	w0, w0, #0xff
    400035f8:	d65f03c0 	ret
    400035fc:	00000000 	udf	#0

0000000040003600 <smp_get_online_count>:
    return NULL;
}

uint32_t smp_get_online_count(void)
{
    return s_cpu_online_count;
    40003600:	90000080 	adrp	x0, 40013000 <s_gicc_base>
    40003604:	b944bc00 	ldr	w0, [x0, #1212]
}
    40003608:	d65f03c0 	ret
    4000360c:	00000000 	udf	#0

0000000040003610 <smp_cpu_online>:

bool smp_cpu_online(uint32_t cpu_id)
{
    if (cpu_id >= CONFIG_MAX_CPUS)
    40003610:	71001c1f 	cmp	w0, #0x7
    40003614:	54000108 	b.hi	40003634 <smp_cpu_online+0x24>  // b.pmore
    {
        return false;
    }

    return ((s_cpu_online_mask & (1U << cpu_id)) != 0U);
    40003618:	90000082 	adrp	x2, 40013000 <s_gicc_base>
    4000361c:	52800021 	mov	w1, #0x1                   	// #1
    40003620:	1ac02020 	lsl	w0, w1, w0
    40003624:	b944c041 	ldr	w1, [x2, #1216]
    40003628:	6a01001f 	tst	w0, w1
    4000362c:	1a9f07e0 	cset	w0, ne	// ne = any
}
    40003630:	d65f03c0 	ret
        return false;
    40003634:	52800000 	mov	w0, #0x0                   	// #0
}
    40003638:	d65f03c0 	ret
    4000363c:	00000000 	udf	#0

0000000040003640 <smp_secondary_entry>:

void smp_secondary_entry(uint32_t cpu_id)
{
    percpu_t *percpu;

    if (cpu_id >= CONFIG_MAX_CPUS)
    40003640:	71001c1f 	cmp	w0, #0x7
    40003644:	54000049 	b.ls	4000364c <smp_secondary_entry+0xc>  // b.plast
    40003648:	d65f03c0 	ret
{
    4000364c:	a9be7bfd 	stp	x29, x30, [sp, #-32]!
    40003650:	910003fd 	mov	x29, sp
    40003654:	a90153f3 	stp	x19, x20, [sp, #16]
    40003658:	2a0003f3 	mov	w19, w0
    {
        return;
    }

    /* 初始化 MMU（加载与主核相同的页表） */
    mmu_init_secondary();
    4000365c:	97fffd85 	bl	40002c70 <mmu_init_secondary>

    /* 使能 FP/SIMD（CPACR_EL1_EL1FPEN = 0b11） */
    /* 注意：HAL 无 FP 接口，保留内联汇编 */
    __asm__ volatile(
    40003660:	d5381040 	mrs	x0, cpacr_el1
    40003664:	b26c0400 	orr	x0, x0, #0x300000
    40003668:	d5181040 	msr	cpacr_el1, x0
    4000366c:	d5033fdf 	isb
        "isb\n"
        ::: "x0", "memory"
    );

    /* 初始化 GIC CPU interface */
    (void)gic_init_secondary();
    40003670:	97fffe08 	bl	40002e90 <gic_init_secondary>

    /* 使能定时器 PPI 中断（IRQ 30） */
    (void)gic_set_priority(30U, (uint8_t)0xA0U);
    40003674:	12800be1 	mov	w1, #0xffffffa0            	// #-96
    40003678:	528003c0 	mov	w0, #0x1e                  	// #30
    4000367c:	97fffe29 	bl	40002f20 <gic_set_priority>
    (void)gic_enable_irq(30U);
    40003680:	528003c0 	mov	w0, #0x1e                  	// #30
    40003684:	97fffe17 	bl	40002ee0 <gic_enable_irq>
        uint64_t current_val = 0ULL;
        uint64_t freq = 0ULL;
        uint64_t delta = 0ULL;

        /* 禁用物理定时器（清除 ISTATUS） */
        hal_timer_set_control(0U);
    40003688:	d2800000 	mov	x0, #0x0                   	// #0
    4000368c:	97fffb0d 	bl	400022c0 <hal_timer_set_control>

        /* 读取当前计数器和频率 */
        current_val = hal_timer_get_count();
    40003690:	97fffb00 	bl	40002290 <hal_timer_get_count>
    40003694:	aa0003f4 	mov	x20, x0
        freq = hal_timer_get_freq();
    40003698:	97fffb02 	bl	400022a0 <hal_timer_get_freq>

        if (freq == 0ULL)
        {
            freq = 24000000ULL;
    4000369c:	f100001f 	cmp	x0, #0x0
    400036a0:	d286c002 	mov	x2, #0x3600                	// #13824
        }

        /* 设置比较值 */
        delta = freq / (uint64_t)CONFIG_TICK_RATE_HZ;
    400036a4:	d2807d01 	mov	x1, #0x3e8                 	// #1000
            freq = 24000000ULL;
    400036a8:	f2a02dc2 	movk	x2, #0x16e, lsl #16
    400036ac:	9a821000 	csel	x0, x0, x2, ne	// ne = any
        delta = freq / (uint64_t)CONFIG_TICK_RATE_HZ;
    400036b0:	9ac10800 	udiv	x0, x0, x1
        hal_timer_set_compare(current_val + delta);
    400036b4:	8b140000 	add	x0, x0, x20
    400036b8:	97fffafe 	bl	400022b0 <hal_timer_set_compare>

        /* 使能定时器（ENABLE=1, IMASK=0） */
        hal_timer_set_control(1U);
    400036bc:	d2800020 	mov	x0, #0x1                   	// #1
    400036c0:	97fffb00 	bl	400022c0 <hal_timer_set_control>
    }

    /* 初始化中断路由子系统（从核也需要） */
    (void)interrupt_subsys_init();
    400036c4:	94000f7f 	bl	400074c0 <interrupt_subsys_init>

    /* 初始化 percpu 数据 */
    percpu = &s_percpu_data[cpu_id];
    percpu->cpu_id = cpu_id;
    400036c8:	2a1303e4 	mov	w4, w19
    400036cc:	d2800b01 	mov	x1, #0x58                  	// #88
    400036d0:	90000082 	adrp	x2, 40013000 <s_gicc_base>
    percpu->preempt_count = 0U;
    percpu->current_thread = NULL;
    percpu->idle_thread = NULL;

    /* 标记就绪 */
    s_secondary_ready[cpu_id] = 1U;
    400036d4:	90000083 	adrp	x3, 40013000 <s_gicc_base>
    percpu->cpu_id = cpu_id;
    400036d8:	91140042 	add	x2, x2, #0x500
    s_secondary_ready[cpu_id] = 1U;
    400036dc:	91124063 	add	x3, x3, #0x490
    percpu->cpu_id = cpu_id;
    400036e0:	9b017c81 	mul	x1, x4, x1
    s_secondary_ready[cpu_id] = 1U;
    400036e4:	52800026 	mov	w6, #0x1                   	// #1
    percpu->state = CPU_STATE_RUNNING;
    400036e8:	52800045 	mov	w5, #0x2                   	// #2
    percpu->cpu_id = cpu_id;
    400036ec:	8b010040 	add	x0, x2, x1
    s_secondary_ready[cpu_id] = 1U;
    400036f0:	b8247866 	str	w6, [x3, x4, lsl #2]
    percpu->cpu_id = cpu_id;
    400036f4:	b8216853 	str	w19, [x2, x1]
    percpu->state = CPU_STATE_RUNNING;
    400036f8:	b9000405 	str	w5, [x0, #4]
    percpu->irq_depth = 0U;
    400036fc:	f900041f 	str	xzr, [x0, #8]
    percpu->idle_thread = NULL;
    40003700:	a9027c1f 	stp	xzr, xzr, [x0, #32]
    barrier();
    40003704:	d5033fbf 	dmb	sy
    __asm__ volatile("msr daifclr, #2" ::: "memory");
    40003708:	d50342ff 	msr	daifclr, #0x2

    /* 使能中断（IRQ） */
    hal_irq_enable();

    /* 从核进入调度循环 */
    scheduler_start_secondary();
    4000370c:	940001a9 	bl	40003db0 <scheduler_start_secondary>

0000000040003710 <idle_task_entry>:
 *
 * @details 所有 CPU 的 idle 线程共用此入口。
 *          进入 WFE 低功耗等待循环。
 */
static void idle_task_entry(void *arg)
{
    40003710:	a9bf7bfd 	stp	x29, x30, [sp, #-16]!
    40003714:	910003fd 	mov	x29, sp
    (void)arg;

    for (;;)
    {
        hal_wfe();
    40003718:	97fffaf6 	bl	400022f0 <hal_wfe>
    4000371c:	97fffaf5 	bl	400022f0 <hal_wfe>
    for (;;)
    40003720:	17fffffe 	b	40003718 <idle_task_entry+0x8>
	...

0000000040003730 <stack_alloc_by_scheduler>:
    if (s_heap_ptr == 0U)
    40003730:	90000082 	adrp	x2, 40013000 <s_gicc_base>
    heap_end_val = (uint64_t)((uintptr_t)&__heap_end);
    40003734:	f0000024 	adrp	x4, 4000a000 <__dtb_ptr>
    40003738:	f9405884 	ldr	x4, [x4, #176]
    if (s_heap_ptr == 0U)
    4000373c:	f943e043 	ldr	x3, [x2, #1984]
    40003740:	b50000c3 	cbnz	x3, 40003758 <stack_alloc_by_scheduler+0x28>
        s_heap_ptr = (vaddr_t)heap_start_val;
    40003744:	f0000021 	adrp	x1, 4000a000 <__dtb_ptr>
    40003748:	f9405c21 	ldr	x1, [x1, #184]
    4000374c:	f903e041 	str	x1, [x2, #1984]
        barrier();
    40003750:	d5033fbf 	dmb	sy
    new_ptr_val = (uint64_t)s_heap_ptr + (uint64_t)size;
    40003754:	f943e043 	ldr	x3, [x2, #1984]
    40003758:	2a0003e1 	mov	w1, w0
    new_ptr_val = (new_ptr_val + 15U) & ~((uint64_t)0xFU);
    4000375c:	91003c21 	add	x1, x1, #0xf
        return 0U;
    40003760:	d2800000 	mov	x0, #0x0                   	// #0
    new_ptr_val = (new_ptr_val + 15U) & ~((uint64_t)0xFU);
    40003764:	8b030021 	add	x1, x1, x3
    40003768:	927cec21 	and	x1, x1, #0xfffffffffffffff0
    if (new_ptr_val > heap_end_val)
    4000376c:	eb01009f 	cmp	x4, x1
    40003770:	54000083 	b.cc	40003780 <stack_alloc_by_scheduler+0x50>  // b.lo, b.ul, b.last
    s_heap_ptr = (vaddr_t)new_ptr_val;
    40003774:	f903e041 	str	x1, [x2, #1984]
    barrier();
    40003778:	d5033fbf 	dmb	sy
    return s_heap_ptr;
    4000377c:	f943e040 	ldr	x0, [x2, #1984]
}
    40003780:	d65f03c0 	ret
	...

0000000040003790 <scheduler_init>:
/* ========================================================================
 * 调度器初始化
 * ======================================================================== */

kernel_status_t scheduler_init(void)
{
    40003790:	a9bc7bfd 	stp	x29, x30, [sp, #-64]!
    40003794:	910003fd 	mov	x29, sp
    40003798:	a90153f3 	stp	x19, x20, [sp, #16]
    uint32_t cpu_id;
    uint32_t i;
    uint32_t j;

    if (g_scheduler.initialized)
    4000379c:	90000093 	adrp	x19, 40013000 <s_gicc_base>
    400037a0:	911f2260 	add	x0, x19, #0x7c8
    400037a4:	91406000 	add	x0, x0, #0x18, lsl #12
    400037a8:	39470000 	ldrb	w0, [x0, #448]
    400037ac:	370009a0 	tbnz	w0, #0, 400038e0 <scheduler_init+0x150>
    400037b0:	90000082 	adrp	x2, 40013000 <s_gicc_base>
    400037b4:	911fa042 	add	x2, x2, #0x7e8
    400037b8:	91400441 	add	x1, x2, #0x1, lsl #12
    400037bc:	d2800004 	mov	x4, #0x0                   	// #0
    {
        return KERNEL_OK;
    }

    /* 初始化所有 CPU 的就绪队列 */
    for (cpu_id = 0U; cpu_id < CONFIG_MAX_CPUS; cpu_id++)
    400037c0:	d2820703 	mov	x3, #0x1038                	// #4152
    400037c4:	d2903805 	mov	x5, #0x81c0                	// #33216
    400037c8:	a9025bf5 	stp	x21, x22, [sp, #32]
    400037cc:	f9001bf7 	str	x23, [sp, #48]
    }

    bm->bits[0U] = 0ULL;
    bm->bits[1U] = 0ULL;
    bm->bits[2U] = 0ULL;
    bm->bits[3U] = 0ULL;
    400037d0:	aa0203e0 	mov	x0, x2
    bm->bits[1U] = 0ULL;
    400037d4:	a93e7c5f 	stp	xzr, xzr, [x2, #-32]
    bm->bits[3U] = 0ULL;
    400037d8:	a93f7c5f 	stp	xzr, xzr, [x2, #-16]

        /* 清零位图 */
        bitmap256_clear_all(&cpu_q->bitmap);

        /* 初始化每优先级就绪链表 */
        for (j = 0U; j < CONFIG_PRIORITY_LEVELS; j++)
    400037dc:	d503201f 	nop
        {
            cpu_q->queues[j].next = &cpu_q->queues[j];
            cpu_q->queues[j].prev = &cpu_q->queues[j];
    400037e0:	a9000000 	stp	x0, x0, [x0]
        for (j = 0U; j < CONFIG_PRIORITY_LEVELS; j++)
    400037e4:	91004000 	add	x0, x0, #0x10
    400037e8:	eb01001f 	cmp	x0, x1
    400037ec:	54ffffa1 	b.ne	400037e0 <scheduler_init+0x50>  // b.any
    for (cpu_id = 0U; cpu_id < CONFIG_MAX_CPUS; cpu_id++)
    400037f0:	8b030084 	add	x4, x4, x3
        }

        cpu_q->lock = 0U;
    400037f4:	f908005f 	str	xzr, [x2, #4096]
        cpu_q->nr_running = 0U;
        cpu_q->current_thread = NULL;
    400037f8:	f908045f 	str	xzr, [x2, #4104]
    for (cpu_id = 0U; cpu_id < CONFIG_MAX_CPUS; cpu_id++)
    400037fc:	8b030001 	add	x1, x0, x3
        cpu_q->idle_thread = NULL;
    40003800:	f908085f 	str	xzr, [x2, #4112]
    for (cpu_id = 0U; cpu_id < CONFIG_MAX_CPUS; cpu_id++)
    40003804:	8b030042 	add	x2, x2, x3
    40003808:	eb05009f 	cmp	x4, x5
    4000380c:	54fffe21 	b.ne	400037d0 <scheduler_init+0x40>  // b.any
    40003810:	900000c0 	adrp	x0, 4001b000 <g_scheduler+0x7838>
    40003814:	9128e000 	add	x0, x0, #0xa38
    }

    /* 初始化线程表 */
    for (i = 0U; i < CONFIG_MAX_THREADS; i++)
    40003818:	52800001 	mov	w1, #0x0                   	// #0
    4000381c:	d503201f 	nop
        thread->policy = KTHREAD_POLICY_FIFO;
        thread->time_slice = 0U;
        thread->time_slice_reload = 0U;
        thread->rq_list.next = &thread->rq_list;
        thread->rq_list.prev = &thread->rq_list;
        thread->sleep_node.next = &thread->sleep_node;
    40003820:	91004002 	add	x2, x0, #0x10
        thread->state = KTHREAD_STATE_DEAD;
    40003824:	29397c01 	stp	w1, wzr, [x0, #-56]
    for (i = 0U; i < CONFIG_MAX_THREADS; i++)
    40003828:	11000421 	add	w1, w1, #0x1
        thread->entry_arg = NULL;
    4000382c:	a93d7c1f 	stp	xzr, xzr, [x0, #-48]
        thread->stack_base = 0U;
    40003830:	f81e001f 	stur	xzr, [x0, #-32]
        thread->stack_size = 0U;
    40003834:	b81e801f 	stur	wzr, [x0, #-24]
        thread->prio = PRIORITY_MIN;
    40003838:	381ec01f 	sturb	wzr, [x0, #-20]
        thread->policy = KTHREAD_POLICY_FIFO;
    4000383c:	f81f001f 	stur	xzr, [x0, #-16]
        thread->time_slice_reload = 0U;
    40003840:	b81f801f 	stur	wzr, [x0, #-8]
        thread->rq_list.prev = &thread->rq_list;
    40003844:	a9000000 	stp	x0, x0, [x0]
        thread->sleep_node.prev = &thread->sleep_node;
    40003848:	a9010802 	stp	x2, x2, [x0, #16]
    for (i = 0U; i < CONFIG_MAX_THREADS; i++)
    4000384c:	91040000 	add	x0, x0, #0x100
        thread->wakeup_tick = 0ULL;
    40003850:	f812001f 	stur	xzr, [x0, #-224]
        thread->name[0U] = '\0';
    40003854:	3814001f 	sturb	wzr, [x0, #-192]
    for (i = 0U; i < CONFIG_MAX_THREADS; i++)
    40003858:	7104003f 	cmp	w1, #0x100
    4000385c:	54fffe21 	b.ne	40003820 <scheduler_init+0x90>  // b.any
    40003860:	90000017 	adrp	x23, 40003000 <gic_set_target>
    40003864:	d0000036 	adrp	x22, 40009000 <__text_end>
        {
            return -ENOMEM;
        }

        idle_thread = &g_scheduler.thread_table[tid];
        g_scheduler.cpu_queues[cpu_id].idle_thread = idle_thread;
    40003868:	b0000095 	adrp	x21, 40014000 <g_scheduler+0x838>
        tid = kthread_create("idle",
    4000386c:	911c42f7 	add	x23, x23, #0x710
    40003870:	910ea2d6 	add	x22, x22, #0x3a8
        g_scheduler.cpu_queues[cpu_id].idle_thread = idle_thread;
    40003874:	911fe2b5 	add	x21, x21, #0x7f8
    40003878:	d2800014 	mov	x20, #0x0                   	// #0
        tid = kthread_create("idle",
    4000387c:	aa1703e1 	mov	x1, x23
    40003880:	52800003 	mov	w3, #0x0                   	// #0
    40003884:	d2800002 	mov	x2, #0x0                   	// #0
    40003888:	aa1603e0 	mov	x0, x22
    4000388c:	52840005 	mov	w5, #0x2000                	// #8192
    40003890:	52800004 	mov	w4, #0x0                   	// #0
    40003894:	9400016f 	bl	40003e50 <kthread_create>
        idle_thread = &g_scheduler.thread_table[tid];
    40003898:	911f2262 	add	x2, x19, #0x7c8
    4000389c:	52802003 	mov	w3, #0x100                 	// #256
    400038a0:	d2903801 	mov	x1, #0x81c0                	// #33216
        if (tid == THREAD_ID_INVALID)
    400038a4:	3100041f 	cmn	w0, #0x1
    400038a8:	54000240 	b.eq	400038f0 <scheduler_init+0x160>  // b.none
        idle_thread = &g_scheduler.thread_table[tid];
    400038ac:	9ba30400 	umaddl	x0, w0, w3, x1
    400038b0:	8b020000 	add	x0, x0, x2
        g_scheduler.cpu_queues[cpu_id].idle_thread = idle_thread;
    400038b4:	f8346aa0 	str	x0, [x21, x20]
    for (cpu_id = 0U; cpu_id < CONFIG_MAX_CPUS; cpu_id++)
    400038b8:	d2820700 	mov	x0, #0x1038                	// #4152
    400038bc:	8b000294 	add	x20, x20, x0
    400038c0:	eb01029f 	cmp	x20, x1
    400038c4:	54fffdc1 	b.ne	4000387c <scheduler_init+0xec>  // b.any
    }

    /* 标记初始化完成 */
    barrier();
    400038c8:	d5033fbf 	dmb	sy
    g_scheduler.initialized = true;
    400038cc:	a9425bf5 	ldp	x21, x22, [sp, #32]
    400038d0:	91406042 	add	x2, x2, #0x18, lsl #12
    400038d4:	f9401bf7 	ldr	x23, [sp, #48]
    400038d8:	52800020 	mov	w0, #0x1                   	// #1
    400038dc:	39070040 	strb	w0, [x2, #448]

    return KERNEL_OK;
}
    400038e0:	a94153f3 	ldp	x19, x20, [sp, #16]
        return KERNEL_OK;
    400038e4:	52800000 	mov	w0, #0x0                   	// #0
}
    400038e8:	a8c47bfd 	ldp	x29, x30, [sp], #64
    400038ec:	d65f03c0 	ret
    400038f0:	a94153f3 	ldp	x19, x20, [sp, #16]
            return -ENOMEM;
    400038f4:	12800160 	mov	w0, #0xfffffff4            	// #-12
    400038f8:	a9425bf5 	ldp	x21, x22, [sp, #32]
    400038fc:	f9401bf7 	ldr	x23, [sp, #48]
}
    40003900:	a8c47bfd 	ldp	x29, x30, [sp], #64
    40003904:	d65f03c0 	ret
	...

0000000040003910 <scheduler_enqueue>:
void scheduler_enqueue(KThread_t *thread)
{
    uint32_t cpu_id;
    PerCPUReadyQueue_t *cpu_q;

    if (thread == NULL)
    40003910:	b40004a0 	cbz	x0, 400039a4 <scheduler_enqueue+0x94>
    uint64_t mpidr = sysreg_read(mpidr_el1);
    40003914:	d53800a4 	mrs	x4, mpidr_el1
    }

    word = bit / BITMAP256_BITS_PER_WORD;
    offset = bit % BITMAP256_BITS_PER_WORD;

    bm->bits[word] |= (1ULL << offset);
    40003918:	d37a1c81 	ubfiz	x1, x4, #6, #8

    cpu_id = hal_get_cpu_id();
    cpu_q = &g_scheduler.cpu_queues[cpu_id];

    /* 设置位图对应位 */
    bitmap256_set(&cpu_q->bitmap, (uint32_t)thread->prio);
    4000391c:	39427007 	ldrb	w7, [x0, #156]
    40003920:	8b240021 	add	x1, x1, w4, uxtb
    return (uint32_t)(mpidr & 0xFFU);
    40003924:	12001c88 	and	w8, w4, #0xff
    40003928:	90000082 	adrp	x2, 40013000 <s_gicc_base>
    4000392c:	911f2042 	add	x2, x2, #0x7c8
    40003930:	d37df021 	lsl	x1, x1, #3

    /* 加入对应优先级链表尾部 */
    thread->rq_list.next = &cpu_q->queues[thread->prio];
    thread->rq_list.prev = cpu_q->queues[thread->prio].prev;
    40003934:	d37c1ce3 	ubfiz	x3, x7, #4, #8
    40003938:	cb240021 	sub	x1, x1, w4, uxtb
    4000393c:	d3461ce6 	ubfx	x6, x7, #6, #2
    40003940:	8b060026 	add	x6, x1, x6
    40003944:	91008063 	add	x3, x3, #0x20
    40003948:	d37df021 	lsl	x1, x1, #3
    thread->rq_list.next = &cpu_q->queues[thread->prio];
    4000394c:	52820705 	mov	w5, #0x1038                	// #4152
    thread->rq_list.prev = cpu_q->queues[thread->prio].prev;
    40003950:	8b010063 	add	x3, x3, x1
    thread->rq_list.next = &cpu_q->queues[thread->prio];
    40003954:	110008e4 	add	w4, w7, #0x2
    thread->rq_list.prev = cpu_q->queues[thread->prio].prev;
    40003958:	8b030043 	add	x3, x2, x3
    thread->rq_list.next = &cpu_q->queues[thread->prio];
    4000395c:	9ba57d08 	umull	x8, w8, w5
    40003960:	f866784a 	ldr	x10, [x2, x6, lsl #3]
    40003964:	d2800025 	mov	x5, #0x1                   	// #1
    thread->rq_list.prev = cpu_q->queues[thread->prio].prev;
    40003968:	f9400469 	ldr	x9, [x3, #8]
    thread->rq_list.next = &cpu_q->queues[thread->prio];
    4000396c:	8b24d104 	add	x4, x8, w4, sxtw #4
    40003970:	9ac720a5 	lsl	x5, x5, x7
    40003974:	aa0a00a5 	orr	x5, x5, x10
    40003978:	f8267845 	str	x5, [x2, x6, lsl #3]
    4000397c:	8b020084 	add	x4, x4, x2
    cpu_q->queues[thread->prio].prev->next = &thread->rq_list;
    cpu_q->queues[thread->prio].prev = &thread->rq_list;

    /* 递增运行计数 */
    cpu_q->nr_running++;
    40003980:	8b010042 	add	x2, x2, x1
    thread->rq_list.prev = cpu_q->queues[thread->prio].prev;
    40003984:	a90b2404 	stp	x4, x9, [x0, #176]
    cpu_q->queues[thread->prio].prev->next = &thread->rq_list;
    40003988:	9102c000 	add	x0, x0, #0xb0
    4000398c:	f9000120 	str	x0, [x9]
    cpu_q->queues[thread->prio].prev = &thread->rq_list;
    40003990:	f9000460 	str	x0, [x3, #8]
    cpu_q->nr_running++;
    40003994:	b9502440 	ldr	w0, [x2, #4132]
    40003998:	11000400 	add	w0, w0, #0x1
    4000399c:	b9102440 	str	w0, [x2, #4132]
    barrier();
    400039a0:	d5033fbf 	dmb	sy
}
    400039a4:	d65f03c0 	ret
	...

00000000400039b0 <scheduler_dequeue>:
void scheduler_dequeue(KThread_t *thread)
{
    uint32_t cpu_id;
    PerCPUReadyQueue_t *cpu_q;

    if (thread == NULL)
    400039b0:	b40004c0 	cbz	x0, 40003a48 <scheduler_dequeue+0x98>
    uint64_t mpidr = sysreg_read(mpidr_el1);
    400039b4:	d53800a1 	mrs	x1, mpidr_el1

    cpu_id = hal_get_cpu_id();
    cpu_q = &g_scheduler.cpu_queues[cpu_id];

    /* 从链表中移除 */
    thread->rq_list.prev->next = thread->rq_list.next;
    400039b8:	aa0003e3 	mov	x3, x0
    thread->rq_list.next->prev = thread->rq_list.prev;
    thread->rq_list.next = &thread->rq_list;
    thread->rq_list.prev = &thread->rq_list;

    /* 如果该优先级链表为空，清除位图对应位 */
    if (cpu_q->queues[thread->prio].next == &cpu_q->queues[thread->prio])
    400039bc:	d37a1c22 	ubfiz	x2, x1, #6, #8
    thread->rq_list.prev->next = thread->rq_list.next;
    400039c0:	f9405c06 	ldr	x6, [x0, #184]
    if (cpu_q->queues[thread->prio].next == &cpu_q->queues[thread->prio])
    400039c4:	8b210042 	add	x2, x2, w1, uxtb
    thread->rq_list.prev->next = thread->rq_list.next;
    400039c8:	f84b0c64 	ldr	x4, [x3, #176]!
    if (cpu_q->queues[thread->prio].next == &cpu_q->queues[thread->prio])
    400039cc:	d37df042 	lsl	x2, x2, #3
    thread->rq_list.prev->next = thread->rq_list.next;
    400039d0:	f90000c4 	str	x4, [x6]
    if (cpu_q->queues[thread->prio].next == &cpu_q->queues[thread->prio])
    400039d4:	cb210042 	sub	x2, x2, w1, uxtb
    return (uint32_t)(mpidr & 0xFFU);
    400039d8:	12001c25 	and	w5, w1, #0xff
    400039dc:	52820708 	mov	w8, #0x1038                	// #4152
    thread->rq_list.next->prev = thread->rq_list.prev;
    400039e0:	f9000486 	str	x6, [x4, #8]
    if (cpu_q->queues[thread->prio].next == &cpu_q->queues[thread->prio])
    400039e4:	90000084 	adrp	x4, 40013000 <s_gicc_base>
    thread->rq_list.prev = &thread->rq_list;
    400039e8:	a90b0c03 	stp	x3, x3, [x0, #176]
    if (cpu_q->queues[thread->prio].next == &cpu_q->queues[thread->prio])
    400039ec:	911f2086 	add	x6, x4, #0x7c8
    400039f0:	39427007 	ldrb	w7, [x0, #156]
    400039f4:	9ba87ca5 	umull	x5, w5, w8
    400039f8:	92401c21 	and	x1, x1, #0xff
    400039fc:	110008e0 	add	w0, w7, #0x2
    40003a00:	d37c1ce3 	ubfiz	x3, x7, #4, #8
    40003a04:	91008063 	add	x3, x3, #0x20
    40003a08:	8b20d0a0 	add	x0, x5, w0, sxtw #4
    40003a0c:	8b020c63 	add	x3, x3, x2, lsl #3
    40003a10:	8b060000 	add	x0, x0, x6
    40003a14:	f86368c3 	ldr	x3, [x6, x3]
    40003a18:	eb00007f 	cmp	x3, x0
    40003a1c:	54000180 	b.eq	40003a4c <scheduler_dequeue+0x9c>  // b.none
    {
        bitmap256_clear(&cpu_q->bitmap, (uint32_t)thread->prio);
    }

    /* 递减运行计数 */
    if (cpu_q->nr_running > 0U)
    40003a20:	8b011820 	add	x0, x1, x1, lsl #6
    40003a24:	911f2084 	add	x4, x4, #0x7c8
    40003a28:	d37df000 	lsl	x0, x0, #3
    40003a2c:	cb010000 	sub	x0, x0, x1
    40003a30:	8b000c80 	add	x0, x4, x0, lsl #3
    40003a34:	b9502401 	ldr	w1, [x0, #4132]
    40003a38:	34000061 	cbz	w1, 40003a44 <scheduler_dequeue+0x94>
    {
        cpu_q->nr_running--;
    40003a3c:	51000421 	sub	w1, w1, #0x1
    40003a40:	b9102401 	str	w1, [x0, #4132]
    }

    barrier();
    40003a44:	d5033fbf 	dmb	sy
}
    40003a48:	d65f03c0 	ret
    }

    word = bit / BITMAP256_BITS_PER_WORD;
    offset = bit % BITMAP256_BITS_PER_WORD;

    bm->bits[word] &= ~(1ULL << offset);
    40003a4c:	d3461ce3 	ubfx	x3, x7, #6, #2
    40003a50:	d2800020 	mov	x0, #0x1                   	// #1
    40003a54:	8b030042 	add	x2, x2, x3
    40003a58:	9ac72000 	lsl	x0, x0, x7
    40003a5c:	f86278c3 	ldr	x3, [x6, x2, lsl #3]
    40003a60:	8a200060 	bic	x0, x3, x0
    40003a64:	f82278c0 	str	x0, [x6, x2, lsl #3]
    40003a68:	17ffffee 	b	40003a20 <scheduler_dequeue+0x70>
    40003a6c:	00000000 	udf	#0

0000000040003a70 <scheduler_pick_next>:
    uint64_t mpidr = sysreg_read(mpidr_el1);
    40003a70:	d53800a3 	mrs	x3, mpidr_el1
    /* 从最高字 bits[3] 开始搜索 */
    for (word_idx = BITMAP256_WORDS; word_idx > 0U; word_idx--)
    {
        uint32_t idx = word_idx - 1U;

        if (bm->bits[idx] != 0ULL)
    40003a74:	d37a1c61 	ubfiz	x1, x3, #6, #8
    40003a78:	90000082 	adrp	x2, 40013000 <s_gicc_base>
    40003a7c:	8b230021 	add	x1, x1, w3, uxtb
    40003a80:	911f2042 	add	x2, x2, #0x7c8
    for (word_idx = BITMAP256_WORDS; word_idx > 0U; word_idx--)
    40003a84:	52800080 	mov	w0, #0x4                   	// #4
        if (bm->bits[idx] != 0ULL)
    40003a88:	d37df021 	lsl	x1, x1, #3
    40003a8c:	cb230021 	sub	x1, x1, w3, uxtb
        uint32_t idx = word_idx - 1U;
    40003a90:	51000400 	sub	w0, w0, #0x1
        if (bm->bits[idx] != 0ULL)
    40003a94:	8b204023 	add	x3, x1, w0, uxtw
    40003a98:	f8637843 	ldr	x3, [x2, x3, lsl #3]
    40003a9c:	b50000a3 	cbnz	x3, 40003ab0 <scheduler_pick_next+0x40>
    for (word_idx = BITMAP256_WORDS; word_idx > 0U; word_idx--)
    40003aa0:	35ffff80 	cbnz	w0, 40003a90 <scheduler_pick_next+0x20>
        next = container_of(first, KThread_t, rq_list);
        return next;
    }

    /* 没有就绪线程，返回 idle 线程 */
    if (cpu_q->idle_thread != NULL)
    40003aa4:	8b010c41 	add	x1, x2, x1, lsl #3
    40003aa8:	f9481820 	ldr	x0, [x1, #4144]
    {
        return cpu_q->idle_thread;
    }

    return NULL;
}
    40003aac:	d65f03c0 	ret
        {
            leading_zeros = __builtin_clzll(bm->bits[idx]);
            return (idx * BITMAP256_BITS_PER_WORD) +
    40003ab0:	531a6400 	lsl	w0, w0, #6
            leading_zeros = __builtin_clzll(bm->bits[idx]);
    40003ab4:	dac01063 	clz	x3, x3
                   (uint32_t)(BITMAP256_BITS_PER_WORD - 1U) -
    40003ab8:	1100fc00 	add	w0, w0, #0x3f
        first = cpu_q->queues[highest_prio].next;
    40003abc:	d37df021 	lsl	x1, x1, #3
    40003ac0:	4b030000 	sub	w0, w0, w3
    40003ac4:	91000800 	add	x0, x0, #0x2
    40003ac8:	8b001020 	add	x0, x1, x0, lsl #4
        next = container_of(first, KThread_t, rq_list);
    40003acc:	f8606840 	ldr	x0, [x2, x0]
    40003ad0:	d102c000 	sub	x0, x0, #0xb0
}
    40003ad4:	d65f03c0 	ret
	...

0000000040003ae0 <schedule>:
/* ========================================================================
 * 触发调度
 * ======================================================================== */

void schedule(void)
{
    40003ae0:	a9be7bfd 	stp	x29, x30, [sp, #-32]!
    40003ae4:	910003fd 	mov	x29, sp
    40003ae8:	a90153f3 	stp	x19, x20, [sp, #16]
    40003aec:	d53800a1 	mrs	x1, mpidr_el1
    KThread_t *prev;
    KThread_t *next;
    uint32_t cpu_id;

    cpu_id = hal_get_cpu_id();
    prev = g_scheduler.cpu_queues[cpu_id].current_thread;
    40003af0:	d37a1c20 	ubfiz	x0, x1, #6, #8
    40003af4:	90000089 	adrp	x9, 40013000 <s_gicc_base>
    40003af8:	8b210000 	add	x0, x0, w1, uxtb
    40003afc:	911f2122 	add	x2, x9, #0x7c8
    40003b00:	d37df000 	lsl	x0, x0, #3
    40003b04:	cb210000 	sub	x0, x0, w1, uxtb
    40003b08:	8b000c40 	add	x0, x2, x0, lsl #3
    40003b0c:	f9481414 	ldr	x20, [x0, #4136]
    next = scheduler_pick_next();
    40003b10:	97ffffd8 	bl	40003a70 <scheduler_pick_next>

    if (next == NULL)
    40003b14:	b4000540 	cbz	x0, 40003bbc <schedule+0xdc>
    {
        return;
    }

    /* 从就绪队列中移除下一个线程（防止同时在队列和运行状态） */
    if (next->state == KTHREAD_STATE_READY)
    40003b18:	b9407c01 	ldr	w1, [x0, #124]
    40003b1c:	aa0003f3 	mov	x19, x0
    40003b20:	7100043f 	cmp	w1, #0x1
    40003b24:	540009e0 	b.eq	40003c60 <schedule+0x180>  // b.none
    {
        scheduler_dequeue(next);
    }

    /* 如果下一个线程与当前线程相同，无需切换 */
    if (prev == next)
    40003b28:	eb13029f 	cmp	x20, x19
    40003b2c:	54000480 	b.eq	40003bbc <schedule+0xdc>  // b.none
    {
        return;
    }

    /* 将当前线程从运行状态改为就绪状态并重新入队 */
    if ((prev != NULL) && (prev->state == KTHREAD_STATE_RUNNING))
    40003b30:	b4000094 	cbz	x20, 40003b40 <schedule+0x60>
    40003b34:	b9407e80 	ldr	w0, [x20, #124]
    40003b38:	7100081f 	cmp	w0, #0x2
    40003b3c:	54000460 	b.eq	40003bc8 <schedule+0xe8>  // b.none
    40003b40:	d53800a1 	mrs	x1, mpidr_el1
    cpu_q->current_thread = thread;
    40003b44:	d37a1c20 	ubfiz	x0, x1, #6, #8
    40003b48:	911f2129 	add	x9, x9, #0x7c8
    40003b4c:	8b210000 	add	x0, x0, w1, uxtb
    thread->state = KTHREAD_STATE_RUNNING;
    40003b50:	52800042 	mov	w2, #0x2                   	// #2
    cpu_q->current_thread = thread;
    40003b54:	d37df000 	lsl	x0, x0, #3
    40003b58:	cb210000 	sub	x0, x0, w1, uxtb
    40003b5c:	8b000d20 	add	x0, x9, x0, lsl #3
    40003b60:	f9081413 	str	x19, [x0, #4136]
    thread->state = KTHREAD_STATE_RUNNING;
    40003b64:	b9007e62 	str	w2, [x19, #124]
    barrier();
    40003b68:	d5033fbf 	dmb	sy
 * @return ELR_EL1 当前值
 */
static inline uint64_t hal_read_elr(void)
{
    uint64_t val;
    __asm__ volatile("mrs %0, elr_el1" : "=r"(val));
    40003b6c:	d5384020 	mrs	x0, elr_el1

    /* 设置下一个线程为当前线程 */
    scheduler_load_current(next);

    /* 保存当前 ELR/SPSR 到 prev context (context[13]/[14]) */
    prev->context[13U] = hal_read_elr();
    40003b70:	f9003680 	str	x0, [x20, #104]
 * @return SPSR_EL1 当前值
 */
static inline uint64_t hal_read_spsr(void)
{
    uint64_t val;
    __asm__ volatile("mrs %0, spsr_el1" : "=r"(val));
    40003b74:	d5384000 	mrs	x0, spsr_el1
    prev->context[14U] = hal_read_spsr();
    40003b78:	f9003a80 	str	x0, [x20, #112]

    /* P0-2: 用户态地址空间隔离 - 切换 TTBR0 */
    if (next->is_user != 0U)
    40003b7c:	39436260 	ldrb	w0, [x19, #216]
    40003b80:	35000180 	cbnz	w0, 40003bb0 <schedule+0xd0>
    {
        mmu_switch_to_user(next->user_pgd);
    }
    else
    {
        mmu_switch_to_kernel();
    40003b84:	97fffc67 	bl	40002d20 <mmu_switch_to_kernel>
    __asm__ volatile("msr elr_el1, %0" :: "r"(val));
    40003b88:	f9403660 	ldr	x0, [x19, #104]
    40003b8c:	d5184020 	msr	elr_el1, x0
 * @brief 写入 SPSR_EL1（保存的程序状态寄存器）
 * @param val 要写入的值
 */
static inline void hal_write_spsr(uint64_t val)
{
    __asm__ volatile("msr spsr_el1, %0" :: "r"(val));
    40003b90:	f9403a60 	ldr	x0, [x19, #112]
    40003b94:	d5184000 	msr	spsr_el1, x0
 * @brief 指令同步屏障 (ISB)
 * @details 刷新流水线，确保之前所有上下文改变操作完成
 */
static inline void hal_isb(void)
{
    __asm__ volatile("isb");
    40003b98:	d5033fdf 	isb
    hal_write_elr(next->context[13U]);
    hal_write_spsr(next->context[14U]);
    hal_isb();

    /* 执行上下文切换 */
    context_switch(prev->context, next->context);
    40003b9c:	aa1303e1 	mov	x1, x19
    40003ba0:	aa1403e0 	mov	x0, x20
}
    40003ba4:	a94153f3 	ldp	x19, x20, [sp, #16]
    40003ba8:	a8c27bfd 	ldp	x29, x30, [sp], #32
    context_switch(prev->context, next->context);
    40003bac:	17fff915 	b	40002000 <context_switch>
        mmu_switch_to_user(next->user_pgd);
    40003bb0:	f9407660 	ldr	x0, [x19, #232]
    40003bb4:	97fffc4b 	bl	40002ce0 <mmu_switch_to_user>
    40003bb8:	17fffff4 	b	40003b88 <schedule+0xa8>
}
    40003bbc:	a94153f3 	ldp	x19, x20, [sp, #16]
    40003bc0:	a8c27bfd 	ldp	x29, x30, [sp], #32
    40003bc4:	d65f03c0 	ret
        prev->state = KTHREAD_STATE_READY;
    40003bc8:	52800020 	mov	w0, #0x1                   	// #1
    40003bcc:	b9007e80 	str	w0, [x20, #124]
    uint64_t mpidr = sysreg_read(mpidr_el1);
    40003bd0:	d53800a3 	mrs	x3, mpidr_el1
    bm->bits[word] |= (1ULL << offset);
    40003bd4:	d37a1c60 	ubfiz	x0, x3, #6, #8
    bitmap256_set(&cpu_q->bitmap, (uint32_t)thread->prio);
    40003bd8:	39427286 	ldrb	w6, [x20, #156]
    40003bdc:	8b230000 	add	x0, x0, w3, uxtb
    40003be0:	911f2121 	add	x1, x9, #0x7c8
    return (uint32_t)(mpidr & 0xFFU);
    40003be4:	12001c67 	and	w7, w3, #0xff
    thread->rq_list.next = &cpu_q->queues[thread->prio];
    40003be8:	52820704 	mov	w4, #0x1038                	// #4152
    40003bec:	d37df000 	lsl	x0, x0, #3
    thread->rq_list.prev = cpu_q->queues[thread->prio].prev;
    40003bf0:	d37c1cc2 	ubfiz	x2, x6, #4, #8
    40003bf4:	cb230000 	sub	x0, x0, w3, uxtb
    40003bf8:	d3461cc5 	ubfx	x5, x6, #6, #2
    40003bfc:	8b050005 	add	x5, x0, x5
    40003c00:	91008042 	add	x2, x2, #0x20
    40003c04:	d37df000 	lsl	x0, x0, #3
    thread->rq_list.next = &cpu_q->queues[thread->prio];
    40003c08:	9ba47ce7 	umull	x7, w7, w4
    thread->rq_list.prev = cpu_q->queues[thread->prio].prev;
    40003c0c:	8b000042 	add	x2, x2, x0
    40003c10:	d2800024 	mov	x4, #0x1                   	// #1
    40003c14:	8b020022 	add	x2, x1, x2
    thread->rq_list.next = &cpu_q->queues[thread->prio];
    40003c18:	110008c3 	add	w3, w6, #0x2
    40003c1c:	f8657828 	ldr	x8, [x1, x5, lsl #3]
    40003c20:	9ac62084 	lsl	x4, x4, x6
    thread->rq_list.prev = cpu_q->queues[thread->prio].prev;
    40003c24:	f9400446 	ldr	x6, [x2, #8]
    40003c28:	aa080084 	orr	x4, x4, x8
    thread->rq_list.next = &cpu_q->queues[thread->prio];
    40003c2c:	8b23d0e3 	add	x3, x7, w3, sxtw #4
    40003c30:	f8257824 	str	x4, [x1, x5, lsl #3]
    40003c34:	8b010063 	add	x3, x3, x1
    cpu_q->nr_running++;
    40003c38:	8b000021 	add	x1, x1, x0
    thread->rq_list.prev = cpu_q->queues[thread->prio].prev;
    40003c3c:	a90b1a83 	stp	x3, x6, [x20, #176]
    cpu_q->queues[thread->prio].prev->next = &thread->rq_list;
    40003c40:	9102c280 	add	x0, x20, #0xb0
    40003c44:	f90000c0 	str	x0, [x6]
    cpu_q->queues[thread->prio].prev = &thread->rq_list;
    40003c48:	f9000440 	str	x0, [x2, #8]
    cpu_q->nr_running++;
    40003c4c:	b9502420 	ldr	w0, [x1, #4132]
    40003c50:	11000400 	add	w0, w0, #0x1
    40003c54:	b9102420 	str	w0, [x1, #4132]
    barrier();
    40003c58:	d5033fbf 	dmb	sy
    40003c5c:	17ffffb9 	b	40003b40 <schedule+0x60>
        scheduler_dequeue(next);
    40003c60:	97ffff54 	bl	400039b0 <scheduler_dequeue>
    40003c64:	17ffffb1 	b	40003b28 <schedule+0x48>
	...

0000000040003c70 <scheduler_tick>:
    uint64_t mpidr = sysreg_read(mpidr_el1);
    40003c70:	d53800a1 	mrs	x1, mpidr_el1
    KThread_t *current;
    KThread_t *next;
    uint32_t cpu_id;

    cpu_id = hal_get_cpu_id();
    current = g_scheduler.cpu_queues[cpu_id].current_thread;
    40003c74:	d37a1c20 	ubfiz	x0, x1, #6, #8
    40003c78:	90000082 	adrp	x2, 40013000 <s_gicc_base>
    40003c7c:	8b210000 	add	x0, x0, w1, uxtb
    40003c80:	911f2042 	add	x2, x2, #0x7c8
    40003c84:	d37df000 	lsl	x0, x0, #3
    40003c88:	cb210000 	sub	x0, x0, w1, uxtb
    40003c8c:	8b000c40 	add	x0, x2, x0, lsl #3
    40003c90:	f9481404 	ldr	x4, [x0, #4136]

    if (current == NULL)
    40003c94:	b40003c4 	cbz	x4, 40003d0c <scheduler_tick+0x9c>
{
    40003c98:	a9be7bfd 	stp	x29, x30, [sp, #-32]!
    40003c9c:	910003fd 	mov	x29, sp
    {
        return;
    }

    /* 仅对 RR 策略的线程处理时间片 */
    if (current->policy == KTHREAD_POLICY_RR)
    40003ca0:	b940a080 	ldr	w0, [x4, #160]
{
    40003ca4:	f9000bf3 	str	x19, [sp, #16]
    40003ca8:	12001c33 	and	w19, w1, #0xff
    if (current->policy == KTHREAD_POLICY_RR)
    40003cac:	7100041f 	cmp	w0, #0x1
    40003cb0:	540000c1 	b.ne	40003cc8 <scheduler_tick+0x58>  // b.any
    {
        if (current->time_slice > 0U)
    40003cb4:	b940a480 	ldr	w0, [x4, #164]
    40003cb8:	34000080 	cbz	w0, 40003cc8 <scheduler_tick+0x58>
        {
            current->time_slice--;
    40003cbc:	51000400 	sub	w0, w0, #0x1
    40003cc0:	b900a480 	str	w0, [x4, #164]
            if (current->time_slice == 0U)
    40003cc4:	34000260 	cbz	w0, 40003d10 <scheduler_tick+0xa0>
            }
        }
    }

    /* 优先级抢占检查：如果就绪队列中有更高优先级线程，立即抢占 */
    next = scheduler_pick_next();
    40003cc8:	97ffff6a 	bl	40003a70 <scheduler_pick_next>
    if ((next != NULL) && (next != current) && (next->prio > current->prio))
    40003ccc:	f100001f 	cmp	x0, #0x0
    40003cd0:	fa401084 	ccmp	x4, x0, #0x4, ne	// ne = any
    40003cd4:	540000a0 	b.eq	40003ce8 <scheduler_tick+0x78>  // b.none
    40003cd8:	39427001 	ldrb	w1, [x0, #156]
    40003cdc:	39427080 	ldrb	w0, [x4, #156]
    40003ce0:	6b00003f 	cmp	w1, w0
    40003ce4:	540000a8 	b.hi	40003cf8 <scheduler_tick+0x88>  // b.pmore
    {
        schedule();
    }

    /* SMP 负载均衡检查 */
    smp_tick_check_balance(cpu_id);
    40003ce8:	2a1303e0 	mov	w0, w19
}
    40003cec:	f9400bf3 	ldr	x19, [sp, #16]
    40003cf0:	a8c27bfd 	ldp	x29, x30, [sp], #32
    smp_tick_check_balance(cpu_id);
    40003cf4:	140005db 	b	40005460 <smp_tick_check_balance>
        schedule();
    40003cf8:	97ffff7a 	bl	40003ae0 <schedule>
    smp_tick_check_balance(cpu_id);
    40003cfc:	2a1303e0 	mov	w0, w19
}
    40003d00:	f9400bf3 	ldr	x19, [sp, #16]
    40003d04:	a8c27bfd 	ldp	x29, x30, [sp], #32
    smp_tick_check_balance(cpu_id);
    40003d08:	140005d6 	b	40005460 <smp_tick_check_balance>
    40003d0c:	d65f03c0 	ret
                current->time_slice = current->time_slice_reload;
    40003d10:	b940a880 	ldr	w0, [x4, #168]
}
    40003d14:	f9400bf3 	ldr	x19, [sp, #16]
                current->time_slice = current->time_slice_reload;
    40003d18:	b900a480 	str	w0, [x4, #164]
}
    40003d1c:	a8c27bfd 	ldp	x29, x30, [sp], #32
                schedule();
    40003d20:	17ffff70 	b	40003ae0 <schedule>
	...

0000000040003d30 <scheduler_start>:
 *          并通过 cpu_switch_to_first_task 切换到该线程执行。
 *          如果没有就绪线程，切换到 idle 线程。
 *          此函数不返回。
 */
void NORETURN scheduler_start(void)
{
    40003d30:	a9bf7bfd 	stp	x29, x30, [sp, #-16]!
    40003d34:	910003fd 	mov	x29, sp
    40003d38:	d53800a0 	mrs	x0, mpidr_el1
    uint32_t cpu_id;

    cpu_id = hal_get_cpu_id();

    /* 选择最高优先级就绪线程 */
    first_thread = scheduler_pick_next();
    40003d3c:	97ffff4d 	bl	40003a70 <scheduler_pick_next>
    if (first_thread == NULL)
    40003d40:	b40002c0 	cbz	x0, 40003d98 <scheduler_start+0x68>
            hal_wfe();
        }
    }

    /* 从就绪队列移除（防止同时在队列和运行状态） */
    if (first_thread->state == KTHREAD_STATE_READY)
    40003d44:	b9407c01 	ldr	w1, [x0, #124]
    40003d48:	aa0003e9 	mov	x9, x0
    40003d4c:	7100043f 	cmp	w1, #0x1
    40003d50:	540002a0 	b.eq	40003da4 <scheduler_start+0x74>  // b.none
    40003d54:	d53800a2 	mrs	x2, mpidr_el1
    cpu_q->current_thread = thread;
    40003d58:	d37a1c40 	ubfiz	x0, x2, #6, #8
    40003d5c:	90000081 	adrp	x1, 40013000 <s_gicc_base>
    40003d60:	8b220000 	add	x0, x0, w2, uxtb
    40003d64:	911f2021 	add	x1, x1, #0x7c8
    thread->state = KTHREAD_STATE_RUNNING;
    40003d68:	52800043 	mov	w3, #0x2                   	// #2
    cpu_q->current_thread = thread;
    40003d6c:	d37df000 	lsl	x0, x0, #3
    40003d70:	cb220000 	sub	x0, x0, w2, uxtb
    40003d74:	8b000c20 	add	x0, x1, x0, lsl #3
    40003d78:	f9081409 	str	x9, [x0, #4136]
    thread->state = KTHREAD_STATE_RUNNING;
    40003d7c:	b9007d23 	str	w3, [x9, #124]
    barrier();
    40003d80:	d5033fbf 	dmb	sy

    /* 设置为当前运行线程 */
    scheduler_load_current(first_thread);

    /* 切换到第一个任务（永不返回） */
    cpu_switch_to_first_task(first_thread->context);
    40003d84:	aa0903e0 	mov	x0, x9
    40003d88:	97fff8c4 	bl	40002098 <cpu_switch_to_first_task>

    /* 永不到达 */
    for (;;)
    {
        hal_wfe();
    40003d8c:	97fff959 	bl	400022f0 <hal_wfe>
    40003d90:	97fff958 	bl	400022f0 <hal_wfe>
    for (;;)
    40003d94:	17fffffe 	b	40003d8c <scheduler_start+0x5c>
            hal_wfe();
    40003d98:	97fff956 	bl	400022f0 <hal_wfe>
    40003d9c:	97fff955 	bl	400022f0 <hal_wfe>
        for (;;)
    40003da0:	17fffffe 	b	40003d98 <scheduler_start+0x68>
        scheduler_dequeue(first_thread);
    40003da4:	97ffff03 	bl	400039b0 <scheduler_dequeue>
    if (thread == NULL)
    40003da8:	17ffffeb 	b	40003d54 <scheduler_start+0x24>
    40003dac:	00000000 	udf	#0

0000000040003db0 <scheduler_start_secondary>:
 *          不需要保存旧上下文。
 *
 * @warning 此函数不返回
 */
void NORETURN scheduler_start_secondary(void)
{
    40003db0:	a9be7bfd 	stp	x29, x30, [sp, #-32]!
    40003db4:	910003fd 	mov	x29, sp
    40003db8:	d53800a4 	mrs	x4, mpidr_el1
    uint32_t cpu_id;

    cpu_id = hal_get_cpu_id();

    /* 选择最高优先级就绪线程 */
    first_thread = scheduler_pick_next();
    40003dbc:	90000089 	adrp	x9, 40013000 <s_gicc_base>
    40003dc0:	97ffff2c 	bl	40003a70 <scheduler_pick_next>

    if (first_thread == NULL)
    40003dc4:	b4000260 	cbz	x0, 40003e10 <scheduler_start_secondary+0x60>
            }
        }
    }

    /* 从就绪队列移除 */
    if (first_thread->state == KTHREAD_STATE_READY)
    40003dc8:	b9407c01 	ldr	w1, [x0, #124]
    40003dcc:	7100043f 	cmp	w1, #0x1
    40003dd0:	54000320 	b.eq	40003e34 <scheduler_start_secondary+0x84>  // b.none
    40003dd4:	d53800a2 	mrs	x2, mpidr_el1
    cpu_q->current_thread = thread;
    40003dd8:	d37a1c41 	ubfiz	x1, x2, #6, #8
    40003ddc:	911f2129 	add	x9, x9, #0x7c8
    40003de0:	8b220021 	add	x1, x1, w2, uxtb
    thread->state = KTHREAD_STATE_RUNNING;
    40003de4:	52800043 	mov	w3, #0x2                   	// #2
    cpu_q->current_thread = thread;
    40003de8:	d37df021 	lsl	x1, x1, #3
    40003dec:	cb220021 	sub	x1, x1, w2, uxtb
    40003df0:	8b010d21 	add	x1, x9, x1, lsl #3
    40003df4:	f9081420 	str	x0, [x1, #4136]
    thread->state = KTHREAD_STATE_RUNNING;
    40003df8:	b9007c03 	str	w3, [x0, #124]
    barrier();
    40003dfc:	d5033fbf 	dmb	sy

    /* 设置为当前运行线程 */
    scheduler_load_current(first_thread);

    /* 切换到第一个任务（永不返回） */
    cpu_switch_to_first_task(first_thread->context);
    40003e00:	97fff8a6 	bl	40002098 <cpu_switch_to_first_task>

    /* 永不到达 */
    for (;;)
    {
        hal_wfe();
    40003e04:	97fff93b 	bl	400022f0 <hal_wfe>
    40003e08:	97fff93a 	bl	400022f0 <hal_wfe>
    for (;;)
    40003e0c:	17fffffe 	b	40003e04 <scheduler_start_secondary+0x54>
        if (cpu_q->idle_thread != NULL)
    40003e10:	92401c80 	and	x0, x4, #0xff
    40003e14:	911f2121 	add	x1, x9, #0x7c8
    40003e18:	d2820702 	mov	x2, #0x1038                	// #4152
    40003e1c:	9b020400 	madd	x0, x0, x2, x1
    40003e20:	f9481800 	ldr	x0, [x0, #4144]
    40003e24:	b5fffd20 	cbnz	x0, 40003dc8 <scheduler_start_secondary+0x18>
                hal_wfe();
    40003e28:	97fff932 	bl	400022f0 <hal_wfe>
    40003e2c:	97fff931 	bl	400022f0 <hal_wfe>
            for (;;)
    40003e30:	17fffffe 	b	40003e28 <scheduler_start_secondary+0x78>
        scheduler_dequeue(first_thread);
    40003e34:	f9000fe0 	str	x0, [sp, #24]
    40003e38:	97fffede 	bl	400039b0 <scheduler_dequeue>
    40003e3c:	f9400fe0 	ldr	x0, [sp, #24]
    if (thread == NULL)
    40003e40:	17ffffe5 	b	40003dd4 <scheduler_start_secondary+0x24>
	...

0000000040003e50 <kthread_create>:
                           kthread_entry_t entry,
                           void *arg,
                           priority_t prio,
                           KThreadPolicy_t policy,
                           uint32_t stack_size)
{
    40003e50:	a9ba7bfd 	stp	x29, x30, [sp, #-96]!
    if (name == NULL)
    {
        return THREAD_ID_INVALID;
    }

    if (entry == NULL)
    40003e54:	f100003f 	cmp	x1, #0x0
    40003e58:	fa401804 	ccmp	x0, #0x0, #0x4, ne	// ne = any
{
    40003e5c:	910003fd 	mov	x29, sp
    40003e60:	a90153f3 	stp	x19, x20, [sp, #16]
    if (entry == NULL)
    40003e64:	54000be0 	b.eq	40003fe0 <kthread_create+0x190>  // b.none
    if (stack_size < CONFIG_STACK_SIZE_MIN)
    {
        stack_size = CONFIG_STACK_SIZE_MIN;
    }

    if (stack_size > CONFIG_STACK_SIZE_MAX)
    40003e68:	714040bf 	cmp	w5, #0x10, lsl #12
    40003e6c:	a9025bf5 	stp	x21, x22, [sp, #32]
    40003e70:	aa0003f5 	mov	x21, x0
    40003e74:	52a00020 	mov	w0, #0x10000               	// #65536
    40003e78:	1a8090a5 	csel	w5, w5, w0, ls	// ls = plast
    {
        stack_size = CONFIG_STACK_SIZE_MAX;
    }

    /* 对齐栈大小到 16 字节 */
    stack_size = (stack_size + 15U) & ~15U;
    40003e7c:	52820000 	mov	w0, #0x1000                	// #4096
    40003e80:	6b0000bf 	cmp	w5, w0
    40003e84:	a9046bf9 	stp	x25, x26, [sp, #64]
    40003e88:	1a8020a5 	csel	w5, w5, w0, cs	// cs = hs, nlast
    40003e8c:	11003ca5 	add	w5, w5, #0xf
    40003e90:	f0000039 	adrp	x25, 4000a000 <__dtb_ptr>
    40003e94:	f9404b39 	ldr	x25, [x25, #144]
    40003e98:	121c6cb4 	and	w20, w5, #0xfffffff0
    40003e9c:	d2904787 	mov	x7, #0x823c                	// #33340
    40003ea0:	aa0203fa 	mov	x26, x2
    40003ea4:	8b070325 	add	x5, x25, x7
    for (i = 0U; i < CONFIG_MAX_THREADS; i++)
    40003ea8:	52800013 	mov	w19, #0x0                   	// #0
    40003eac:	a90363f7 	stp	x23, x24, [sp, #48]
    40003eb0:	aa0103f8 	mov	x24, x1
    40003eb4:	a90573fb 	stp	x27, x28, [sp, #80]
    40003eb8:	2a0403fb 	mov	w27, w4
    40003ebc:	12001c7c 	and	w28, w3, #0xff
    40003ec0:	14000004 	b	40003ed0 <kthread_create+0x80>
    40003ec4:	11000673 	add	w19, w19, #0x1
    40003ec8:	7104027f 	cmp	w19, #0x100
    40003ecc:	54000820 	b.eq	40003fd0 <kthread_create+0x180>  // b.none
        if (g_scheduler.thread_table[i].state == KTHREAD_STATE_DEAD)
    40003ed0:	b94000a6 	ldr	w6, [x5]
    for (i = 0U; i < CONFIG_MAX_THREADS; i++)
    40003ed4:	910400a5 	add	x5, x5, #0x100
        if (g_scheduler.thread_table[i].state == KTHREAD_STATE_DEAD)
    40003ed8:	35ffff66 	cbnz	w6, 40003ec4 <kthread_create+0x74>
    if (tid == THREAD_ID_INVALID)
    {
        return THREAD_ID_INVALID;
    }

    thread = &g_scheduler.thread_table[tid];
    40003edc:	d2903801 	mov	x1, #0x81c0                	// #33216
    40003ee0:	d3787e77 	ubfiz	x23, x19, #8, #32
    40003ee4:	8b0102f6 	add	x22, x23, x1

    /* 分配栈空间（由调度器的 bump allocator 提供） */
    stack_top = stack_alloc_by_scheduler(stack_size);
    40003ee8:	2a1403e0 	mov	w0, w20
    thread = &g_scheduler.thread_table[tid];
    40003eec:	8b160336 	add	x22, x25, x22
    stack_top = stack_alloc_by_scheduler(stack_size);
    40003ef0:	97fffe10 	bl	40003730 <stack_alloc_by_scheduler>
    40003ef4:	aa0003e3 	mov	x3, x0
    if (stack_top == 0U)
    40003ef8:	b40006c0 	cbz	x0, 40003fd0 <kthread_create+0x180>
    {
        return THREAD_ID_INVALID;
    }

    /* 初始化线程控制块 */
    thread->tid = tid;
    40003efc:	8b170327 	add	x7, x25, x23
    thread->stack_size = stack_size;
    thread->prio = prio;
    thread->policy = policy;
    thread->time_slice = (policy == KTHREAD_POLICY_RR)
                         ? (CONFIG_TIME_SLICE_MS * CONFIG_TICK_RATE_HZ / 1000U)
                         : 0U;
    40003f00:	7100077f 	cmp	w27, #0x1
    thread->tid = tid;
    40003f04:	914020e7 	add	x7, x7, #0x8, lsl #12
                         : 0U;
    40003f08:	52800146 	mov	w6, #0xa                   	// #10
    40003f0c:	1a8613e6 	csel	w6, wzr, w6, ne	// ne = any
    thread->rq_list.prev = &thread->rq_list;
    thread->sleep_node.next = &thread->sleep_node;
    thread->sleep_node.prev = &thread->sleep_node;
    thread->wakeup_tick = 0ULL;

    copy_thread_name(thread->name, name);
    40003f10:	d2905602 	mov	x2, #0x82b0                	// #33456
    40003f14:	8b0202e8 	add	x8, x23, x2
    thread->sleep_node.next = &thread->sleep_node;
    40003f18:	d2905005 	mov	x5, #0x8280                	// #33408
    thread->time_slice = (policy == KTHREAD_POLICY_RR)
    40003f1c:	b90264e6 	str	w6, [x7, #612]
    thread->rq_list.next = &thread->rq_list;
    40003f20:	d2904e04 	mov	x4, #0x8270                	// #33392
    thread->time_slice_reload = thread->time_slice;
    40003f24:	b90268e6 	str	w6, [x7, #616]
    thread->sleep_node.prev = &thread->sleep_node;
    40003f28:	9109c0e6 	add	x6, x7, #0x270
    thread->rq_list.next = &thread->rq_list;
    40003f2c:	8b0402e0 	add	x0, x23, x4
    copy_thread_name(thread->name, name);
    40003f30:	8b080328 	add	x8, x25, x8
    thread->sleep_node.next = &thread->sleep_node;
    40003f34:	8b0502f7 	add	x23, x23, x5
    thread->stack_base = stack_top - (vaddr_t)stack_size;
    40003f38:	cb344061 	sub	x1, x3, w20, uxtw
    thread->rq_list.next = &thread->rq_list;
    40003f3c:	8b000320 	add	x0, x25, x0
    thread->sleep_node.next = &thread->sleep_node;
    40003f40:	8b170337 	add	x23, x25, x23
    thread->state = KTHREAD_STATE_READY;
    40003f44:	52800022 	mov	w2, #0x1                   	// #1
    copy_thread_name(thread->name, name);
    40003f48:	d2800005 	mov	x5, #0x0                   	// #0
    thread->sleep_node.prev = &thread->sleep_node;
    40003f4c:	a90000c0 	stp	x0, x0, [x6]
    40003f50:	a9015cd7 	stp	x23, x23, [x6, #16]
    thread->tid = tid;
    40003f54:	b90238f3 	str	w19, [x7, #568]
    thread->state = KTHREAD_STATE_READY;
    40003f58:	b9023ce2 	str	w2, [x7, #572]
    thread->entry = entry;
    40003f5c:	f90120f8 	str	x24, [x7, #576]
    thread->entry_arg = arg;
    40003f60:	f90124fa 	str	x26, [x7, #584]
    thread->stack_base = stack_top - (vaddr_t)stack_size;
    40003f64:	f90128e1 	str	x1, [x7, #592]
    thread->stack_size = stack_size;
    40003f68:	b90258f4 	str	w20, [x7, #600]
    thread->prio = prio;
    40003f6c:	390970fc 	strb	w28, [x7, #604]
    thread->policy = policy;
    40003f70:	b90260fb 	str	w27, [x7, #608]
    thread->wakeup_tick = 0ULL;
    40003f74:	f90148ff 	str	xzr, [x7, #656]
        dest[i] = src[i];
    40003f78:	38656aa4 	ldrb	w4, [x21, x5]
    40003f7c:	38256904 	strb	w4, [x8, x5]
    for (i = 0U; i < (KTHREAD_NAME_MAX - 1U); i++)
    40003f80:	910004a5 	add	x5, x5, #0x1
        if (src[i] == '\0')
    40003f84:	34000064 	cbz	w4, 40003f90 <kthread_create+0x140>
    for (i = 0U; i < (KTHREAD_NAME_MAX - 1U); i++)
    40003f88:	f1003cbf 	cmp	x5, #0xf
    40003f8c:	54ffff61 	b.ne	40003f78 <kthread_create+0x128>  // b.any
    dest[KTHREAD_NAME_MAX - 1U] = '\0';
    40003f90:	39003d1f 	strb	wzr, [x8, #15]

    /* 初始化上下文（ARM64 寄存器） */
    arch_setup_thread_context(thread->context,
    40003f94:	aa1a03e2 	mov	x2, x26
    40003f98:	aa1803e1 	mov	x1, x24
    40003f9c:	aa1603e0 	mov	x0, x22
    40003fa0:	97fff829 	bl	40002044 <arch_setup_thread_context>
                              (uint64_t)((uintptr_t)entry),
                              (uint64_t)((uintptr_t)arg),
                              (uint64_t)stack_top);

    barrier();
    40003fa4:	d5033fbf 	dmb	sy

    /* 将线程加入就绪队列 */
    scheduler_enqueue(thread);
    40003fa8:	aa1603e0 	mov	x0, x22
    40003fac:	97fffe59 	bl	40003910 <scheduler_enqueue>

    return tid;
    40003fb0:	a9425bf5 	ldp	x21, x22, [sp, #32]
}
    40003fb4:	2a1303e0 	mov	w0, w19
    40003fb8:	a94153f3 	ldp	x19, x20, [sp, #16]
    return tid;
    40003fbc:	a94363f7 	ldp	x23, x24, [sp, #48]
    40003fc0:	a9446bf9 	ldp	x25, x26, [sp, #64]
    40003fc4:	a94573fb 	ldp	x27, x28, [sp, #80]
}
    40003fc8:	a8c67bfd 	ldp	x29, x30, [sp], #96
    40003fcc:	d65f03c0 	ret
    40003fd0:	a9425bf5 	ldp	x21, x22, [sp, #32]
    40003fd4:	a94363f7 	ldp	x23, x24, [sp, #48]
    40003fd8:	a9446bf9 	ldp	x25, x26, [sp, #64]
    40003fdc:	a94573fb 	ldp	x27, x28, [sp, #80]
        return THREAD_ID_INVALID;
    40003fe0:	12800013 	mov	w19, #0xffffffff            	// #-1
}
    40003fe4:	2a1303e0 	mov	w0, w19
    40003fe8:	a94153f3 	ldp	x19, x20, [sp, #16]
    40003fec:	a8c67bfd 	ldp	x29, x30, [sp], #96
    40003ff0:	d65f03c0 	ret
	...

0000000040004000 <kthread_exit>:
/* ========================================================================
 * 线程退出
 * ======================================================================== */

void kthread_exit(void)
{
    40004000:	a9bf7bfd 	stp	x29, x30, [sp, #-16]!
    40004004:	910003fd 	mov	x29, sp
    40004008:	d53800a2 	mrs	x2, mpidr_el1
    KThread_t *current;
    uint32_t cpu_id;

    cpu_id = hal_get_cpu_id();
    current = g_scheduler.cpu_queues[cpu_id].current_thread;
    4000400c:	d37a1c40 	ubfiz	x0, x2, #6, #8
    40004010:	8b220000 	add	x0, x0, w2, uxtb
    40004014:	d0000021 	adrp	x1, 4000a000 <__dtb_ptr>
    40004018:	f9404821 	ldr	x1, [x1, #144]
    4000401c:	d37df000 	lsl	x0, x0, #3
    40004020:	cb220000 	sub	x0, x0, w2, uxtb
    40004024:	8b000c20 	add	x0, x1, x0, lsl #3
    40004028:	f9481400 	ldr	x0, [x0, #4136]

    if (current == NULL)
    4000402c:	b40000e0 	cbz	x0, 40004048 <kthread_exit+0x48>
            hal_wfe();
        }
    }

    /* 标记为 DEAD 状态 */
    current->state = KTHREAD_STATE_DEAD;
    40004030:	b9007c1f 	str	wzr, [x0, #124]
    barrier();
    40004034:	d5033fbf 	dmb	sy

    /* 触发调度，切换到下一个线程 */
    schedule();
    40004038:	97fffeaa 	bl	40003ae0 <schedule>

    /* 永不到达 */
    for (;;)
    {
        hal_wfe();
    4000403c:	97fff8ad 	bl	400022f0 <hal_wfe>
    40004040:	97fff8ac 	bl	400022f0 <hal_wfe>
    for (;;)
    40004044:	17fffffe 	b	4000403c <kthread_exit+0x3c>
            hal_wfe();
    40004048:	97fff8aa 	bl	400022f0 <hal_wfe>
    4000404c:	97fff8a9 	bl	400022f0 <hal_wfe>
        for (;;)
    40004050:	17fffffe 	b	40004048 <kthread_exit+0x48>
	...

0000000040004060 <kthread_suspend>:
    if (tid >= CONFIG_MAX_THREADS)
    40004060:	7103fc1f 	cmp	w0, #0xff
    40004064:	54000308 	b.hi	400040c4 <kthread_suspend+0x64>  // b.pmore
/* ========================================================================
 * 线程挂起
 * ======================================================================== */

kernel_status_t kthread_suspend(thread_id_t tid)
{
    40004068:	a9be7bfd 	stp	x29, x30, [sp, #-32]!
    return &g_scheduler.thread_table[tid];
    4000406c:	d2903802 	mov	x2, #0x81c0                	// #33216
    40004070:	d0000021 	adrp	x1, 4000a000 <__dtb_ptr>
    40004074:	f9404821 	ldr	x1, [x1, #144]
{
    40004078:	910003fd 	mov	x29, sp
    4000407c:	f9000bf3 	str	x19, [sp, #16]
    {
        return -(int32_t)ESRCH;
    }

    /* 只有就绪状态的线程可以被挂起 */
    if (thread->state == KTHREAD_STATE_READY)
    40004080:	d3787c13 	ubfiz	x19, x0, #8, #32
    return &g_scheduler.thread_table[tid];
    40004084:	aa1303e0 	mov	x0, x19
    if (thread->state == KTHREAD_STATE_READY)
    40004088:	8b130033 	add	x19, x1, x19
    4000408c:	91402273 	add	x19, x19, #0x8, lsl #12
    return &g_scheduler.thread_table[tid];
    40004090:	8b020000 	add	x0, x0, x2
    40004094:	8b010000 	add	x0, x0, x1
    if (thread->state == KTHREAD_STATE_READY)
    40004098:	b9423e61 	ldr	w1, [x19, #572]
    4000409c:	7100043f 	cmp	w1, #0x1
    400040a0:	54000161 	b.ne	400040cc <kthread_suspend+0x6c>  // b.any
    {
        /* 从就绪队列移除 */
        scheduler_dequeue(thread);
    400040a4:	97fffe43 	bl	400039b0 <scheduler_dequeue>
        thread->state = KTHREAD_STATE_SUSPENDED;
    400040a8:	528000a0 	mov	w0, #0x5                   	// #5
    400040ac:	b9023e60 	str	w0, [x19, #572]
        barrier();
    400040b0:	d5033fbf 	dmb	sy
        return KERNEL_OK;
    }

    /* 运行状态的线程不能挂起（应由自身调用） */
    return -(int32_t)EINVAL;
}
    400040b4:	f9400bf3 	ldr	x19, [sp, #16]
        return KERNEL_OK;
    400040b8:	52800000 	mov	w0, #0x0                   	// #0
}
    400040bc:	a8c27bfd 	ldp	x29, x30, [sp], #32
    400040c0:	d65f03c0 	ret
        return -(int32_t)ESRCH;
    400040c4:	12800040 	mov	w0, #0xfffffffd            	// #-3
}
    400040c8:	d65f03c0 	ret
    400040cc:	f9400bf3 	ldr	x19, [sp, #16]
    return -(int32_t)EINVAL;
    400040d0:	128002a0 	mov	w0, #0xffffffea            	// #-22
}
    400040d4:	a8c27bfd 	ldp	x29, x30, [sp], #32
    400040d8:	d65f03c0 	ret
    400040dc:	00000000 	udf	#0

00000000400040e0 <kthread_resume>:
    if (tid >= CONFIG_MAX_THREADS)
    400040e0:	7103fc1f 	cmp	w0, #0xff
    400040e4:	540002c8 	b.hi	4000413c <kthread_resume+0x5c>  // b.pmore
    return &g_scheduler.thread_table[tid];
    400040e8:	d0000022 	adrp	x2, 4000a000 <__dtb_ptr>
    400040ec:	f9404842 	ldr	x2, [x2, #144]
    {
        return -(int32_t)ESRCH;
    }

    /* 只有挂起状态的线程可以被恢复 */
    if (thread->state != KTHREAD_STATE_SUSPENDED)
    400040f0:	d3787c01 	ubfiz	x1, x0, #8, #32
    return &g_scheduler.thread_table[tid];
    400040f4:	aa0103e0 	mov	x0, x1
    400040f8:	d2903803 	mov	x3, #0x81c0                	// #33216
    if (thread->state != KTHREAD_STATE_SUSPENDED)
    400040fc:	8b010041 	add	x1, x2, x1
    return &g_scheduler.thread_table[tid];
    40004100:	8b030000 	add	x0, x0, x3
    if (thread->state != KTHREAD_STATE_SUSPENDED)
    40004104:	91402021 	add	x1, x1, #0x8, lsl #12
    return &g_scheduler.thread_table[tid];
    40004108:	8b020000 	add	x0, x0, x2
    if (thread->state != KTHREAD_STATE_SUSPENDED)
    4000410c:	b9423c22 	ldr	w2, [x1, #572]
    40004110:	7100145f 	cmp	w2, #0x5
    40004114:	54000181 	b.ne	40004144 <kthread_resume+0x64>  // b.any
{
    40004118:	a9bf7bfd 	stp	x29, x30, [sp, #-16]!
    {
        return -(int32_t)EINVAL;
    }

    /* 恢复为就绪状态并加入就绪队列 */
    thread->state = KTHREAD_STATE_READY;
    4000411c:	52800022 	mov	w2, #0x1                   	// #1
{
    40004120:	910003fd 	mov	x29, sp
    thread->state = KTHREAD_STATE_READY;
    40004124:	b9023c22 	str	w2, [x1, #572]
    scheduler_enqueue(thread);
    40004128:	97fffdfa 	bl	40003910 <scheduler_enqueue>
    barrier();
    4000412c:	d5033fbf 	dmb	sy

    return KERNEL_OK;
    40004130:	52800000 	mov	w0, #0x0                   	// #0
}
    40004134:	a8c17bfd 	ldp	x29, x30, [sp], #16
    40004138:	d65f03c0 	ret
        return -(int32_t)ESRCH;
    4000413c:	12800040 	mov	w0, #0xfffffffd            	// #-3
    40004140:	d65f03c0 	ret
        return -(int32_t)EINVAL;
    40004144:	128002a0 	mov	w0, #0xffffffea            	// #-22
}
    40004148:	d65f03c0 	ret
    4000414c:	00000000 	udf	#0

0000000040004150 <kthread_set_priority>:
    if (tid >= CONFIG_MAX_THREADS)
    40004150:	7103fc1f 	cmp	w0, #0xff
    40004154:	540002a8 	b.hi	400041a8 <kthread_set_priority+0x58>  // b.pmore
/* ========================================================================
 * 设置线程优先级
 * ======================================================================== */

kernel_status_t kthread_set_priority(thread_id_t tid, priority_t prio)
{
    40004158:	a9bd7bfd 	stp	x29, x30, [sp, #-48]!
    4000415c:	910003fd 	mov	x29, sp
    40004160:	f90013f5 	str	x21, [sp, #32]
    40004164:	12001c35 	and	w21, w1, #0xff
    {
        return -(int32_t)ESRCH;
    }

    /* 如果线程在就绪队列中，需要先出队再入队 */
    if (thread->state == KTHREAD_STATE_READY)
    40004168:	d0000021 	adrp	x1, 4000a000 <__dtb_ptr>
    4000416c:	f9404821 	ldr	x1, [x1, #144]
{
    40004170:	a90153f3 	stp	x19, x20, [sp, #16]
    if (thread->state == KTHREAD_STATE_READY)
    40004174:	d3787c14 	ubfiz	x20, x0, #8, #32
    40004178:	8b140034 	add	x20, x1, x20
    4000417c:	91402294 	add	x20, x20, #0x8, lsl #12
    40004180:	b9423e82 	ldr	w2, [x20, #572]
    40004184:	7100045f 	cmp	w2, #0x1
    40004188:	54000140 	b.eq	400041b0 <kthread_set_priority+0x60>  // b.none
        thread->prio = prio;
        scheduler_enqueue(thread);
    }
    else
    {
        thread->prio = prio;
    4000418c:	39097295 	strb	w21, [x20, #604]
    }

    barrier();
    40004190:	d5033fbf 	dmb	sy

    return KERNEL_OK;
}
    40004194:	a94153f3 	ldp	x19, x20, [sp, #16]
    return KERNEL_OK;
    40004198:	52800000 	mov	w0, #0x0                   	// #0
}
    4000419c:	f94013f5 	ldr	x21, [sp, #32]
    400041a0:	a8c37bfd 	ldp	x29, x30, [sp], #48
    400041a4:	d65f03c0 	ret
        return -(int32_t)ESRCH;
    400041a8:	12800040 	mov	w0, #0xfffffffd            	// #-3
}
    400041ac:	d65f03c0 	ret
    return &g_scheduler.thread_table[tid];
    400041b0:	d3787c13 	ubfiz	x19, x0, #8, #32
    400041b4:	d2903800 	mov	x0, #0x81c0                	// #33216
    400041b8:	8b000273 	add	x19, x19, x0
    400041bc:	8b010273 	add	x19, x19, x1
        scheduler_dequeue(thread);
    400041c0:	aa1303e0 	mov	x0, x19
    400041c4:	97fffdfb 	bl	400039b0 <scheduler_dequeue>
        scheduler_enqueue(thread);
    400041c8:	aa1303e0 	mov	x0, x19
        thread->prio = prio;
    400041cc:	39097295 	strb	w21, [x20, #604]
        scheduler_enqueue(thread);
    400041d0:	97fffdd0 	bl	40003910 <scheduler_enqueue>
    barrier();
    400041d4:	d5033fbf 	dmb	sy
}
    400041d8:	a94153f3 	ldp	x19, x20, [sp, #16]
    return KERNEL_OK;
    400041dc:	52800000 	mov	w0, #0x0                   	// #0
}
    400041e0:	f94013f5 	ldr	x21, [sp, #32]
    400041e4:	a8c37bfd 	ldp	x29, x30, [sp], #48
    400041e8:	d65f03c0 	ret
    400041ec:	00000000 	udf	#0

00000000400041f0 <kthread_get_current>:
    400041f0:	d53800a1 	mrs	x1, mpidr_el1
    if (cpu_id < CONFIG_MAX_CPUS)
    {
        return g_scheduler.cpu_queues[cpu_id].current_thread;
    }

    return NULL;
    400041f4:	d2800000 	mov	x0, #0x0                   	// #0
    if (cpu_id < CONFIG_MAX_CPUS)
    400041f8:	f27d103f 	tst	x1, #0xf8
    400041fc:	54000121 	b.ne	40004220 <kthread_get_current+0x30>  // b.any
        return g_scheduler.cpu_queues[cpu_id].current_thread;
    40004200:	d37a1c20 	ubfiz	x0, x1, #6, #8
    40004204:	8b210000 	add	x0, x0, w1, uxtb
    40004208:	d0000022 	adrp	x2, 4000a000 <__dtb_ptr>
    4000420c:	f9404842 	ldr	x2, [x2, #144]
    40004210:	d37df000 	lsl	x0, x0, #3
    40004214:	cb210000 	sub	x0, x0, w1, uxtb
    40004218:	8b000c40 	add	x0, x2, x0, lsl #3
    4000421c:	f9481400 	ldr	x0, [x0, #4136]
}
    40004220:	d65f03c0 	ret
	...

0000000040004230 <kthread_get_current_tid>:
    40004230:	d53800a2 	mrs	x2, mpidr_el1
    if (current != NULL)
    {
        return current->tid;
    }

    return THREAD_ID_INVALID;
    40004234:	12800000 	mov	w0, #0xffffffff            	// #-1
    if (cpu_id < CONFIG_MAX_CPUS)
    40004238:	f27d105f 	tst	x2, #0xf8
    4000423c:	54000161 	b.ne	40004268 <kthread_get_current_tid+0x38>  // b.any
        return g_scheduler.cpu_queues[cpu_id].current_thread;
    40004240:	d37a1c41 	ubfiz	x1, x2, #6, #8
    40004244:	8b220021 	add	x1, x1, w2, uxtb
    40004248:	d0000023 	adrp	x3, 4000a000 <__dtb_ptr>
    4000424c:	f9404863 	ldr	x3, [x3, #144]
    40004250:	d37df021 	lsl	x1, x1, #3
    40004254:	cb220021 	sub	x1, x1, w2, uxtb
    40004258:	8b010c61 	add	x1, x3, x1, lsl #3
    4000425c:	f9481421 	ldr	x1, [x1, #4136]
    if (current != NULL)
    40004260:	b4000041 	cbz	x1, 40004268 <kthread_get_current_tid+0x38>
        return current->tid;
    40004264:	b9407820 	ldr	w0, [x1, #120]
}
    40004268:	d65f03c0 	ret
    4000426c:	00000000 	udf	#0

0000000040004270 <timer_init>:
/* ========================================================================
 * 定时器初始化
 * ======================================================================== */

void timer_init(void)
{
    40004270:	a9be7bfd 	stp	x29, x30, [sp, #-32]!
    40004274:	910003fd 	mov	x29, sp
    40004278:	f9000bf3 	str	x19, [sp, #16]
    /* 读取计数器频率 */
    s_counter_freq = hal_timer_get_freq();
    4000427c:	97fff809 	bl	400022a0 <hal_timer_get_freq>
    40004280:	f0000133 	adrp	x19, 4002b000 <g_scheduler+0x17838>

    /* 初始化系统滴答 */
    s_system_ticks = 0ULL;
    40004284:	f0000121 	adrp	x1, 4002b000 <g_scheduler+0x17838>
    s_counter_freq = hal_timer_get_freq();
    40004288:	f904da60 	str	x0, [x19, #2480]
    s_system_ticks = 0ULL;
    4000428c:	f904dc3f 	str	xzr, [x1, #2488]
    barrier();
    40004290:	d5033fbf 	dmb	sy

    /* 初始化软件定时器队列 */
    s_timer_queue.next = &s_timer_queue;
    40004294:	f0000122 	adrp	x2, 4002b000 <g_scheduler+0x17838>
    s_timer_queue.prev = &s_timer_queue;

    /* 初始化睡眠等待队列 */
    s_sleep_queue.next = &s_sleep_queue;
    40004298:	f0000121 	adrp	x1, 4002b000 <g_scheduler+0x17838>
    s_timer_queue.next = &s_timer_queue;
    4000429c:	91268042 	add	x2, x2, #0x9a0
    s_sleep_queue.next = &s_sleep_queue;
    400042a0:	91264021 	add	x1, x1, #0x990
    s_sleep_queue.prev = &s_sleep_queue;

    /* 禁用定时器 */
    hal_timer_set_control(0ULL);
    400042a4:	d2800000 	mov	x0, #0x0                   	// #0
    s_sleep_queue.prev = &s_sleep_queue;
    400042a8:	a9000421 	stp	x1, x1, [x1]
    s_timer_queue.prev = &s_timer_queue;
    400042ac:	a9000842 	stp	x2, x2, [x2]
    hal_timer_set_control(0ULL);
    400042b0:	97fff804 	bl	400022c0 <hal_timer_set_control>
    current = hal_timer_get_count();
    400042b4:	97fff7f7 	bl	40002290 <hal_timer_get_count>
    if (s_counter_freq == 0ULL)
    400042b8:	f944da61 	ldr	x1, [x19, #2480]
    400042bc:	d2800022 	mov	x2, #0x1                   	// #1
    400042c0:	b4000101 	cbz	x1, 400042e0 <timer_init+0x70>
    return s_counter_freq / (uint64_t)CONFIG_TICK_RATE_HZ;
    400042c4:	d29ef9e2 	mov	x2, #0xf7cf                	// #63439
    400042c8:	d343fc21 	lsr	x1, x1, #3
    400042cc:	f2bc6a62 	movk	x2, #0xe353, lsl #16
    400042d0:	f2d374a2 	movk	x2, #0x9ba5, lsl #32
    400042d4:	f2e41882 	movk	x2, #0x20c4, lsl #48
    400042d8:	9bc27c21 	umulh	x1, x1, x2
    400042dc:	d344fc22 	lsr	x2, x1, #4
    hal_timer_set_compare(current + delta);
    400042e0:	8b020000 	add	x0, x0, x2
    400042e4:	97fff7f3 	bl	400022b0 <hal_timer_set_compare>

    /* 设置首次比较值 */
    timer_set_next_compare();

    /* 使能定时器（不屏蔽中断） */
    hal_timer_set_control(CNTP_CTL_ENABLE);
    400042e8:	d2800020 	mov	x0, #0x1                   	// #1
    400042ec:	97fff7f5 	bl	400022c0 <hal_timer_set_control>

    barrier();
    400042f0:	d5033fbf 	dmb	sy
}
    400042f4:	f9400bf3 	ldr	x19, [sp, #16]
    400042f8:	a8c27bfd 	ldp	x29, x30, [sp], #32
    400042fc:	d65f03c0 	ret

0000000040004300 <timer_interrupt_handler>:
/* ========================================================================
 * 定时器中断处理
 * ======================================================================== */

void timer_interrupt_handler(void)
{
    40004300:	a9bb7bfd 	stp	x29, x30, [sp, #-80]!
    40004304:	910003fd 	mov	x29, sp
    40004308:	a9025bf5 	stp	x21, x22, [sp, #32]
    uint32_t cpu_id;

    /* 递增系统滴答 */
    s_system_ticks++;
    4000430c:	f0000136 	adrp	x22, 4002b000 <g_scheduler+0x17838>
    40004310:	f944dec0 	ldr	x0, [x22, #2488]
{
    40004314:	a90153f3 	stp	x19, x20, [sp, #16]
    s_system_ticks++;
    40004318:	91000400 	add	x0, x0, #0x1
    4000431c:	f904dec0 	str	x0, [x22, #2488]
{
    40004320:	a90363f7 	stp	x23, x24, [sp, #48]
    40004324:	f90023f9 	str	x25, [sp, #64]
    barrier();
    40004328:	d5033fbf 	dmb	sy
    4000432c:	d53800b3 	mrs	x19, mpidr_el1

    cpu_id = hal_get_cpu_id();

    /* 每 1000 个 tick（约 1 秒）打印一次 CPU 心跳 */
    if ((s_system_ticks % (uint64_t)CONFIG_TICK_RATE_HZ) == 0ULL)
    40004330:	d28f1aa2 	mov	x2, #0x78d5                	// #30933
    40004334:	d294fde1 	mov	x1, #0xa7ef                	// #42991
    40004338:	f944dec0 	ldr	x0, [x22, #2488]
    4000433c:	f2a4dd22 	movk	x2, #0x26e9, lsl #16
    40004340:	f2c10622 	movk	x2, #0x831, lsl #32
    40004344:	f2a978c1 	movk	x1, #0x4bc6, lsl #16
    40004348:	f2e39582 	movk	x2, #0x1cac, lsl #48
    4000434c:	f2d126e1 	movk	x1, #0x8937, lsl #32
    40004350:	f2e00821 	movk	x1, #0x41, lsl #48
    40004354:	9b027c00 	mul	x0, x0, x2
    40004358:	93c00c00 	ror	x0, x0, #3
    4000435c:	eb01001f 	cmp	x0, x1
    40004360:	54000ac9 	b.ls	400044b8 <timer_interrupt_handler+0x1b8>  // b.plast
    current = hal_timer_get_count();
    40004364:	97fff7cb 	bl	40002290 <hal_timer_get_count>
    if (s_counter_freq == 0ULL)
    40004368:	f0000121 	adrp	x1, 4002b000 <g_scheduler+0x17838>
        return 1ULL;
    4000436c:	d2800022 	mov	x2, #0x1                   	// #1
    if (s_counter_freq == 0ULL)
    40004370:	f944d821 	ldr	x1, [x1, #2480]
    40004374:	b4000101 	cbz	x1, 40004394 <timer_interrupt_handler+0x94>
    return s_counter_freq / (uint64_t)CONFIG_TICK_RATE_HZ;
    40004378:	d29ef9e2 	mov	x2, #0xf7cf                	// #63439
    4000437c:	d343fc21 	lsr	x1, x1, #3
    40004380:	f2bc6a62 	movk	x2, #0xe353, lsl #16
    40004384:	f2d374a2 	movk	x2, #0x9ba5, lsl #32
    40004388:	f2e41882 	movk	x2, #0x20c4, lsl #48
    4000438c:	9bc27c21 	umulh	x1, x1, x2
    40004390:	d344fc22 	lsr	x2, x1, #4
    hal_timer_set_compare(current + delta);
    40004394:	8b020000 	add	x0, x0, x2
    40004398:	97fff7c6 	bl	400022b0 <hal_timer_set_compare>

    /* 设置下一次比较值 */
    timer_set_next_compare();

    /* 处理软件定时器（检查是否有定时器过期） */
    while (s_timer_queue.next != &s_timer_queue)
    4000439c:	f0000120 	adrp	x0, 4002b000 <g_scheduler+0x17838>
    400043a0:	91268015 	add	x21, x0, #0x9a0
            timer->node.prev->next = timer->node.next;
            timer->node.next->prev = timer->node.prev;
            timer->node.next = &timer->node;
            timer->node.prev = &timer->node;

            timer->state = TIMER_STATE_CALLBACK;
    400043a4:	52800077 	mov	w23, #0x3                   	// #3
                s_timer_queue.next->prev = &timer->node;
                s_timer_queue.next = &timer->node;
            }
            else
            {
                timer->state = TIMER_STATE_EXPIRED;
    400043a8:	52800059 	mov	w25, #0x2                   	// #2
    while (s_timer_queue.next != &s_timer_queue)
    400043ac:	f944d014 	ldr	x20, [x0, #2464]
                timer->state = TIMER_STATE_ACTIVE;
    400043b0:	52800038 	mov	w24, #0x1                   	// #1
    400043b4:	d503201f 	nop
    while (s_timer_queue.next != &s_timer_queue)
    400043b8:	eb15029f 	cmp	x20, x21
    400043bc:	54000360 	b.eq	40004428 <timer_interrupt_handler+0x128>  // b.none
        if (timer->expire_tick <= s_system_ticks)
    400043c0:	f85d8281 	ldur	x1, [x20, #-40]
    400043c4:	d100a293 	sub	x19, x20, #0x28
    400043c8:	f944dec0 	ldr	x0, [x22, #2488]
    400043cc:	eb00003f 	cmp	x1, x0
    400043d0:	540002c8 	b.hi	40004428 <timer_interrupt_handler+0x128>  // b.pmore
            timer->node.prev->next = timer->node.next;
    400043d4:	a9428660 	ldp	x0, x1, [x19, #40]
            if (timer->callback != NULL)
    400043d8:	f9400a62 	ldr	x2, [x19, #16]
            timer->node.prev->next = timer->node.next;
    400043dc:	f9000020 	str	x0, [x1]
            timer->node.next->prev = timer->node.prev;
    400043e0:	f9000401 	str	x1, [x0, #8]
            timer->state = TIMER_STATE_CALLBACK;
    400043e4:	b9002277 	str	w23, [x19, #32]
            timer->node.prev = &timer->node;
    400043e8:	a902d274 	stp	x20, x20, [x19, #40]
            if (timer->callback != NULL)
    400043ec:	b4000062 	cbz	x2, 400043f8 <timer_interrupt_handler+0xf8>
                timer->callback(timer->callback_arg);
    400043f0:	f9400e60 	ldr	x0, [x19, #24]
    400043f4:	d63f0040 	blr	x2
            if (timer->interval > 0ULL)
    400043f8:	f9400660 	ldr	x0, [x19, #8]
                timer->node.next = s_timer_queue.next;
    400043fc:	f94002a1 	ldr	x1, [x21]
            if (timer->interval > 0ULL)
    40004400:	b4000560 	cbz	x0, 400044ac <timer_interrupt_handler+0x1ac>
                timer->expire_tick += timer->interval;
    40004404:	f9400262 	ldr	x2, [x19]
                timer->state = TIMER_STATE_ACTIVE;
    40004408:	b9002278 	str	w24, [x19, #32]
                timer->node.prev = &s_timer_queue;
    4000440c:	a902d661 	stp	x1, x21, [x19, #40]
                timer->expire_tick += timer->interval;
    40004410:	8b000040 	add	x0, x2, x0
    40004414:	f9000260 	str	x0, [x19]
                s_timer_queue.next = &timer->node;
    40004418:	f90002b4 	str	x20, [x21]
                s_timer_queue.next->prev = &timer->node;
    4000441c:	f9000434 	str	x20, [x1, #8]
    while (s_timer_queue.next != &s_timer_queue)
    40004420:	eb15029f 	cmp	x20, x21
    40004424:	54fffce1 	b.ne	400043c0 <timer_interrupt_handler+0xc0>  // b.any
    40004428:	f0000133 	adrp	x19, 4002b000 <g_scheduler+0x17838>
            break;
        }
    }

    /* 处理睡眠线程唤醒 */
    while (s_sleep_queue.next != &s_sleep_queue)
    4000442c:	91264273 	add	x19, x19, #0x990
        thread->sleep_node.next = &thread->sleep_node;
        thread->sleep_node.prev = &thread->sleep_node;
    }

    /* 恢复为就绪状态并加入调度队列 */
    thread->state = KTHREAD_STATE_READY;
    40004430:	52800034 	mov	w20, #0x1                   	// #1
    40004434:	d503201f 	nop
    while (s_sleep_queue.next != &s_sleep_queue)
    40004438:	f9400262 	ldr	x2, [x19]
        if (thread->wakeup_tick <= s_system_ticks)
    4000443c:	d1030041 	sub	x1, x2, #0xc0
    while (s_sleep_queue.next != &s_sleep_queue)
    40004440:	eb13005f 	cmp	x2, x19
    40004444:	54000280 	b.eq	40004494 <timer_interrupt_handler+0x194>  // b.none
        if (thread->wakeup_tick <= s_system_ticks)
    40004448:	f9406824 	ldr	x4, [x1, #208]
    scheduler_enqueue(thread);
    4000444c:	aa0103e0 	mov	x0, x1
        if (thread->wakeup_tick <= s_system_ticks)
    40004450:	f944dec3 	ldr	x3, [x22, #2488]
    40004454:	eb03009f 	cmp	x4, x3
    40004458:	540001e8 	b.hi	40004494 <timer_interrupt_handler+0x194>  // b.pmore
            thread->sleep_node.prev->next = thread->sleep_node.next;
    4000445c:	a94c1023 	ldp	x3, x4, [x1, #192]
    if (thread->state != KTHREAD_STATE_SLEEPING)
    40004460:	b9407c25 	ldr	w5, [x1, #124]
            thread->sleep_node.prev->next = thread->sleep_node.next;
    40004464:	f9000083 	str	x3, [x4]
            thread->sleep_node.next->prev = thread->sleep_node.prev;
    40004468:	f9000464 	str	x4, [x3, #8]
            thread->sleep_node.prev = &thread->sleep_node;
    4000446c:	a90c0822 	stp	x2, x2, [x1, #192]
    if (thread->state != KTHREAD_STATE_SLEEPING)
    40004470:	710010bf 	cmp	w5, #0x4
    40004474:	54fffe21 	b.ne	40004438 <timer_interrupt_handler+0x138>  // b.any
    thread->state = KTHREAD_STATE_READY;
    40004478:	b9007c34 	str	w20, [x1, #124]
    scheduler_enqueue(thread);
    4000447c:	97fffd25 	bl	40003910 <scheduler_enqueue>
    barrier();
    40004480:	d5033fbf 	dmb	sy
    while (s_sleep_queue.next != &s_sleep_queue)
    40004484:	f9400262 	ldr	x2, [x19]
        if (thread->wakeup_tick <= s_system_ticks)
    40004488:	d1030041 	sub	x1, x2, #0xc0
    while (s_sleep_queue.next != &s_sleep_queue)
    4000448c:	eb13005f 	cmp	x2, x19
    40004490:	54fffdc1 	b.ne	40004448 <timer_interrupt_handler+0x148>  // b.any
}
    40004494:	a94153f3 	ldp	x19, x20, [sp, #16]
    40004498:	a9425bf5 	ldp	x21, x22, [sp, #32]
    4000449c:	a94363f7 	ldp	x23, x24, [sp, #48]
    400044a0:	f94023f9 	ldr	x25, [sp, #64]
    400044a4:	a8c57bfd 	ldp	x29, x30, [sp], #80
    scheduler_tick();
    400044a8:	17fffdf2 	b	40003c70 <scheduler_tick>
                timer->state = TIMER_STATE_EXPIRED;
    400044ac:	aa0103f4 	mov	x20, x1
    400044b0:	b9002279 	str	w25, [x19, #32]
    while (s_timer_queue.next != &s_timer_queue)
    400044b4:	17ffffc1 	b	400043b8 <timer_interrupt_handler+0xb8>
        hal_uart_putc((uint64_t)QEMU_UART0_BASE, '[');
    400044b8:	52800b61 	mov	w1, #0x5b                  	// #91
    400044bc:	d2a12000 	mov	x0, #0x9000000             	// #150994944
    400044c0:	97fff730 	bl	40002180 <hal_uart_putc>
        hal_uart_putc((uint64_t)QEMU_UART0_BASE, (char)('0' + (int32_t)cpu_id));
    400044c4:	1100c261 	add	w1, w19, #0x30
    400044c8:	d2a12000 	mov	x0, #0x9000000             	// #150994944
    400044cc:	97fff72d 	bl	40002180 <hal_uart_putc>
        hal_uart_putc((uint64_t)QEMU_UART0_BASE, ']');
    400044d0:	52800ba1 	mov	w1, #0x5d                  	// #93
    400044d4:	d2a12000 	mov	x0, #0x9000000             	// #150994944
    400044d8:	97fff72a 	bl	40002180 <hal_uart_putc>
    400044dc:	17ffffa2 	b	40004364 <timer_interrupt_handler+0x64>

00000000400044e0 <ticket_lock_release.part.0>:
    if (lock == NULL)
    {
        return;
    }

    serving = ticket_lock_load(&lock->serving_ticket);
    400044e0:	91001002 	add	x2, x0, #0x4
    return __atomic_load_n(lock, __ATOMIC_ACQUIRE);
    400044e4:	88dffc41 	ldar	w1, [x2]
    400044e8:	88dffc03 	ldar	w3, [x0]
    if (serving == ticket_lock_load(&lock->next_ticket))
    400044ec:	6b03003f 	cmp	w1, w3
    400044f0:	540000a0 	b.eq	40004504 <ticket_lock_release.part.0+0x24>  // b.none
    400044f4:	d53800a4 	mrs	x4, mpidr_el1
    {
        return;
    }

    if (lock->cpu_id != hal_get_cpu_id())
    400044f8:	b9400803 	ldr	w3, [x0, #8]
    400044fc:	6b24007f 	cmp	w3, w4, uxtb
    40004500:	54000040 	b.eq	40004508 <ticket_lock_release.part.0+0x28>  // b.none

    ticket_lock_store_release(&lock->serving_ticket, serving + 1U);

    /* 广播事件，唤醒所有在 WFE 等待的核心 */
    hal_sev();
}
    40004504:	d65f03c0 	ret
    lock->cpu_id = 0xFFFFFFFFU;
    40004508:	12800003 	mov	w3, #0xffffffff            	// #-1
    ticket_lock_store_release(&lock->serving_ticket, serving + 1U);
    4000450c:	11000421 	add	w1, w1, #0x1
    lock->cpu_id = 0xFFFFFFFFU;
    40004510:	b9000803 	str	w3, [x0, #8]
    __atomic_store_n(lock, value, __ATOMIC_RELEASE);
    40004514:	889ffc41 	stlr	w1, [x2]
    hal_sev();
    40004518:	17fff77e 	b	40002310 <hal_sev>
    4000451c:	00000000 	udf	#0

0000000040004520 <ticket_lock_init>:
    if (lock == NULL)
    40004520:	b40000a0 	cbz	x0, 40004534 <ticket_lock_init+0x14>
    lock->next_ticket = 0U;
    40004524:	b900001f 	str	wzr, [x0]
    lock->cpu_id = 0xFFFFFFFFU;
    40004528:	12800001 	mov	w1, #0xffffffff            	// #-1
    lock->serving_ticket = 0U;
    4000452c:	b900041f 	str	wzr, [x0, #4]
    lock->cpu_id = 0xFFFFFFFFU;
    40004530:	b9000801 	str	w1, [x0, #8]
}
    40004534:	d65f03c0 	ret
	...

0000000040004540 <ticket_lock_acquire>:
    if (lock == NULL)
    40004540:	b40003e0 	cbz	x0, 400045bc <ticket_lock_acquire+0x7c>
{
    40004544:	a9bd7bfd 	stp	x29, x30, [sp, #-48]!
    40004548:	910003fd 	mov	x29, sp
    4000454c:	a90153f3 	stp	x19, x20, [sp, #16]
    40004550:	aa0003f3 	mov	x19, x0
    40004554:	f90013f5 	str	x21, [sp, #32]
    40004558:	d53800a1 	mrs	x1, mpidr_el1
    if ((lock->cpu_id == hal_get_cpu_id()) &&
    4000455c:	b9400800 	ldr	w0, [x0, #8]
    40004560:	6b21001f 	cmp	w0, w1, uxtb
    40004564:	540000a1 	b.ne	40004578 <ticket_lock_acquire+0x38>  // b.any
        (lock->next_ticket != lock->serving_ticket))
    40004568:	b9400261 	ldr	w1, [x19]
    4000456c:	b9400660 	ldr	w0, [x19, #4]
    if ((lock->cpu_id == hal_get_cpu_id()) &&
    40004570:	6b00003f 	cmp	w1, w0
    40004574:	54000261 	b.ne	400045c0 <ticket_lock_acquire+0x80>  // b.any
    return __atomic_fetch_add(lock, 1U, __ATOMIC_RELAXED);
    40004578:	885f7e75 	ldxr	w21, [x19]
    4000457c:	110006a0 	add	w0, w21, #0x1
    40004580:	88017e60 	stxr	w1, w0, [x19]
    40004584:	35ffffa1 	cbnz	w1, 40004578 <ticket_lock_acquire+0x38>
    40004588:	91001274 	add	x20, x19, #0x4
    4000458c:	14000002 	b	40004594 <ticket_lock_acquire+0x54>
        hal_wfe();
    40004590:	97fff758 	bl	400022f0 <hal_wfe>
    return __atomic_load_n(lock, __ATOMIC_ACQUIRE);
    40004594:	88dffe81 	ldar	w1, [x20]
        if (serving == my_ticket)
    40004598:	6b0102bf 	cmp	w21, w1
    4000459c:	54ffffa1 	b.ne	40004590 <ticket_lock_acquire+0x50>  // b.any
    400045a0:	d53800a0 	mrs	x0, mpidr_el1
}
    400045a4:	f94013f5 	ldr	x21, [sp, #32]
    return (uint32_t)(mpidr & 0xFFU);
    400045a8:	12001c00 	and	w0, w0, #0xff
    lock->cpu_id = hal_get_cpu_id();
    400045ac:	b9000a60 	str	w0, [x19, #8]
}
    400045b0:	a94153f3 	ldp	x19, x20, [sp, #16]
    400045b4:	a8c37bfd 	ldp	x29, x30, [sp], #48
    400045b8:	d65f03c0 	ret
    400045bc:	d65f03c0 	ret
        __builtin_trap();
    400045c0:	d4207d00 	brk	#0x3e8
	...

00000000400045d0 <ticket_lock_release>:
    if (lock == NULL)
    400045d0:	b4000040 	cbz	x0, 400045d8 <ticket_lock_release+0x8>
    400045d4:	17ffffc3 	b	400044e0 <ticket_lock_release.part.0>
}
    400045d8:	d65f03c0 	ret
    400045dc:	00000000 	udf	#0

00000000400045e0 <ticket_lock_acquire_irqsave>:
/* ============================================================================
 * IRQ 安全的锁操作
 * ========================================================================== */

uint32_t ticket_lock_acquire_irqsave(TicketLock_t *lock)
{
    400045e0:	a9be7bfd 	stp	x29, x30, [sp, #-32]!
    400045e4:	910003fd 	mov	x29, sp
    400045e8:	f9000bf3 	str	x19, [sp, #16]
    uint64_t daif = sysreg_read(DAIF);
    400045ec:	d53b4233 	mrs	x19, daif
    return (uint32_t)((daif >> 9U) & 0xFU);
    400045f0:	53093273 	ubfx	w19, w19, #9, #4
    uint32_t irq_state;

    irq_state = hal_irq_saved_state();
    if (lock == NULL)
    400045f4:	b4000160 	cbz	x0, 40004620 <ticket_lock_acquire_irqsave+0x40>
    uint64_t mpidr = sysreg_read(mpidr_el1);
    400045f8:	d53800a2 	mrs	x2, mpidr_el1
    {
        return irq_state;
    }

    if ((lock->cpu_id == hal_get_cpu_id()) &&
    400045fc:	b9400801 	ldr	w1, [x0, #8]
    40004600:	6b22003f 	cmp	w1, w2, uxtb
    40004604:	540000a1 	b.ne	40004618 <ticket_lock_acquire_irqsave+0x38>  // b.any
        (lock->next_ticket != lock->serving_ticket))
    40004608:	b9400002 	ldr	w2, [x0]
    4000460c:	b9400401 	ldr	w1, [x0, #4]
    if ((lock->cpu_id == hal_get_cpu_id()) &&
    40004610:	6b01005f 	cmp	w2, w1
    40004614:	540000e1 	b.ne	40004630 <ticket_lock_acquire_irqsave+0x50>  // b.any
    __asm__ volatile("msr daifset, #2" ::: "memory");
    40004618:	d50342df 	msr	daifset, #0x2
    {
        __builtin_trap();
    }

    hal_irq_disable();
    ticket_lock_acquire(lock);
    4000461c:	97ffffc9 	bl	40004540 <ticket_lock_acquire>

    return irq_state;
}
    40004620:	2a1303e0 	mov	w0, w19
    40004624:	f9400bf3 	ldr	x19, [sp, #16]
    40004628:	a8c27bfd 	ldp	x29, x30, [sp], #32
    4000462c:	d65f03c0 	ret
        __builtin_trap();
    40004630:	d4207d00 	brk	#0x3e8
	...

0000000040004640 <ticket_lock_release_irqrestore>:

void ticket_lock_release_irqrestore(TicketLock_t *lock, uint32_t irq_state)
{
    40004640:	a9be7bfd 	stp	x29, x30, [sp, #-32]!
    40004644:	910003fd 	mov	x29, sp
    40004648:	f9000bf3 	str	x19, [sp, #16]
    4000464c:	2a0103f3 	mov	w19, w1
    if (lock != NULL)
    40004650:	b4000040 	cbz	x0, 40004658 <ticket_lock_release_irqrestore+0x18>
    if (lock == NULL)
    40004654:	97ffffa3 	bl	400044e0 <ticket_lock_release.part.0>
    uint64_t daif = sysreg_read(DAIF);
    40004658:	d53b4220 	mrs	x0, daif
    daif &= ~(0xFULL << 9U);
    4000465c:	9273ec00 	and	x0, x0, #0xffffffffffffe1ff
    daif |= ((uint64_t)state << 9U);
    40004660:	d3777e73 	ubfiz	x19, x19, #9, #32
    40004664:	aa000273 	orr	x19, x19, x0
    sysreg_write(daif, daif);
    40004668:	d51b4233 	msr	daif, x19
    4000466c:	d5033fdf 	isb
    {
        ticket_lock_release(lock);
    }

    hal_irq_restore(irq_state);
}
    40004670:	f9400bf3 	ldr	x19, [sp, #16]
    40004674:	a8c27bfd 	ldp	x29, x30, [sp], #32
    40004678:	d65f03c0 	ret
    4000467c:	00000000 	udf	#0

0000000040004680 <remote_remove_thread>:
/**
 * @brief 从远程 CPU 队列移除线程（需已持锁）
 */
static void remote_remove_thread(PerCPUReadyQueue_t *cpu_q, KThread_t *thread)
{
    thread->rq_list.prev->next = thread->rq_list.next;
    40004680:	aa0103e2 	mov	x2, x1
    40004684:	f9405c24 	ldr	x4, [x1, #184]
    40004688:	f84b0c43 	ldr	x3, [x2, #176]!
    4000468c:	f9000083 	str	x3, [x4]
    thread->rq_list.next->prev = thread->rq_list.prev;
    40004690:	f9000464 	str	x4, [x3, #8]
    thread->rq_list.next = &thread->rq_list;
    thread->rq_list.prev = &thread->rq_list;
    40004694:	a90b0822 	stp	x2, x2, [x1, #176]

    if (cpu_q->queues[thread->prio].next == &cpu_q->queues[thread->prio])
    40004698:	39427023 	ldrb	w3, [x1, #156]
    4000469c:	11000861 	add	w1, w3, #0x2
    400046a0:	d37c1c62 	ubfiz	x2, x3, #4, #8
    400046a4:	91008042 	add	x2, x2, #0x20
    400046a8:	d37c2021 	ubfiz	x1, x1, #4, #9
    400046ac:	8b010001 	add	x1, x0, x1
    400046b0:	f8626802 	ldr	x2, [x0, x2]
    400046b4:	eb01005f 	cmp	x2, x1
    400046b8:	540000c0 	b.eq	400046d0 <remote_remove_thread+0x50>  // b.none
    {
        bitmap256_clear(&cpu_q->bitmap, (uint32_t)thread->prio);
    }

    if (cpu_q->nr_running > 0U)
    400046bc:	b9502401 	ldr	w1, [x0, #4132]
    400046c0:	34000061 	cbz	w1, 400046cc <remote_remove_thread+0x4c>
    {
        cpu_q->nr_running--;
    400046c4:	51000421 	sub	w1, w1, #0x1
    400046c8:	b9102401 	str	w1, [x0, #4132]
    }
}
    400046cc:	d65f03c0 	ret
    bm->bits[word] &= ~(1ULL << offset);
    400046d0:	d3461c62 	ubfx	x2, x3, #6, #2
    400046d4:	d2800021 	mov	x1, #0x1                   	// #1
    400046d8:	9ac32021 	lsl	x1, x1, x3
    400046dc:	f8627803 	ldr	x3, [x0, x2, lsl #3]
    400046e0:	8a210061 	bic	x1, x3, x1
    400046e4:	f8227801 	str	x1, [x0, x2, lsl #3]
    400046e8:	17fffff5 	b	400046bc <remote_remove_thread+0x3c>
    400046ec:	00000000 	udf	#0

00000000400046f0 <remote_add_thread>:
/**
 * @brief 将线程加入远程 CPU 队列（需已持锁）
 */
static void remote_add_thread(PerCPUReadyQueue_t *cpu_q, KThread_t *thread)
{
    bitmap256_set(&cpu_q->bitmap, (uint32_t)thread->prio);
    400046f0:	39427022 	ldrb	w2, [x1, #156]
    if (bm == NULL)
    400046f4:	b40000e0 	cbz	x0, 40004710 <remote_add_thread+0x20>
    bm->bits[word] |= (1ULL << offset);
    400046f8:	d3461c44 	ubfx	x4, x2, #6, #2
    400046fc:	d2800023 	mov	x3, #0x1                   	// #1
    40004700:	9ac22063 	lsl	x3, x3, x2
    40004704:	f8647805 	ldr	x5, [x0, x4, lsl #3]
    40004708:	aa050063 	orr	x3, x3, x5
    4000470c:	f8247803 	str	x3, [x0, x4, lsl #3]

    thread->rq_list.next = &cpu_q->queues[thread->prio];
    40004710:	91000843 	add	x3, x2, #0x2
    40004714:	8b021002 	add	x2, x0, x2, lsl #4
    thread->rq_list.prev = cpu_q->queues[thread->prio].prev;
    cpu_q->queues[thread->prio].prev->next = &thread->rq_list;
    40004718:	9102c024 	add	x4, x1, #0xb0
    thread->rq_list.next = &cpu_q->queues[thread->prio];
    4000471c:	8b031003 	add	x3, x0, x3, lsl #4
    40004720:	f9005823 	str	x3, [x1, #176]
    thread->rq_list.prev = cpu_q->queues[thread->prio].prev;
    40004724:	f9401443 	ldr	x3, [x2, #40]
    40004728:	f9005c23 	str	x3, [x1, #184]
    cpu_q->queues[thread->prio].prev->next = &thread->rq_list;
    4000472c:	f9000064 	str	x4, [x3]
    cpu_q->queues[thread->prio].prev = &thread->rq_list;
    40004730:	f9001444 	str	x4, [x2, #40]

    cpu_q->nr_running++;
    40004734:	b9502401 	ldr	w1, [x0, #4132]
    40004738:	11000421 	add	w1, w1, #0x1
    4000473c:	b9102401 	str	w1, [x0, #4132]
}
    40004740:	d65f03c0 	ret
	...

0000000040004750 <smp_sched_init>:
    for (i = 0U; i < sizeof(s_schedule_count); i++)
    40004750:	f0000120 	adrp	x0, 4002b000 <g_scheduler+0x17838>
    40004754:	91398000 	add	x0, x0, #0xe60
    40004758:	91010001 	add	x1, x0, #0x40
{
    4000475c:	a9bf7bfd 	stp	x29, x30, [sp, #-16]!
    40004760:	910003fd 	mov	x29, sp
    40004764:	d503201f 	nop
        dst[i] = 0U;
    40004768:	3800141f 	strb	wzr, [x0], #1
    for (i = 0U; i < sizeof(s_schedule_count); i++)
    4000476c:	eb01001f 	cmp	x0, x1
    40004770:	54ffffc1 	b.ne	40004768 <smp_sched_init+0x18>  // b.any
    40004774:	f0000120 	adrp	x0, 4002b000 <g_scheduler+0x17838>
    40004778:	91298000 	add	x0, x0, #0xa60
    4000477c:	91100001 	add	x1, x0, #0x400
        dst[i] = 0U;
    40004780:	3800141f 	strb	wzr, [x0], #1
    for (i = 0U; i < sizeof(s_thread_affinity); i++)
    40004784:	eb01001f 	cmp	x0, x1
    40004788:	54ffffc1 	b.ne	40004780 <smp_sched_init+0x30>  // b.any
    4000478c:	f0000120 	adrp	x0, 4002b000 <g_scheduler+0x17838>
    40004790:	f0000122 	adrp	x2, 4002b000 <g_scheduler+0x17838>
        s_lb_interval[cpu] = LB_INTERVAL_DEF;
    40004794:	d2800c83 	mov	x3, #0x64                  	// #100
    40004798:	91274000 	add	x0, x0, #0x9d0
    4000479c:	913a8042 	add	x2, x2, #0xea0
    for (i = 0U; i < sizeof(s_thread_affinity); i++)
    400047a0:	d2800001 	mov	x1, #0x0                   	// #0
        s_lb_interval[cpu] = LB_INTERVAL_DEF;
    400047a4:	f2c00c83 	movk	x3, #0x64, lsl #32
    400047a8:	f8216843 	str	x3, [x2, x1]
        s_migrate_stats[cpu].load_balance_count = 0U;
    400047ac:	91002021 	add	x1, x1, #0x8
        s_migrate_stats[cpu].migrate_count = 0U;
    400047b0:	a9007c1f 	stp	xzr, xzr, [x0]
    400047b4:	a9017c1f 	stp	xzr, xzr, [x0, #16]
    for (cpu = 0U; cpu < CONFIG_MAX_CPUS; cpu++)
    400047b8:	91008000 	add	x0, x0, #0x20
    400047bc:	f100803f 	cmp	x1, #0x20
    400047c0:	54ffff41 	b.ne	400047a8 <smp_sched_init+0x58>  // b.any
    ticket_lock_init(&s_affinity_lock);
    400047c4:	f0000120 	adrp	x0, 4002b000 <g_scheduler+0x17838>
    400047c8:	91294000 	add	x0, x0, #0xa50
    400047cc:	97ffff55 	bl	40004520 <ticket_lock_init>
    ticket_lock_init(&s_migrate_stats_lock);
    400047d0:	f0000120 	adrp	x0, 4002b000 <g_scheduler+0x17838>
    400047d4:	91270000 	add	x0, x0, #0x9c0
    400047d8:	97ffff52 	bl	40004520 <ticket_lock_init>
    barrier();
    400047dc:	d5033fbf 	dmb	sy
}
    400047e0:	52800000 	mov	w0, #0x0                   	// #0
    400047e4:	a8c17bfd 	ldp	x29, x30, [sp], #16
    400047e8:	d65f03c0 	ret
    400047ec:	00000000 	udf	#0

00000000400047f0 <smp_load_balance>:
 *          按地址顺序锁定双队列避免 ABBA 死锁。
 *
 * @note 对应需求: MP-004, MP-005
 */
kernel_status_t smp_load_balance(void)
{
    400047f0:	a9b67bfd 	stp	x29, x30, [sp, #-160]!
    400047f4:	d2820480 	mov	x0, #0x1024                	// #4132
    400047f8:	910003fd 	mov	x29, sp
    400047fc:	a9025bf5 	stp	x21, x22, [sp, #32]
    40004800:	d0000035 	adrp	x21, 4000a000 <__dtb_ptr>
    40004804:	f9404ab5 	ldr	x21, [x21, #144]
    40004808:	a90153f3 	stp	x19, x20, [sp, #16]
    for (cpu = 0U; cpu < CONFIG_MAX_CPUS; cpu++)
    4000480c:	52800013 	mov	w19, #0x0                   	// #0
    40004810:	8b0002b6 	add	x22, x21, x0
{
    40004814:	a90363f7 	stp	x23, x24, [sp, #48]
    40004818:	aa1603f4 	mov	x20, x22
    online_cpus = 0U;
    4000481c:	52800018 	mov	w24, #0x0                   	// #0
    total_load = 0U;
    40004820:	52800017 	mov	w23, #0x0                   	// #0
{
    40004824:	a9046bf9 	stp	x25, x26, [sp, #64]
    for (cpu = 0U; cpu < CONFIG_MAX_CPUS; cpu++)
    40004828:	d2820719 	mov	x25, #0x1038                	// #4152
    4000482c:	d503201f 	nop
        if (smp_cpu_online(cpu))
    40004830:	2a1303e0 	mov	w0, w19
    for (cpu = 0U; cpu < CONFIG_MAX_CPUS; cpu++)
    40004834:	11000673 	add	w19, w19, #0x1
        if (smp_cpu_online(cpu))
    40004838:	97fffb76 	bl	40003610 <smp_cpu_online>
    4000483c:	36000080 	tbz	w0, #0, 4000484c <smp_load_balance+0x5c>
            total_load += g_scheduler.cpu_queues[cpu].nr_running;
    40004840:	b9400280 	ldr	w0, [x20]
            online_cpus++;
    40004844:	11000718 	add	w24, w24, #0x1
            total_load += g_scheduler.cpu_queues[cpu].nr_running;
    40004848:	0b0002f7 	add	w23, w23, w0
    for (cpu = 0U; cpu < CONFIG_MAX_CPUS; cpu++)
    4000484c:	8b190294 	add	x20, x20, x25
    40004850:	7100227f 	cmp	w19, #0x8
    40004854:	54fffee1 	b.ne	40004830 <smp_load_balance+0x40>  // b.any
    if (online_cpus <= 1U)
    40004858:	7100071f 	cmp	w24, #0x1
    4000485c:	54000389 	b.ls	400048cc <smp_load_balance+0xdc>  // b.plast
    if (avg_load == 0U)
    40004860:	6b1802ff 	cmp	w23, w24
    40004864:	54000343 	b.cc	400048cc <smp_load_balance+0xdc>  // b.lo, b.ul, b.last
    avg_load = total_load / online_cpus;
    40004868:	1ad80af7 	udiv	w23, w23, w24
            if ((load * 100U) > (avg_load * LOAD_IMBALANCE_THRESHOLD))
    4000486c:	528012c0 	mov	w0, #0x96                  	// #150
    40004870:	aa1603f4 	mov	x20, x22
    for (cpu = 0U; cpu < CONFIG_MAX_CPUS; cpu++)
    40004874:	52800013 	mov	w19, #0x0                   	// #0
            if ((load * 100U) > (avg_load * LOAD_IMBALANCE_THRESHOLD))
    40004878:	52800c99 	mov	w25, #0x64                  	// #100
    for (cpu = 0U; cpu < CONFIG_MAX_CPUS; cpu++)
    4000487c:	d2820718 	mov	x24, #0x1038                	// #4152
            if ((load * 100U) > (avg_load * LOAD_IMBALANCE_THRESHOLD))
    40004880:	1b007ef7 	mul	w23, w23, w0
    40004884:	d503201f 	nop
        if (smp_cpu_online(cpu))
    40004888:	2a1303e0 	mov	w0, w19
    for (cpu = 0U; cpu < CONFIG_MAX_CPUS; cpu++)
    4000488c:	11000673 	add	w19, w19, #0x1
        if (smp_cpu_online(cpu))
    40004890:	97fffb60 	bl	40003610 <smp_cpu_online>
    40004894:	360000a0 	tbz	w0, #0, 400048a8 <smp_load_balance+0xb8>
            if ((load * 100U) > (avg_load * LOAD_IMBALANCE_THRESHOLD))
    40004898:	b9400280 	ldr	w0, [x20]
    4000489c:	1b197c00 	mul	w0, w0, w25
    400048a0:	6b17001f 	cmp	w0, w23
    400048a4:	54000228 	b.hi	400048e8 <smp_load_balance+0xf8>  // b.pmore
    for (cpu = 0U; cpu < CONFIG_MAX_CPUS; cpu++)
    400048a8:	8b180294 	add	x20, x20, x24
    400048ac:	7100227f 	cmp	w19, #0x8
    400048b0:	54fffec1 	b.ne	40004888 <smp_load_balance+0x98>  // b.any
            if (s_lb_interval[cpu_id] > LB_INTERVAL_MIN)
    400048b4:	f0000121 	adrp	x1, 4002b000 <g_scheduler+0x17838>
    400048b8:	b94ea020 	ldr	w0, [x1, #3744]
            if (s_lb_interval[cpu_id] < LB_INTERVAL_MAX)
    400048bc:	7103fc1f 	cmp	w0, #0xff
    400048c0:	54000068 	b.hi	400048cc <smp_load_balance+0xdc>  // b.pmore
                s_lb_interval[cpu_id] = s_lb_interval[cpu_id] +
    400048c4:	0b400800 	add	w0, w0, w0, lsr #2
    400048c8:	b90ea020 	str	w0, [x1, #3744]
        s_migrate_stats[dst_cpu].load_balance_count++;
        ticket_lock_release(&s_migrate_stats_lock);
    }

    return KERNEL_OK;
}
    400048cc:	a94153f3 	ldp	x19, x20, [sp, #16]
    400048d0:	52800000 	mov	w0, #0x0                   	// #0
    400048d4:	a9425bf5 	ldp	x21, x22, [sp, #32]
    400048d8:	a94363f7 	ldp	x23, x24, [sp, #48]
    400048dc:	a9446bf9 	ldp	x25, x26, [sp, #64]
    400048e0:	a8ca7bfd 	ldp	x29, x30, [sp], #160
    400048e4:	d65f03c0 	ret
            if (s_lb_interval[cpu_id] > LB_INTERVAL_MIN)
    400048e8:	f0000121 	adrp	x1, 4002b000 <g_scheduler+0x17838>
    400048ec:	a90573fb 	stp	x27, x28, [sp, #80]
    400048f0:	b94ea020 	ldr	w0, [x1, #3744]
    400048f4:	7100801f 	cmp	w0, #0x20
    400048f8:	54002848 	b.hi	40004e00 <smp_load_balance+0x610>  // b.pmore
    for (cpu = 0U; cpu < CONFIG_MAX_CPUS; cpu++)
    400048fc:	aa1603f8 	mov	x24, x22
    40004900:	52800013 	mov	w19, #0x0                   	// #0
    40004904:	52800017 	mov	w23, #0x0                   	// #0
    40004908:	52800014 	mov	w20, #0x0                   	// #0
    for (cpu = 0U; cpu < CONFIG_MAX_CPUS; cpu++)
    4000490c:	d2820719 	mov	x25, #0x1038                	// #4152
        if (!smp_cpu_online(cpu))
    40004910:	2a1403e0 	mov	w0, w20
    40004914:	97fffb3f 	bl	40003610 <smp_cpu_online>
    40004918:	360000a0 	tbz	w0, #0, 4000492c <smp_load_balance+0x13c>
        if (g_scheduler.cpu_queues[cpu].nr_running > max_load)
    4000491c:	b9400300 	ldr	w0, [x24]
            src_cpu = cpu;
    40004920:	6b17001f 	cmp	w0, w23
    40004924:	1a938293 	csel	w19, w20, w19, hi	// hi = pmore
    40004928:	1a978017 	csel	w23, w0, w23, hi	// hi = pmore
    for (cpu = 0U; cpu < CONFIG_MAX_CPUS; cpu++)
    4000492c:	11000694 	add	w20, w20, #0x1
    40004930:	8b190318 	add	x24, x24, x25
    40004934:	7100229f 	cmp	w20, #0x8
    40004938:	54fffec1 	b.ne	40004910 <smp_load_balance+0x120>  // b.any
    dst_cpu = SMP_CPU_INVALID;
    4000493c:	12800014 	mov	w20, #0xffffffff            	// #-1
    min_load = 0xFFFFFFFFU;
    40004940:	2a1403f8 	mov	w24, w20
    for (cpu = 0U; cpu < CONFIG_MAX_CPUS; cpu++)
    40004944:	5280001a 	mov	w26, #0x0                   	// #0
    40004948:	d2820719 	mov	x25, #0x1038                	// #4152
    4000494c:	d503201f 	nop
        if (!smp_cpu_online(cpu) || (cpu == src_cpu))
    40004950:	2a1a03e0 	mov	w0, w26
    40004954:	97fffb2f 	bl	40003610 <smp_cpu_online>
    40004958:	6b1a027f 	cmp	w19, w26
    4000495c:	12001c00 	and	w0, w0, #0xff
    40004960:	1a9f17e1 	cset	w1, eq	// eq = none
    40004964:	52000000 	eor	w0, w0, #0x1
    40004968:	2a000020 	orr	w0, w1, w0
    4000496c:	370000a0 	tbnz	w0, #0, 40004980 <smp_load_balance+0x190>
        if (g_scheduler.cpu_queues[cpu].nr_running < min_load)
    40004970:	b94002c0 	ldr	w0, [x22]
            dst_cpu = cpu;
    40004974:	6b18001f 	cmp	w0, w24
    40004978:	1a943354 	csel	w20, w26, w20, cc	// cc = lo, ul, last
    4000497c:	1a983018 	csel	w24, w0, w24, cc	// cc = lo, ul, last
    for (cpu = 0U; cpu < CONFIG_MAX_CPUS; cpu++)
    40004980:	1100075a 	add	w26, w26, #0x1
    40004984:	8b1902d6 	add	x22, x22, x25
    40004988:	7100235f 	cmp	w26, #0x8
    4000498c:	54fffe21 	b.ne	40004950 <smp_load_balance+0x160>  // b.any
    if ((dst_cpu == SMP_CPU_INVALID) || (src_cpu == dst_cpu))
    40004990:	6b14027f 	cmp	w19, w20
    40004994:	3a411a84 	ccmn	w20, #0x1, #0x4, ne	// ne = any
    40004998:	540009a0 	b.eq	40004acc <smp_load_balance+0x2dc>  // b.none
    if (migrate_limit > MAX_MIGRATE_PER_BALANCE)
    4000499c:	9bb97e62 	umull	x2, w19, w25
        migrate_limit = MAX_MIGRATE_PER_BALANCE;
    400049a0:	52800080 	mov	w0, #0x4                   	// #4
    400049a4:	9bb97e83 	umull	x3, w20, w25
    400049a8:	b9008be0 	str	w0, [sp, #136]
    src_q = &g_scheduler.cpu_queues[src_cpu];
    400049ac:	8b0202a4 	add	x4, x21, x2
    dst_q = &g_scheduler.cpu_queues[dst_cpu];
    400049b0:	8b0302b6 	add	x22, x21, x3
    if (migrate_limit > MAX_MIGRATE_PER_BALANCE)
    400049b4:	710026ff 	cmp	w23, #0x9
    400049b8:	540000a8 	b.hi	400049cc <smp_load_balance+0x1dc>  // b.pmore
    migrate_limit = max_load / 2U;
    400049bc:	710006ff 	cmp	w23, #0x1
    400049c0:	53017ef7 	lsr	w23, w23, #1
    400049c4:	1a9f86e0 	csinc	w0, w23, wzr, hi	// hi = pmore
    400049c8:	b9008be0 	str	w0, [sp, #136]
    400049cc:	2a1303f8 	mov	w24, w19
        if (bm->bits[idx] != 0ULL)
    400049d0:	d37a7e7c 	ubfiz	x28, x19, #6, #32
    400049d4:	8b18039c 	add	x28, x28, x24
    while (!atomic_cas_u32(&q->lock, 0U, 1U))
    400049d8:	d282041a 	mov	x26, #0x1020                	// #4128
    400049dc:	8b1a007b 	add	x27, x3, x26
    400049e0:	8b1a005a 	add	x26, x2, x26
    400049e4:	d37df39c 	lsl	x28, x28, #3
    return ((mask & (1U << cpu_id)) != 0U) ? true : false;
    400049e8:	52800037 	mov	w23, #0x1                   	// #1
    400049ec:	cb18039c 	sub	x28, x28, x24
    while (!atomic_cas_u32(&q->lock, 0U, 1U))
    400049f0:	8b1b02bb 	add	x27, x21, x27
    400049f4:	8b1a02ba 	add	x26, x21, x26
    migrated = 0U;
    400049f8:	52800019 	mov	w25, #0x0                   	// #0
    first = cpu_q->queues[highest_prio].next;
    400049fc:	d37df380 	lsl	x0, x28, #3
    40004a00:	f90043e0 	str	x0, [sp, #128]
    return ((mask & (1U << cpu_id)) != 0U) ? true : false;
    40004a04:	1ad422e0 	lsl	w0, w23, w20
    40004a08:	b9008fe0 	str	w0, [sp, #140]
    40004a0c:	52800001 	mov	w1, #0x0                   	// #0
    40004a10:	52800020 	mov	w0, #0x1                   	// #1
    if (a == b)
    40004a14:	eb02007f 	cmp	x3, x2
    40004a18:	540009a0 	b.eq	40004b4c <smp_load_balance+0x35c>  // b.none
    else if ((uintptr_t)a < (uintptr_t)b)
    40004a1c:	eb16009f 	cmp	x4, x22
    40004a20:	54000063 	b.cc	40004a2c <smp_load_balance+0x23c>  // b.lo, b.ul, b.last
    40004a24:	14000033 	b	40004af0 <smp_load_balance+0x300>
        cpu_relax();
    40004a28:	d503203f 	yield
    40004a2c:	885f7f47 	ldxr	w7, [x26]
    40004a30:	6b0100ff 	cmp	w7, w1
    40004a34:	54000061 	b.ne	40004a40 <smp_load_balance+0x250>  // b.any
    40004a38:	88087f40 	stxr	w8, w0, [x26]
    40004a3c:	35ffff88 	cbnz	w8, 40004a2c <smp_load_balance+0x23c>
    while (!atomic_cas_u32(&q->lock, 0U, 1U))
    40004a40:	35ffff47 	cbnz	w7, 40004a28 <smp_load_balance+0x238>
    40004a44:	52800001 	mov	w1, #0x0                   	// #0
    40004a48:	52800020 	mov	w0, #0x1                   	// #1
    40004a4c:	885f7f67 	ldxr	w7, [x27]
    40004a50:	6b0100ff 	cmp	w7, w1
    40004a54:	54000061 	b.ne	40004a60 <smp_load_balance+0x270>  // b.any
    40004a58:	88087f60 	stxr	w8, w0, [x27]
    40004a5c:	35ffff88 	cbnz	w8, 40004a4c <smp_load_balance+0x25c>
    40004a60:	34000127 	cbz	w7, 40004a84 <smp_load_balance+0x294>
    40004a64:	d503201f 	nop
        cpu_relax();
    40004a68:	d503203f 	yield
    40004a6c:	885f7f67 	ldxr	w7, [x27]
    40004a70:	6b0100ff 	cmp	w7, w1
    40004a74:	54000061 	b.ne	40004a80 <smp_load_balance+0x290>  // b.any
    40004a78:	88087f60 	stxr	w8, w0, [x27]
    40004a7c:	35ffff88 	cbnz	w8, 40004a6c <smp_load_balance+0x27c>
    while (!atomic_cas_u32(&q->lock, 0U, 1U))
    40004a80:	35ffff47 	cbnz	w7, 40004a68 <smp_load_balance+0x278>
    if (cpu_id >= CONFIG_MAX_CPUS)
    40004a84:	71001e7f 	cmp	w19, #0x7
    40004a88:	540000e8 	b.hi	40004aa4 <smp_load_balance+0x2b4>  // b.pmore
    for (word_idx = BITMAP256_WORDS; word_idx > 0U; word_idx--)
    40004a8c:	52800080 	mov	w0, #0x4                   	// #4
        uint32_t idx = word_idx - 1U;
    40004a90:	51000400 	sub	w0, w0, #0x1
        if (bm->bits[idx] != 0ULL)
    40004a94:	8b204381 	add	x1, x28, w0, uxtw
    40004a98:	f8617aa1 	ldr	x1, [x21, x1, lsl #3]
    40004a9c:	b5000661 	cbnz	x1, 40004b68 <smp_load_balance+0x378>
    for (word_idx = BITMAP256_WORDS; word_idx > 0U; word_idx--)
    40004aa0:	35ffff80 	cbnz	w0, 40004a90 <smp_load_balance+0x2a0>
    if (a == b)
    40004aa4:	eb02007f 	cmp	x3, x2
    40004aa8:	540016a1 	b.ne	40004d7c <smp_load_balance+0x58c>  // b.any
    40004aac:	d503201f 	nop
    barrier_store();
    40004ab0:	d5033abf 	dmb	ishst
    q->lock = 0U;
    40004ab4:	8b181b00 	add	x0, x24, x24, lsl #6
    40004ab8:	d37df000 	lsl	x0, x0, #3
    40004abc:	cb180000 	sub	x0, x0, x24
    40004ac0:	8b000ea0 	add	x0, x21, x0, lsl #3
    40004ac4:	b910201f 	str	wzr, [x0, #4128]
    if (migrated > 0U)
    40004ac8:	35000e39 	cbnz	w25, 40004c8c <smp_load_balance+0x49c>
}
    40004acc:	a94153f3 	ldp	x19, x20, [sp, #16]
    40004ad0:	52800000 	mov	w0, #0x0                   	// #0
    40004ad4:	a9425bf5 	ldp	x21, x22, [sp, #32]
    40004ad8:	a94363f7 	ldp	x23, x24, [sp, #48]
    40004adc:	a9446bf9 	ldp	x25, x26, [sp, #64]
    40004ae0:	a94573fb 	ldp	x27, x28, [sp, #80]
    40004ae4:	a8ca7bfd 	ldp	x29, x30, [sp], #160
    40004ae8:	d65f03c0 	ret
        cpu_relax();
    40004aec:	d503203f 	yield
    40004af0:	885f7f67 	ldxr	w7, [x27]
    40004af4:	6b0100ff 	cmp	w7, w1
    40004af8:	54000061 	b.ne	40004b04 <smp_load_balance+0x314>  // b.any
    40004afc:	88087f60 	stxr	w8, w0, [x27]
    40004b00:	35ffff88 	cbnz	w8, 40004af0 <smp_load_balance+0x300>
    while (!atomic_cas_u32(&q->lock, 0U, 1U))
    40004b04:	35ffff47 	cbnz	w7, 40004aec <smp_load_balance+0x2fc>
    40004b08:	52800001 	mov	w1, #0x0                   	// #0
    40004b0c:	52800020 	mov	w0, #0x1                   	// #1
    40004b10:	885f7f47 	ldxr	w7, [x26]
    40004b14:	6b0100ff 	cmp	w7, w1
    40004b18:	54000061 	b.ne	40004b24 <smp_load_balance+0x334>  // b.any
    40004b1c:	88087f40 	stxr	w8, w0, [x26]
    40004b20:	35ffff88 	cbnz	w8, 40004b10 <smp_load_balance+0x320>
    40004b24:	34fffb07 	cbz	w7, 40004a84 <smp_load_balance+0x294>
        cpu_relax();
    40004b28:	d503203f 	yield
    40004b2c:	885f7f47 	ldxr	w7, [x26]
    40004b30:	6b0100ff 	cmp	w7, w1
    40004b34:	54000061 	b.ne	40004b40 <smp_load_balance+0x350>  // b.any
    40004b38:	88087f40 	stxr	w8, w0, [x26]
    40004b3c:	35ffff88 	cbnz	w8, 40004b2c <smp_load_balance+0x33c>
    while (!atomic_cas_u32(&q->lock, 0U, 1U))
    40004b40:	35ffff47 	cbnz	w7, 40004b28 <smp_load_balance+0x338>
    40004b44:	17ffffd0 	b	40004a84 <smp_load_balance+0x294>
        cpu_relax();
    40004b48:	d503203f 	yield
    40004b4c:	885f7f47 	ldxr	w7, [x26]
    40004b50:	6b0100ff 	cmp	w7, w1
    40004b54:	54000061 	b.ne	40004b60 <smp_load_balance+0x370>  // b.any
    40004b58:	88087f40 	stxr	w8, w0, [x26]
    40004b5c:	35ffff88 	cbnz	w8, 40004b4c <smp_load_balance+0x35c>
    while (!atomic_cas_u32(&q->lock, 0U, 1U))
    40004b60:	35ffff47 	cbnz	w7, 40004b48 <smp_load_balance+0x358>
    40004b64:	17ffffc8 	b	40004a84 <smp_load_balance+0x294>
            return (idx * BITMAP256_BITS_PER_WORD) +
    40004b68:	531a6400 	lsl	w0, w0, #6
            leading_zeros = __builtin_clzll(bm->bits[idx]);
    40004b6c:	dac01021 	clz	x1, x1
    first = cpu_q->queues[highest_prio].next;
    40004b70:	f94043e5 	ldr	x5, [sp, #128]
                   (uint32_t)(BITMAP256_BITS_PER_WORD - 1U) -
    40004b74:	1100fc00 	add	w0, w0, #0x3f
    40004b78:	4b010007 	sub	w7, w0, w1
    40004b7c:	4b010000 	sub	w0, w0, w1
    40004b80:	910008e1 	add	x1, x7, #0x2
    if (first == &cpu_q->queues[highest_prio])
    40004b84:	11000800 	add	w0, w0, #0x2
    first = cpu_q->queues[highest_prio].next;
    40004b88:	8b0110a1 	add	x1, x5, x1, lsl #4
    if (first == &cpu_q->queues[highest_prio])
    40004b8c:	8b001040 	add	x0, x2, x0, lsl #4
    40004b90:	8b0002a0 	add	x0, x21, x0
    first = cpu_q->queues[highest_prio].next;
    40004b94:	f8616aa1 	ldr	x1, [x21, x1]
    if (first == &cpu_q->queues[highest_prio])
    40004b98:	eb00003f 	cmp	x1, x0
    40004b9c:	54fff840 	b.eq	40004aa4 <smp_load_balance+0x2b4>  // b.none
        tid = (uint32_t)thread->tid;
    40004ba0:	b85c8027 	ldur	w7, [x1, #-56]
    return container_of(first, KThread_t, rq_list);
    40004ba4:	d102c037 	sub	x23, x1, #0xb0
        if ((tid < CONFIG_MAX_THREADS) &&
    40004ba8:	7103fcff 	cmp	w7, #0xff
    40004bac:	54000308 	b.hi	40004c0c <smp_load_balance+0x41c>  // b.pmore
    if (cpu_id >= CONFIG_MAX_CPUS)
    40004bb0:	71001e9f 	cmp	w20, #0x7
    40004bb4:	54000c08 	b.hi	40004d34 <smp_load_balance+0x544>  // b.pmore
    ticket_lock_acquire(&s_affinity_lock);
    40004bb8:	f0000120 	adrp	x0, 4002b000 <g_scheduler+0x17838>
    40004bbc:	91294000 	add	x0, x0, #0xa50
    40004bc0:	f90037e0 	str	x0, [sp, #104]
    40004bc4:	b90073e7 	str	w7, [sp, #112]
    40004bc8:	f9003fe3 	str	x3, [sp, #120]
    40004bcc:	a90913e2 	stp	x2, x4, [sp, #144]
    40004bd0:	97fffe5c 	bl	40004540 <ticket_lock_acquire>
    mask = s_thread_affinity[thread_id];
    40004bd4:	b94073e7 	ldr	w7, [sp, #112]
    40004bd8:	f0000128 	adrp	x8, 4002b000 <g_scheduler+0x17838>
    40004bdc:	91298108 	add	x8, x8, #0xa60
    ticket_lock_release(&s_affinity_lock);
    40004be0:	f94037e0 	ldr	x0, [sp, #104]
    mask = s_thread_affinity[thread_id];
    40004be4:	b8675907 	ldr	w7, [x8, w7, uxtw #2]
    40004be8:	b9006be7 	str	w7, [sp, #104]
    ticket_lock_release(&s_affinity_lock);
    40004bec:	97fffe79 	bl	400045d0 <ticket_lock_release>
    if (mask == 0U)
    40004bf0:	b9406be7 	ldr	w7, [sp, #104]
    40004bf4:	f9403fe3 	ldr	x3, [sp, #120]
    40004bf8:	a94913e2 	ldp	x2, x4, [sp, #144]
    40004bfc:	34000087 	cbz	w7, 40004c0c <smp_load_balance+0x41c>
        if ((tid < CONFIG_MAX_THREADS) &&
    40004c00:	b9408fe0 	ldr	w0, [sp, #140]
    40004c04:	6a07001f 	tst	w0, w7
    40004c08:	54000960 	b.eq	40004d34 <smp_load_balance+0x544>  // b.none
        remote_remove_thread(src_q, thread);
    40004c0c:	aa0403e0 	mov	x0, x4
    40004c10:	aa1703e1 	mov	x1, x23
    40004c14:	a9068fe4 	stp	x4, x3, [sp, #104]
    40004c18:	f9003fe2 	str	x2, [sp, #120]
    40004c1c:	97fffe99 	bl	40004680 <remote_remove_thread>
        remote_add_thread(dst_q, thread);
    40004c20:	aa1703e1 	mov	x1, x23
    40004c24:	aa1603e0 	mov	x0, x22
    40004c28:	97fffeb2 	bl	400046f0 <remote_add_thread>
    if (a == b)
    40004c2c:	a9468fe4 	ldp	x4, x3, [sp, #104]
    40004c30:	f9403fe2 	ldr	x2, [sp, #120]
    40004c34:	eb02007f 	cmp	x3, x2
    40004c38:	54000160 	b.eq	40004c64 <smp_load_balance+0x474>  // b.none
    else if ((uintptr_t)a < (uintptr_t)b)
    40004c3c:	eb16009f 	cmp	x4, x22
    40004c40:	540005c2 	b.cs	40004cf8 <smp_load_balance+0x508>  // b.hs, b.nlast
    barrier_store();
    40004c44:	d5033abf 	dmb	ishst
    q->lock = 0U;
    40004c48:	2a1403e1 	mov	w1, w20
    40004c4c:	d37a7e80 	ubfiz	x0, x20, #6, #32
    40004c50:	8b010000 	add	x0, x0, x1
    40004c54:	d37df000 	lsl	x0, x0, #3
    40004c58:	cb010000 	sub	x0, x0, x1
    40004c5c:	8b000ea0 	add	x0, x21, x0, lsl #3
    40004c60:	b910201f 	str	wzr, [x0, #4128]
    barrier_store();
    40004c64:	d5033abf 	dmb	ishst
    q->lock = 0U;
    40004c68:	8b181b00 	add	x0, x24, x24, lsl #6
    40004c6c:	d37df000 	lsl	x0, x0, #3
    40004c70:	cb180000 	sub	x0, x0, x24
    40004c74:	8b000ea0 	add	x0, x21, x0, lsl #3
    40004c78:	b910201f 	str	wzr, [x0, #4128]
    while (migrated < migrate_limit)
    40004c7c:	b9408be0 	ldr	w0, [sp, #136]
        migrated++;
    40004c80:	11000739 	add	w25, w25, #0x1
    while (migrated < migrate_limit)
    40004c84:	6b19001f 	cmp	w0, w25
    40004c88:	54ffec21 	b.ne	40004a0c <smp_load_balance+0x21c>  // b.any
        (void)ipi_send(dst_cpu, IPI_TYPE_RESCHEDULE);
    40004c8c:	52800001 	mov	w1, #0x0                   	// #0
    40004c90:	2a1403e0 	mov	w0, w20
        ticket_lock_acquire(&s_migrate_stats_lock);
    40004c94:	f0000133 	adrp	x19, 4002b000 <g_scheduler+0x17838>
        (void)ipi_send(dst_cpu, IPI_TYPE_RESCHEDULE);
    40004c98:	97fff8ea 	bl	40003040 <ipi_send>
        ticket_lock_acquire(&s_migrate_stats_lock);
    40004c9c:	91270273 	add	x19, x19, #0x9c0
    40004ca0:	aa1303e0 	mov	x0, x19
    40004ca4:	97fffe27 	bl	40004540 <ticket_lock_acquire>
        s_migrate_stats[src_cpu].migrate_count += migrated;
    40004ca8:	f0000121 	adrp	x1, 4002b000 <g_scheduler+0x17838>
    40004cac:	91274021 	add	x1, x1, #0x9d0
    40004cb0:	d37cef06 	lsl	x6, x24, #4
        s_migrate_stats[dst_cpu].load_balance_count++;
    40004cb4:	8b345034 	add	x20, x1, w20, uxtw #4
        ticket_lock_release(&s_migrate_stats_lock);
    40004cb8:	aa1303e0 	mov	x0, x19
        s_migrate_stats[src_cpu].migrate_count += migrated;
    40004cbc:	b8666823 	ldr	w3, [x1, x6]
        s_migrate_stats[dst_cpu].load_balance_count++;
    40004cc0:	b9400e82 	ldr	w2, [x20, #12]
        s_migrate_stats[src_cpu].migrate_count += migrated;
    40004cc4:	0b190063 	add	w3, w3, w25
    40004cc8:	b8266823 	str	w3, [x1, x6]
        s_migrate_stats[dst_cpu].load_balance_count++;
    40004ccc:	11000441 	add	w1, w2, #0x1
    40004cd0:	b9000e81 	str	w1, [x20, #12]
        ticket_lock_release(&s_migrate_stats_lock);
    40004cd4:	97fffe3f 	bl	400045d0 <ticket_lock_release>
}
    40004cd8:	a94153f3 	ldp	x19, x20, [sp, #16]
    40004cdc:	52800000 	mov	w0, #0x0                   	// #0
    40004ce0:	a9425bf5 	ldp	x21, x22, [sp, #32]
    40004ce4:	a94363f7 	ldp	x23, x24, [sp, #48]
    40004ce8:	a9446bf9 	ldp	x25, x26, [sp, #64]
    40004cec:	a94573fb 	ldp	x27, x28, [sp, #80]
    40004cf0:	a8ca7bfd 	ldp	x29, x30, [sp], #160
    40004cf4:	d65f03c0 	ret
    barrier_store();
    40004cf8:	d5033abf 	dmb	ishst
    q->lock = 0U;
    40004cfc:	8b181b00 	add	x0, x24, x24, lsl #6
    40004d00:	d37df000 	lsl	x0, x0, #3
    40004d04:	cb180000 	sub	x0, x0, x24
    40004d08:	8b000ea0 	add	x0, x21, x0, lsl #3
    40004d0c:	b910201f 	str	wzr, [x0, #4128]
    barrier_store();
    40004d10:	d5033abf 	dmb	ishst
    q->lock = 0U;
    40004d14:	2a1403e1 	mov	w1, w20
    40004d18:	d37a7e80 	ubfiz	x0, x20, #6, #32
    40004d1c:	8b010000 	add	x0, x0, x1
    40004d20:	d37df000 	lsl	x0, x0, #3
    40004d24:	cb010000 	sub	x0, x0, x1
    40004d28:	8b000ea0 	add	x0, x21, x0, lsl #3
    40004d2c:	b910201f 	str	wzr, [x0, #4128]
}
    40004d30:	17ffffd3 	b	40004c7c <smp_load_balance+0x48c>
            ticket_lock_acquire(&s_migrate_stats_lock);
    40004d34:	f0000133 	adrp	x19, 4002b000 <g_scheduler+0x17838>
    40004d38:	91270273 	add	x19, x19, #0x9c0
    40004d3c:	aa1303e0 	mov	x0, x19
    40004d40:	a9068be3 	stp	x3, x2, [sp, #104]
    40004d44:	f9003fe4 	str	x4, [sp, #120]
    40004d48:	97fffdfe 	bl	40004540 <ticket_lock_acquire>
            s_migrate_stats[src_cpu].affinity_reject++;
    40004d4c:	f0000121 	adrp	x1, 4002b000 <g_scheduler+0x17838>
    40004d50:	91274021 	add	x1, x1, #0x9d0
    40004d54:	8b181021 	add	x1, x1, x24, lsl #4
            ticket_lock_release(&s_migrate_stats_lock);
    40004d58:	aa1303e0 	mov	x0, x19
            s_migrate_stats[src_cpu].affinity_reject++;
    40004d5c:	b9400827 	ldr	w7, [x1, #8]
    40004d60:	110004e7 	add	w7, w7, #0x1
    40004d64:	b9000827 	str	w7, [x1, #8]
            ticket_lock_release(&s_migrate_stats_lock);
    40004d68:	97fffe1a 	bl	400045d0 <ticket_lock_release>
    if (a == b)
    40004d6c:	a9468be3 	ldp	x3, x2, [sp, #104]
    40004d70:	f9403fe4 	ldr	x4, [sp, #120]
    40004d74:	eb02007f 	cmp	x3, x2
    40004d78:	54ffe9c0 	b.eq	40004ab0 <smp_load_balance+0x2c0>  // b.none
    else if ((uintptr_t)a < (uintptr_t)b)
    40004d7c:	eb16009f 	cmp	x4, x22
    40004d80:	54000202 	b.cs	40004dc0 <smp_load_balance+0x5d0>  // b.hs, b.nlast
    barrier_store();
    40004d84:	d5033abf 	dmb	ishst
    q->lock = 0U;
    40004d88:	2a1403e1 	mov	w1, w20
    40004d8c:	d37a7e80 	ubfiz	x0, x20, #6, #32
    40004d90:	8b010000 	add	x0, x0, x1
    40004d94:	d37df000 	lsl	x0, x0, #3
    40004d98:	cb010000 	sub	x0, x0, x1
    40004d9c:	8b000ea0 	add	x0, x21, x0, lsl #3
    40004da0:	b910201f 	str	wzr, [x0, #4128]
    barrier_store();
    40004da4:	d5033abf 	dmb	ishst
    q->lock = 0U;
    40004da8:	8b181b00 	add	x0, x24, x24, lsl #6
    40004dac:	d37df000 	lsl	x0, x0, #3
    40004db0:	cb180000 	sub	x0, x0, x24
    40004db4:	8b000ea0 	add	x0, x21, x0, lsl #3
    40004db8:	b910201f 	str	wzr, [x0, #4128]
    40004dbc:	17ffff43 	b	40004ac8 <smp_load_balance+0x2d8>
    barrier_store();
    40004dc0:	d5033abf 	dmb	ishst
    q->lock = 0U;
    40004dc4:	8b181b00 	add	x0, x24, x24, lsl #6
    40004dc8:	d37df000 	lsl	x0, x0, #3
    40004dcc:	cb180000 	sub	x0, x0, x24
    40004dd0:	8b000ea0 	add	x0, x21, x0, lsl #3
    40004dd4:	b910201f 	str	wzr, [x0, #4128]
    barrier_store();
    40004dd8:	d5033abf 	dmb	ishst
    q->lock = 0U;
    40004ddc:	2a1403e1 	mov	w1, w20
    40004de0:	d37a7e80 	ubfiz	x0, x20, #6, #32
    40004de4:	8b010000 	add	x0, x0, x1
    40004de8:	d37df000 	lsl	x0, x0, #3
    40004dec:	cb010000 	sub	x0, x0, x1
    40004df0:	8b000ea0 	add	x0, x21, x0, lsl #3
    40004df4:	b910201f 	str	wzr, [x0, #4128]
    if (migrated > 0U)
    40004df8:	34ffe6b9 	cbz	w25, 40004acc <smp_load_balance+0x2dc>
    40004dfc:	17ffffa4 	b	40004c8c <smp_load_balance+0x49c>
                s_lb_interval[cpu_id] = s_lb_interval[cpu_id] / 2U;
    40004e00:	53017c00 	lsr	w0, w0, #1
    40004e04:	b90ea020 	str	w0, [x1, #3744]
    for (cpu = 0U; cpu < CONFIG_MAX_CPUS; cpu++)
    40004e08:	17fffebd 	b	400048fc <smp_load_balance+0x10c>
    40004e0c:	00000000 	udf	#0

0000000040004e10 <smp_work_steal>:
    PerCPUReadyQueue_t *src_q;
    PerCPUReadyQueue_t *dst_q;
    uint32_t tid;
    uint32_t hp;

    if (current_cpu >= CONFIG_MAX_CPUS)
    40004e10:	71001c1f 	cmp	w0, #0x7
    40004e14:	54002ce8 	b.hi	400053b0 <smp_work_steal+0x5a0>  // b.pmore
{
    40004e18:	a9b87bfd 	stp	x29, x30, [sp, #-128]!
    40004e1c:	910003fd 	mov	x29, sp
    40004e20:	a90153f3 	stp	x19, x20, [sp, #16]
    40004e24:	2a0003f4 	mov	w20, w0
    40004e28:	a9046bf9 	stp	x25, x26, [sp, #64]
    {
        return -(int32_t)EINVAL;
    }

    if (g_scheduler.cpu_queues[current_cpu].nr_running > 0U)
    40004e2c:	2a0003f9 	mov	w25, w0
    40004e30:	d37a7e80 	ubfiz	x0, x20, #6, #32
    40004e34:	8b190000 	add	x0, x0, x25
{
    40004e38:	a90363f7 	stp	x23, x24, [sp, #48]
    if (g_scheduler.cpu_queues[current_cpu].nr_running > 0U)
    40004e3c:	d0000038 	adrp	x24, 4000a000 <__dtb_ptr>
    40004e40:	f9404b18 	ldr	x24, [x24, #144]
    40004e44:	d37df000 	lsl	x0, x0, #3
    40004e48:	cb190000 	sub	x0, x0, x25
    40004e4c:	8b000f00 	add	x0, x24, x0, lsl #3
    40004e50:	b9502413 	ldr	w19, [x0, #4132]
    40004e54:	35001013 	cbnz	w19, 40005054 <smp_work_steal+0x244>
    40004e58:	d2820480 	mov	x0, #0x1024                	// #4132
    40004e5c:	8b00031a 	add	x26, x24, x0
    {
        return KERNEL_OK;
    }

    /* 找最忙的 CPU */
    src_cpu = SMP_CPU_INVALID;
    40004e60:	12800017 	mov	w23, #0xffffffff            	// #-1
    40004e64:	a9025bf5 	stp	x21, x22, [sp, #32]
    max_load = STEAL_MIN_RESERVE;
    40004e68:	52800055 	mov	w21, #0x2                   	// #2
    for (cpu = 0U; cpu < CONFIG_MAX_CPUS; cpu++)
    40004e6c:	d2820716 	mov	x22, #0x1038                	// #4152
    {
        if (!smp_cpu_online(cpu) || (cpu == current_cpu))
    40004e70:	2a1303e0 	mov	w0, w19
    40004e74:	97fff9e7 	bl	40003610 <smp_cpu_online>
    40004e78:	6b13029f 	cmp	w20, w19
    40004e7c:	12001c01 	and	w1, w0, #0xff
    40004e80:	52000021 	eor	w1, w1, #0x1
    40004e84:	1a9f17e0 	cset	w0, eq	// eq = none
    40004e88:	2a010000 	orr	w0, w0, w1
    40004e8c:	370000a0 	tbnz	w0, #0, 40004ea0 <smp_work_steal+0x90>
        {
            continue;
        }
        if (g_scheduler.cpu_queues[cpu].nr_running > max_load)
    40004e90:	b9400340 	ldr	w0, [x26]
        {
            max_load = g_scheduler.cpu_queues[cpu].nr_running;
            src_cpu = cpu;
    40004e94:	6b15001f 	cmp	w0, w21
    40004e98:	1a978277 	csel	w23, w19, w23, hi	// hi = pmore
    40004e9c:	1a958015 	csel	w21, w0, w21, hi	// hi = pmore
    for (cpu = 0U; cpu < CONFIG_MAX_CPUS; cpu++)
    40004ea0:	11000673 	add	w19, w19, #0x1
    40004ea4:	8b16035a 	add	x26, x26, x22
    40004ea8:	7100227f 	cmp	w19, #0x8
    40004eac:	54fffe21 	b.ne	40004e70 <smp_work_steal+0x60>  // b.any
        }
    }

    if (src_cpu == SMP_CPU_INVALID)
    40004eb0:	310006ff 	cmn	w23, #0x1
    40004eb4:	54000ce0 	b.eq	40005050 <smp_work_steal+0x240>  // b.none
    {
        return KERNEL_OK;
    }

    src_q = &g_scheduler.cpu_queues[src_cpu];
    40004eb8:	9bb67ef5 	umull	x21, w23, w22
    while (!atomic_cas_u32(&q->lock, 0U, 1U))
    40004ebc:	d2820401 	mov	x1, #0x1020                	// #4128
    40004ec0:	9bb67e96 	umull	x22, w20, w22
    40004ec4:	a90573fb 	stp	x27, x28, [sp, #80]
    40004ec8:	8b0102a0 	add	x0, x21, x1
    src_q = &g_scheduler.cpu_queues[src_cpu];
    40004ecc:	8b15031a 	add	x26, x24, x21
    while (!atomic_cas_u32(&q->lock, 0U, 1U))
    40004ed0:	8b000300 	add	x0, x24, x0
    dst_q = &g_scheduler.cpu_queues[current_cpu];
    40004ed4:	8b16031b 	add	x27, x24, x22
    if (a == b)
    40004ed8:	eb1502df 	cmp	x22, x21
    40004edc:	54001880 	b.eq	400051ec <smp_work_steal+0x3dc>  // b.none
    while (!atomic_cas_u32(&q->lock, 0U, 1U))
    40004ee0:	8b0102c1 	add	x1, x22, x1
    40004ee4:	52800003 	mov	w3, #0x0                   	// #0
    40004ee8:	8b010301 	add	x1, x24, x1
    40004eec:	52800022 	mov	w2, #0x1                   	// #1
    else if ((uintptr_t)a < (uintptr_t)b)
    40004ef0:	eb1b035f 	cmp	x26, x27
    40004ef4:	54000822 	b.cs	40004ff8 <smp_work_steal+0x1e8>  // b.hs, b.nlast
    40004ef8:	885f7c04 	ldxr	w4, [x0]
    40004efc:	6b03009f 	cmp	w4, w3
    40004f00:	54000061 	b.ne	40004f0c <smp_work_steal+0xfc>  // b.any
    40004f04:	88057c02 	stxr	w5, w2, [x0]
    40004f08:	35ffff85 	cbnz	w5, 40004ef8 <smp_work_steal+0xe8>
    while (!atomic_cas_u32(&q->lock, 0U, 1U))
    40004f0c:	34000104 	cbz	w4, 40004f2c <smp_work_steal+0x11c>
        cpu_relax();
    40004f10:	d503203f 	yield
    40004f14:	885f7c04 	ldxr	w4, [x0]
    40004f18:	6b03009f 	cmp	w4, w3
    40004f1c:	54000061 	b.ne	40004f28 <smp_work_steal+0x118>  // b.any
    40004f20:	88057c02 	stxr	w5, w2, [x0]
    40004f24:	35ffff85 	cbnz	w5, 40004f14 <smp_work_steal+0x104>
    while (!atomic_cas_u32(&q->lock, 0U, 1U))
    40004f28:	35ffff44 	cbnz	w4, 40004f10 <smp_work_steal+0x100>
    40004f2c:	52800002 	mov	w2, #0x0                   	// #0
    40004f30:	52800020 	mov	w0, #0x1                   	// #1
    40004f34:	885f7c23 	ldxr	w3, [x1]
    40004f38:	6b02007f 	cmp	w3, w2
    40004f3c:	54000061 	b.ne	40004f48 <smp_work_steal+0x138>  // b.any
    40004f40:	88047c20 	stxr	w4, w0, [x1]
    40004f44:	35ffff84 	cbnz	w4, 40004f34 <smp_work_steal+0x124>
    40004f48:	34001f03 	cbz	w3, 40005328 <smp_work_steal+0x518>
    40004f4c:	d503201f 	nop
        cpu_relax();
    40004f50:	d503203f 	yield
    40004f54:	885f7c23 	ldxr	w3, [x1]
    40004f58:	6b02007f 	cmp	w3, w2
    40004f5c:	54000061 	b.ne	40004f68 <smp_work_steal+0x158>  // b.any
    40004f60:	88047c20 	stxr	w4, w0, [x1]
    40004f64:	35ffff84 	cbnz	w4, 40004f54 <smp_work_steal+0x144>
    while (!atomic_cas_u32(&q->lock, 0U, 1U))
    40004f68:	35ffff43 	cbnz	w3, 40004f50 <smp_work_steal+0x140>

    sched_lock_dual(src_q, dst_q);

    if (src_q->nr_running <= STEAL_MIN_RESERVE)
    40004f6c:	2a1703f3 	mov	w19, w23
    40004f70:	d37a7ee0 	ubfiz	x0, x23, #6, #32
    40004f74:	8b130000 	add	x0, x0, x19
    40004f78:	d37df000 	lsl	x0, x0, #3
    40004f7c:	cb130000 	sub	x0, x0, x19
    40004f80:	8b000f00 	add	x0, x24, x0, lsl #3
    40004f84:	b9502400 	ldr	w0, [x0, #4132]
    40004f88:	7100081f 	cmp	w0, #0x2
    40004f8c:	54001749 	b.ls	40005274 <smp_work_steal+0x464>  // b.plast
        if (bm->bits[idx] != 0ULL)
    40004f90:	8b131a61 	add	x1, x19, x19, lsl #6
    for (word_idx = BITMAP256_WORDS; word_idx > 0U; word_idx--)
    40004f94:	52800080 	mov	w0, #0x4                   	// #4
        if (bm->bits[idx] != 0ULL)
    40004f98:	d37df021 	lsl	x1, x1, #3
    40004f9c:	cb130021 	sub	x1, x1, x19
        uint32_t idx = word_idx - 1U;
    40004fa0:	51000400 	sub	w0, w0, #0x1
        if (bm->bits[idx] != 0ULL)
    40004fa4:	8b204022 	add	x2, x1, w0, uxtw
    40004fa8:	f8627b02 	ldr	x2, [x24, x2, lsl #3]
    40004fac:	b5000602 	cbnz	x2, 4000506c <smp_work_steal+0x25c>
    for (word_idx = BITMAP256_WORDS; word_idx > 0U; word_idx--)
    40004fb0:	35ffff80 	cbnz	w0, 40004fa0 <smp_work_steal+0x190>
    if (a == b)
    40004fb4:	eb1502df 	cmp	x22, x21
    40004fb8:	54000120 	b.eq	40004fdc <smp_work_steal+0x1cc>  // b.none
    else if ((uintptr_t)a < (uintptr_t)b)
    40004fbc:	eb1b035f 	cmp	x26, x27
    40004fc0:	54001d42 	b.cs	40005368 <smp_work_steal+0x558>  // b.hs, b.nlast
    barrier_store();
    40004fc4:	d5033abf 	dmb	ishst
    q->lock = 0U;
    40004fc8:	8b191b20 	add	x0, x25, x25, lsl #6
    40004fcc:	d37df000 	lsl	x0, x0, #3
    40004fd0:	cb190000 	sub	x0, x0, x25
    40004fd4:	8b000f00 	add	x0, x24, x0, lsl #3
    40004fd8:	b910201f 	str	wzr, [x0, #4128]
    barrier_store();
    40004fdc:	d5033abf 	dmb	ishst
    q->lock = 0U;
    40004fe0:	8b010f01 	add	x1, x24, x1, lsl #3
}
    40004fe4:	a9425bf5 	ldp	x21, x22, [sp, #32]
    40004fe8:	a94573fb 	ldp	x27, x28, [sp, #80]
    q->lock = 0U;
    40004fec:	b910203f 	str	wzr, [x1, #4128]
}
    40004ff0:	14000019 	b	40005054 <smp_work_steal+0x244>
        cpu_relax();
    40004ff4:	d503203f 	yield
    40004ff8:	885f7c24 	ldxr	w4, [x1]
    40004ffc:	6b03009f 	cmp	w4, w3
    40005000:	54000061 	b.ne	4000500c <smp_work_steal+0x1fc>  // b.any
    40005004:	88057c22 	stxr	w5, w2, [x1]
    40005008:	35ffff85 	cbnz	w5, 40004ff8 <smp_work_steal+0x1e8>
    while (!atomic_cas_u32(&q->lock, 0U, 1U))
    4000500c:	35ffff44 	cbnz	w4, 40004ff4 <smp_work_steal+0x1e4>
    40005010:	52800002 	mov	w2, #0x0                   	// #0
    40005014:	52800021 	mov	w1, #0x1                   	// #1
    40005018:	885f7c03 	ldxr	w3, [x0]
    4000501c:	6b02007f 	cmp	w3, w2
    40005020:	54000061 	b.ne	4000502c <smp_work_steal+0x21c>  // b.any
    40005024:	88047c01 	stxr	w4, w1, [x0]
    40005028:	35ffff84 	cbnz	w4, 40005018 <smp_work_steal+0x208>
    4000502c:	34001a63 	cbz	w3, 40005378 <smp_work_steal+0x568>
        cpu_relax();
    40005030:	d503203f 	yield
    40005034:	885f7c03 	ldxr	w3, [x0]
    40005038:	6b02007f 	cmp	w3, w2
    4000503c:	54000061 	b.ne	40005048 <smp_work_steal+0x238>  // b.any
    40005040:	88047c01 	stxr	w4, w1, [x0]
    40005044:	35ffff84 	cbnz	w4, 40005034 <smp_work_steal+0x224>
    while (!atomic_cas_u32(&q->lock, 0U, 1U))
    40005048:	35ffff43 	cbnz	w3, 40005030 <smp_work_steal+0x220>
    4000504c:	17ffffc8 	b	40004f6c <smp_work_steal+0x15c>
    40005050:	a9425bf5 	ldp	x21, x22, [sp, #32]
        return KERNEL_OK;
    40005054:	52800000 	mov	w0, #0x0                   	// #0
    ticket_lock_release(&s_migrate_stats_lock);

    (void)ipi_send(src_cpu, IPI_TYPE_RESCHEDULE);

    return KERNEL_OK;
}
    40005058:	a94153f3 	ldp	x19, x20, [sp, #16]
    4000505c:	a94363f7 	ldp	x23, x24, [sp, #48]
    40005060:	a9446bf9 	ldp	x25, x26, [sp, #64]
    40005064:	a8c87bfd 	ldp	x29, x30, [sp], #128
    40005068:	d65f03c0 	ret
            return (idx * BITMAP256_BITS_PER_WORD) +
    4000506c:	531a6400 	lsl	w0, w0, #6
            leading_zeros = __builtin_clzll(bm->bits[idx]);
    40005070:	dac01042 	clz	x2, x2
                   (uint32_t)(BITMAP256_BITS_PER_WORD - 1U) -
    40005074:	1100fc00 	add	w0, w0, #0x3f
    if (src_q->queues[hp].prev == &src_q->queues[hp])
    40005078:	d37df03c 	lsl	x28, x1, #3
    4000507c:	4b020003 	sub	w3, w0, w2
    40005080:	4b020000 	sub	w0, w0, w2
    40005084:	91000862 	add	x2, x3, #0x2
    40005088:	11000800 	add	w0, w0, #0x2
    4000508c:	8b021382 	add	x2, x28, x2, lsl #4
    40005090:	8b0012a0 	add	x0, x21, x0, lsl #4
    40005094:	8b020302 	add	x2, x24, x2
    40005098:	8b000300 	add	x0, x24, x0
    4000509c:	f9400441 	ldr	x1, [x2, #8]
    400050a0:	eb00003f 	cmp	x1, x0
    400050a4:	54001220 	b.eq	400052e8 <smp_work_steal+0x4d8>  // b.none
    tid = (uint32_t)thread->tid;
    400050a8:	b85c8022 	ldur	w2, [x1, #-56]
    thread = container_of(src_q->queues[hp].prev, KThread_t, rq_list);
    400050ac:	d102c021 	sub	x1, x1, #0xb0
    if ((tid < CONFIG_MAX_THREADS) &&
    400050b0:	b9006be2 	str	w2, [sp, #104]
    400050b4:	7103fc5f 	cmp	w2, #0xff
    400050b8:	54000268 	b.hi	40005104 <smp_work_steal+0x2f4>  // b.pmore
    ticket_lock_acquire(&s_affinity_lock);
    400050bc:	d0000120 	adrp	x0, 4002b000 <g_scheduler+0x17838>
    400050c0:	91294000 	add	x0, x0, #0xa50
    400050c4:	a90707e0 	stp	x0, x1, [sp, #112]
    400050c8:	97fffd1e 	bl	40004540 <ticket_lock_acquire>
    mask = s_thread_affinity[thread_id];
    400050cc:	b9406be2 	ldr	w2, [sp, #104]
    400050d0:	d0000123 	adrp	x3, 4002b000 <g_scheduler+0x17838>
    400050d4:	91298063 	add	x3, x3, #0xa60
    ticket_lock_release(&s_affinity_lock);
    400050d8:	f9403be0 	ldr	x0, [sp, #112]
    mask = s_thread_affinity[thread_id];
    400050dc:	b8625862 	ldr	w2, [x3, w2, uxtw #2]
    400050e0:	b9006be2 	str	w2, [sp, #104]
    ticket_lock_release(&s_affinity_lock);
    400050e4:	97fffd3b 	bl	400045d0 <ticket_lock_release>
    if (mask == 0U)
    400050e8:	b9406be2 	ldr	w2, [sp, #104]
    400050ec:	f9403fe1 	ldr	x1, [sp, #120]
    400050f0:	340000a2 	cbz	w2, 40005104 <smp_work_steal+0x2f4>
    return ((mask & (1U << cpu_id)) != 0U) ? true : false;
    400050f4:	52800020 	mov	w0, #0x1                   	// #1
    400050f8:	1ad42000 	lsl	w0, w0, w20
    if ((tid < CONFIG_MAX_THREADS) &&
    400050fc:	6a02001f 	tst	w0, w2
    40005100:	54000dc0 	b.eq	400052b8 <smp_work_steal+0x4a8>  // b.none
    remote_remove_thread(src_q, thread);
    40005104:	aa1a03e0 	mov	x0, x26
    40005108:	f90037e1 	str	x1, [sp, #104]
    4000510c:	97fffd5d 	bl	40004680 <remote_remove_thread>
    remote_add_thread(dst_q, thread);
    40005110:	aa1b03e0 	mov	x0, x27
    40005114:	f94037e1 	ldr	x1, [sp, #104]
    40005118:	97fffd76 	bl	400046f0 <remote_add_thread>
    if (a == b)
    4000511c:	eb1502df 	cmp	x22, x21
    40005120:	54000120 	b.eq	40005144 <smp_work_steal+0x334>  // b.none
    else if ((uintptr_t)a < (uintptr_t)b)
    40005124:	eb1b035f 	cmp	x26, x27
    40005128:	54000482 	b.cs	400051b8 <smp_work_steal+0x3a8>  // b.hs, b.nlast
    barrier_store();
    4000512c:	d5033abf 	dmb	ishst
    q->lock = 0U;
    40005130:	8b191b20 	add	x0, x25, x25, lsl #6
    40005134:	d37df000 	lsl	x0, x0, #3
    40005138:	cb190000 	sub	x0, x0, x25
    4000513c:	8b000f00 	add	x0, x24, x0, lsl #3
    40005140:	b910201f 	str	wzr, [x0, #4128]
    barrier_store();
    40005144:	d5033abf 	dmb	ishst
    q->lock = 0U;
    40005148:	8b131a60 	add	x0, x19, x19, lsl #6
    4000514c:	d37df000 	lsl	x0, x0, #3
    40005150:	cb130000 	sub	x0, x0, x19
    40005154:	8b000f00 	add	x0, x24, x0, lsl #3
    40005158:	b910201f 	str	wzr, [x0, #4128]
    ticket_lock_acquire(&s_migrate_stats_lock);
    4000515c:	d0000134 	adrp	x20, 4002b000 <g_scheduler+0x17838>
    40005160:	91270294 	add	x20, x20, #0x9c0
    40005164:	aa1403e0 	mov	x0, x20
    40005168:	97fffcf6 	bl	40004540 <ticket_lock_acquire>
    s_migrate_stats[src_cpu].steal_count++;
    4000516c:	d0000121 	adrp	x1, 4002b000 <g_scheduler+0x17838>
    40005170:	91274021 	add	x1, x1, #0x9d0
    40005174:	8b131021 	add	x1, x1, x19, lsl #4
    ticket_lock_release(&s_migrate_stats_lock);
    40005178:	aa1403e0 	mov	x0, x20
    s_migrate_stats[src_cpu].steal_count++;
    4000517c:	b9400422 	ldr	w2, [x1, #4]
    40005180:	11000442 	add	w2, w2, #0x1
    40005184:	b9000422 	str	w2, [x1, #4]
    ticket_lock_release(&s_migrate_stats_lock);
    40005188:	97fffd12 	bl	400045d0 <ticket_lock_release>
    (void)ipi_send(src_cpu, IPI_TYPE_RESCHEDULE);
    4000518c:	2a1703e0 	mov	w0, w23
    40005190:	52800001 	mov	w1, #0x0                   	// #0
    40005194:	97fff7ab 	bl	40003040 <ipi_send>
}
    40005198:	a94153f3 	ldp	x19, x20, [sp, #16]
        return KERNEL_OK;
    4000519c:	52800000 	mov	w0, #0x0                   	// #0
    return KERNEL_OK;
    400051a0:	a9425bf5 	ldp	x21, x22, [sp, #32]
}
    400051a4:	a94363f7 	ldp	x23, x24, [sp, #48]
    400051a8:	a9446bf9 	ldp	x25, x26, [sp, #64]
    return KERNEL_OK;
    400051ac:	a94573fb 	ldp	x27, x28, [sp, #80]
}
    400051b0:	a8c87bfd 	ldp	x29, x30, [sp], #128
    400051b4:	d65f03c0 	ret
    barrier_store();
    400051b8:	d5033abf 	dmb	ishst
    q->lock = 0U;
    400051bc:	8b131a60 	add	x0, x19, x19, lsl #6
    400051c0:	d37df000 	lsl	x0, x0, #3
    400051c4:	cb130000 	sub	x0, x0, x19
    400051c8:	8b000f00 	add	x0, x24, x0, lsl #3
    400051cc:	b910201f 	str	wzr, [x0, #4128]
    barrier_store();
    400051d0:	d5033abf 	dmb	ishst
    q->lock = 0U;
    400051d4:	8b191b20 	add	x0, x25, x25, lsl #6
    400051d8:	d37df000 	lsl	x0, x0, #3
    400051dc:	cb190000 	sub	x0, x0, x25
    400051e0:	8b000f00 	add	x0, x24, x0, lsl #3
    400051e4:	b910201f 	str	wzr, [x0, #4128]
}
    400051e8:	17ffffdd 	b	4000515c <smp_work_steal+0x34c>
    400051ec:	52800002 	mov	w2, #0x0                   	// #0
    400051f0:	52800021 	mov	w1, #0x1                   	// #1
    400051f4:	885f7c03 	ldxr	w3, [x0]
    400051f8:	6b02007f 	cmp	w3, w2
    400051fc:	54000061 	b.ne	40005208 <smp_work_steal+0x3f8>  // b.any
    40005200:	88047c01 	stxr	w4, w1, [x0]
    40005204:	35ffff84 	cbnz	w4, 400051f4 <smp_work_steal+0x3e4>
    while (!atomic_cas_u32(&q->lock, 0U, 1U))
    40005208:	34000123 	cbz	w3, 4000522c <smp_work_steal+0x41c>
    4000520c:	d503201f 	nop
        cpu_relax();
    40005210:	d503203f 	yield
    40005214:	885f7c03 	ldxr	w3, [x0]
    40005218:	6b02007f 	cmp	w3, w2
    4000521c:	54000061 	b.ne	40005228 <smp_work_steal+0x418>  // b.any
    40005220:	88047c01 	stxr	w4, w1, [x0]
    40005224:	35ffff84 	cbnz	w4, 40005214 <smp_work_steal+0x404>
    while (!atomic_cas_u32(&q->lock, 0U, 1U))
    40005228:	35ffff43 	cbnz	w3, 40005210 <smp_work_steal+0x400>
    if (src_q->nr_running <= STEAL_MIN_RESERVE)
    4000522c:	2a1703f3 	mov	w19, w23
    40005230:	d37a7ee0 	ubfiz	x0, x23, #6, #32
    40005234:	8b130000 	add	x0, x0, x19
    40005238:	d37df000 	lsl	x0, x0, #3
    4000523c:	cb130000 	sub	x0, x0, x19
    40005240:	8b000f00 	add	x0, x24, x0, lsl #3
    40005244:	b9502400 	ldr	w0, [x0, #4132]
    40005248:	7100081f 	cmp	w0, #0x2
    4000524c:	54ffea28 	b.hi	40004f90 <smp_work_steal+0x180>  // b.pmore
    barrier_store();
    40005250:	d5033abf 	dmb	ishst
    q->lock = 0U;
    40005254:	8b131a60 	add	x0, x19, x19, lsl #6
    40005258:	a9425bf5 	ldp	x21, x22, [sp, #32]
    4000525c:	d37df000 	lsl	x0, x0, #3
    40005260:	cb130000 	sub	x0, x0, x19
    40005264:	a94573fb 	ldp	x27, x28, [sp, #80]
    40005268:	8b000f00 	add	x0, x24, x0, lsl #3
    4000526c:	b910201f 	str	wzr, [x0, #4128]
}
    40005270:	17ffff79 	b	40005054 <smp_work_steal+0x244>
    else if ((uintptr_t)a < (uintptr_t)b)
    40005274:	eb1b035f 	cmp	x26, x27
    40005278:	540006a3 	b.cc	4000534c <smp_work_steal+0x53c>  // b.lo, b.ul, b.last
    barrier_store();
    4000527c:	d5033abf 	dmb	ishst
    q->lock = 0U;
    40005280:	8b131a60 	add	x0, x19, x19, lsl #6
    40005284:	d37df000 	lsl	x0, x0, #3
    40005288:	cb130000 	sub	x0, x0, x19
    4000528c:	8b000f00 	add	x0, x24, x0, lsl #3
    40005290:	b910201f 	str	wzr, [x0, #4128]
    barrier_store();
    40005294:	d5033abf 	dmb	ishst
    q->lock = 0U;
    40005298:	8b191b20 	add	x0, x25, x25, lsl #6
}
    4000529c:	a9425bf5 	ldp	x21, x22, [sp, #32]
    q->lock = 0U;
    400052a0:	d37df000 	lsl	x0, x0, #3
    400052a4:	cb190000 	sub	x0, x0, x25
}
    400052a8:	a94573fb 	ldp	x27, x28, [sp, #80]
    q->lock = 0U;
    400052ac:	8b000f00 	add	x0, x24, x0, lsl #3
    400052b0:	b910201f 	str	wzr, [x0, #4128]
}
    400052b4:	17ffff68 	b	40005054 <smp_work_steal+0x244>
        ticket_lock_acquire(&s_migrate_stats_lock);
    400052b8:	d0000134 	adrp	x20, 4002b000 <g_scheduler+0x17838>
    400052bc:	91270294 	add	x20, x20, #0x9c0
    400052c0:	aa1403e0 	mov	x0, x20
    400052c4:	97fffc9f 	bl	40004540 <ticket_lock_acquire>
        s_migrate_stats[src_cpu].affinity_reject++;
    400052c8:	d0000121 	adrp	x1, 4002b000 <g_scheduler+0x17838>
    400052cc:	91274021 	add	x1, x1, #0x9d0
    400052d0:	8b131021 	add	x1, x1, x19, lsl #4
        ticket_lock_release(&s_migrate_stats_lock);
    400052d4:	aa1403e0 	mov	x0, x20
        s_migrate_stats[src_cpu].affinity_reject++;
    400052d8:	b9400822 	ldr	w2, [x1, #8]
    400052dc:	11000442 	add	w2, w2, #0x1
    400052e0:	b9000822 	str	w2, [x1, #8]
        ticket_lock_release(&s_migrate_stats_lock);
    400052e4:	97fffcbb 	bl	400045d0 <ticket_lock_release>
    if (a == b)
    400052e8:	eb1502df 	cmp	x22, x21
    400052ec:	54000120 	b.eq	40005310 <smp_work_steal+0x500>  // b.none
    else if ((uintptr_t)a < (uintptr_t)b)
    400052f0:	eb1b035f 	cmp	x26, x27
    400052f4:	54000562 	b.cs	400053a0 <smp_work_steal+0x590>  // b.hs, b.nlast
    barrier_store();
    400052f8:	d5033abf 	dmb	ishst
    q->lock = 0U;
    400052fc:	8b191b20 	add	x0, x25, x25, lsl #6
    40005300:	d37df000 	lsl	x0, x0, #3
    40005304:	cb190000 	sub	x0, x0, x25
    40005308:	8b000f00 	add	x0, x24, x0, lsl #3
    4000530c:	b910201f 	str	wzr, [x0, #4128]
    barrier_store();
    40005310:	d5033abf 	dmb	ishst
    q->lock = 0U;
    40005314:	8b1c0301 	add	x1, x24, x28
}
    40005318:	a9425bf5 	ldp	x21, x22, [sp, #32]
    4000531c:	a94573fb 	ldp	x27, x28, [sp, #80]
    q->lock = 0U;
    40005320:	b910203f 	str	wzr, [x1, #4128]
}
    40005324:	17ffff4c 	b	40005054 <smp_work_steal+0x244>
    if (src_q->nr_running <= STEAL_MIN_RESERVE)
    40005328:	2a1703f3 	mov	w19, w23
    4000532c:	d37a7ee0 	ubfiz	x0, x23, #6, #32
    40005330:	8b130000 	add	x0, x0, x19
    40005334:	d37df000 	lsl	x0, x0, #3
    40005338:	cb130000 	sub	x0, x0, x19
    4000533c:	8b000f00 	add	x0, x24, x0, lsl #3
    40005340:	b9502400 	ldr	w0, [x0, #4132]
    40005344:	7100081f 	cmp	w0, #0x2
    40005348:	54ffe248 	b.hi	40004f90 <smp_work_steal+0x180>  // b.pmore
    barrier_store();
    4000534c:	d5033abf 	dmb	ishst
    q->lock = 0U;
    40005350:	8b191b20 	add	x0, x25, x25, lsl #6
    40005354:	d37df000 	lsl	x0, x0, #3
    40005358:	cb190000 	sub	x0, x0, x25
    4000535c:	8b000f00 	add	x0, x24, x0, lsl #3
    40005360:	b910201f 	str	wzr, [x0, #4128]
    40005364:	17ffffbb 	b	40005250 <smp_work_steal+0x440>
    barrier_store();
    40005368:	d5033abf 	dmb	ishst
    q->lock = 0U;
    4000536c:	8b010f01 	add	x1, x24, x1, lsl #3
    40005370:	b910203f 	str	wzr, [x1, #4128]
    40005374:	17ffffc8 	b	40005294 <smp_work_steal+0x484>
    if (src_q->nr_running <= STEAL_MIN_RESERVE)
    40005378:	2a1703f3 	mov	w19, w23
    4000537c:	d37a7ee0 	ubfiz	x0, x23, #6, #32
    40005380:	8b130000 	add	x0, x0, x19
    40005384:	d37df000 	lsl	x0, x0, #3
    40005388:	cb130000 	sub	x0, x0, x19
    4000538c:	8b000f00 	add	x0, x24, x0, lsl #3
    40005390:	b9502400 	ldr	w0, [x0, #4132]
    40005394:	7100081f 	cmp	w0, #0x2
    40005398:	54ffdfc8 	b.hi	40004f90 <smp_work_steal+0x180>  // b.pmore
    4000539c:	17ffffb8 	b	4000527c <smp_work_steal+0x46c>
    barrier_store();
    400053a0:	d5033abf 	dmb	ishst
    q->lock = 0U;
    400053a4:	8b1c0301 	add	x1, x24, x28
    400053a8:	b910203f 	str	wzr, [x1, #4128]
    400053ac:	17ffffba 	b	40005294 <smp_work_steal+0x484>
        return -(int32_t)EINVAL;
    400053b0:	128002a0 	mov	w0, #0xffffffea            	// #-22
}
    400053b4:	d65f03c0 	ret
	...

00000000400053c0 <smp_tick_check_balance.part.0>:

/* ========================================================================
 * 周期性负载均衡触发（自适应间隔 + 工作窃取）
 * ======================================================================== */

void smp_tick_check_balance(uint32_t cpu_id)
    400053c0:	a9be7bfd 	stp	x29, x30, [sp, #-32]!
    if (cpu_id >= CONFIG_MAX_CPUS)
    {
        return;
    }

    s_schedule_count[cpu_id]++;
    400053c4:	d0000122 	adrp	x2, 4002b000 <g_scheduler+0x17838>
    400053c8:	91398042 	add	x2, x2, #0xe60
void smp_tick_check_balance(uint32_t cpu_id)
    400053cc:	910003fd 	mov	x29, sp
    400053d0:	a90153f3 	stp	x19, x20, [sp, #16]
    400053d4:	2a0003f3 	mov	w19, w0

    if ((s_schedule_count[cpu_id] % (uint64_t)s_lb_interval[cpu_id]) == 0ULL)
    400053d8:	d0000120 	adrp	x0, 4002b000 <g_scheduler+0x17838>
    400053dc:	913a8000 	add	x0, x0, #0xea0
void smp_tick_check_balance(uint32_t cpu_id)
    400053e0:	aa1303f4 	mov	x20, x19
    s_schedule_count[cpu_id]++;
    400053e4:	f8737841 	ldr	x1, [x2, x19, lsl #3]
    if ((s_schedule_count[cpu_id] % (uint64_t)s_lb_interval[cpu_id]) == 0ULL)
    400053e8:	b8737803 	ldr	w3, [x0, x19, lsl #2]
    s_schedule_count[cpu_id]++;
    400053ec:	91000421 	add	x1, x1, #0x1
    400053f0:	f8337841 	str	x1, [x2, x19, lsl #3]
    if ((s_schedule_count[cpu_id] % (uint64_t)s_lb_interval[cpu_id]) == 0ULL)
    400053f4:	9ac30820 	udiv	x0, x1, x3
    400053f8:	9b038400 	msub	x0, x0, x3, x1
    400053fc:	b4000180 	cbz	x0, 4000542c <smp_tick_check_balance.part.0+0x6c>
    {
        (void)smp_load_balance();
    }

    /* 空闲时尝试工作窃取 */
    if (g_scheduler.cpu_queues[cpu_id].nr_running == 0U)
    40005400:	8b131a61 	add	x1, x19, x19, lsl #6
    40005404:	b0000020 	adrp	x0, 4000a000 <__dtb_ptr>
    40005408:	f9404800 	ldr	x0, [x0, #144]
    4000540c:	d37df021 	lsl	x1, x1, #3
    40005410:	cb130021 	sub	x1, x1, x19
    40005414:	8b010c01 	add	x1, x0, x1, lsl #3
    40005418:	b9502420 	ldr	w0, [x1, #4132]
    4000541c:	340001a0 	cbz	w0, 40005450 <smp_tick_check_balance.part.0+0x90>
    {
        (void)smp_work_steal(cpu_id);
    }
}
    40005420:	a94153f3 	ldp	x19, x20, [sp, #16]
    40005424:	a8c27bfd 	ldp	x29, x30, [sp], #32
    40005428:	d65f03c0 	ret
        (void)smp_load_balance();
    4000542c:	97fffcf1 	bl	400047f0 <smp_load_balance>
    if (g_scheduler.cpu_queues[cpu_id].nr_running == 0U)
    40005430:	8b131a61 	add	x1, x19, x19, lsl #6
    40005434:	b0000020 	adrp	x0, 4000a000 <__dtb_ptr>
    40005438:	f9404800 	ldr	x0, [x0, #144]
    4000543c:	d37df021 	lsl	x1, x1, #3
    40005440:	cb130021 	sub	x1, x1, x19
    40005444:	8b010c01 	add	x1, x0, x1, lsl #3
    40005448:	b9502420 	ldr	w0, [x1, #4132]
    4000544c:	35fffea0 	cbnz	w0, 40005420 <smp_tick_check_balance.part.0+0x60>
        (void)smp_work_steal(cpu_id);
    40005450:	2a1403e0 	mov	w0, w20
}
    40005454:	a94153f3 	ldp	x19, x20, [sp, #16]
    40005458:	a8c27bfd 	ldp	x29, x30, [sp], #32
        (void)smp_work_steal(cpu_id);
    4000545c:	17fffe6d 	b	40004e10 <smp_work_steal>

0000000040005460 <smp_tick_check_balance>:
    if (cpu_id >= CONFIG_MAX_CPUS)
    40005460:	71001c1f 	cmp	w0, #0x7
    40005464:	54000048 	b.hi	4000546c <smp_tick_check_balance+0xc>  // b.pmore
    40005468:	17ffffd6 	b	400053c0 <smp_tick_check_balance.part.0>
}
    4000546c:	d65f03c0 	ret

0000000040005470 <ipc_endpoint_create>:
kernel_status_t ipc_endpoint_create(thread_id_t owner_tid, kobj_id_t *ep_id)
{
    int32_t idx;
    ipc_endpoint_t *ep;

    if (ep_id == NULL)
    40005470:	b4000a21 	cbz	x1, 400055b4 <ipc_endpoint_create+0x144>
{
    40005474:	a9bb7bfd 	stp	x29, x30, [sp, #-80]!
    40005478:	910003fd 	mov	x29, sp
    4000547c:	a90153f3 	stp	x19, x20, [sp, #16]
    40005480:	a9025bf5 	stp	x21, x22, [sp, #32]
    ticket_lock_acquire(&s_ep_subsys_lock);
    40005484:	d0000136 	adrp	x22, 4002b000 <g_scheduler+0x17838>
    40005488:	913b02d3 	add	x19, x22, #0xec0
{
    4000548c:	a90363f7 	stp	x23, x24, [sp, #48]
    40005490:	aa0103f7 	mov	x23, x1
    40005494:	2a0003f8 	mov	w24, w0
    ticket_lock_acquire(&s_ep_subsys_lock);
    40005498:	aa1303e0 	mov	x0, x19
    4000549c:	97fffc29 	bl	40004540 <ticket_lock_acquire>
    if (s_free_ep_count == 0U)
    400054a0:	d0000120 	adrp	x0, 4002b000 <g_scheduler+0x17838>
    400054a4:	b94ecc01 	ldr	w1, [x0, #3788]
    400054a8:	340007e1 	cbz	w1, 400055a4 <ipc_endpoint_create+0x134>
    s_free_ep_count--;
    400054ac:	51000421 	sub	w1, w1, #0x1
    idx = (int32_t)s_free_ep_stack[s_free_ep_count];
    400054b0:	d0000122 	adrp	x2, 4002b000 <g_scheduler+0x17838>
    400054b4:	913b4042 	add	x2, x2, #0xed0
    400054b8:	a9046bf9 	stp	x25, x26, [sp, #64]
    s_free_ep_count--;
    400054bc:	b90ecc01 	str	w1, [x0, #3788]
    ticket_lock_release(&s_ep_subsys_lock);
    400054c0:	aa1303e0 	mov	x0, x19
    idx = (int32_t)s_free_ep_stack[s_free_ep_count];
    400054c4:	b861585a 	ldr	w26, [x2, w1, uxtw #2]
    ticket_lock_release(&s_ep_subsys_lock);
    400054c8:	97fffc42 	bl	400045d0 <ticket_lock_release>
    {
        return -(int32_t)EINVAL;
    }

    idx = alloc_endpoint_index();
    if (idx < 0)
    400054cc:	37f8079a 	tbnz	w26, #31, 400055bc <ipc_endpoint_create+0x14c>
    }

    ep = &s_endpoints[(uint32_t)idx];

    /* 递增 generation（跳过 0 以避免与初始化值冲突） */
    ep->generation++;
    400054d0:	d3797f41 	ubfiz	x1, x26, #7, #32
    400054d4:	f0000134 	adrp	x20, 4002c000 <s_free_ep_stack+0x130>
    400054d8:	91038280 	add	x0, x20, #0xe0
    400054dc:	2a1a03f5 	mov	w21, w26
    400054e0:	8b010000 	add	x0, x0, x1
    400054e4:	7940f002 	ldrh	w2, [x0, #120]
    400054e8:	11000442 	add	w2, w2, #0x1
    if (ep->generation == 0U)
    400054ec:	72003c42 	ands	w2, w2, #0xffff
    {
        ep->generation = 1U;
    }

    /* 生成端点 ID：高 16 位为 generation，低 16 位为索引 */
    ep->id = (kobj_id_t)(((uint32_t)ep->generation << 16U) | (uint32_t)idx);
    400054f0:	53103c43 	lsl	w3, w2, #16
    if (ep->generation == 0U)
    400054f4:	54000520 	b.eq	40005598 <ipc_endpoint_create+0x128>  // b.none
    400054f8:	d379e2b5 	lsl	x21, x21, #7
    400054fc:	91038294 	add	x20, x20, #0xe0
    ep->state = IPC_EP_PENDING;
    ep->owner_tid = owner_tid;
    ep->sender_tid = THREAD_ID_INVALID;
    ep->pending_list.next = &ep->pending_list;
    40005500:	910042a1 	add	x1, x21, #0x10
    40005504:	8b150293 	add	x19, x20, x21
    40005508:	8b140021 	add	x1, x1, x20
    ep->state = IPC_EP_PENDING;
    4000550c:	52800024 	mov	w4, #0x1                   	// #1
    ep->id = (kobj_id_t)(((uint32_t)ep->generation << 16U) | (uint32_t)idx);
    40005510:	2a03035a 	orr	w26, w26, w3
    ep->sender_tid = THREAD_ID_INVALID;
    40005514:	12800003 	mov	w3, #0xffffffff            	// #-1
    ep->pending_list.prev = &ep->pending_list;
    ep->node.next = &ep->node;
    40005518:	910082b9 	add	x25, x21, #0x20
    ep->node.prev = &ep->node;
    ticket_lock_init(&ep->lock);
    4000551c:	9100c2a0 	add	x0, x21, #0x30
    ep->node.next = &ep->node;
    40005520:	8b140339 	add	x25, x25, x20
    ticket_lock_init(&ep->lock);
    40005524:	8b000280 	add	x0, x20, x0

    /* 加入活跃链表 */
    ticket_lock_acquire(&s_ep_subsys_lock);
    40005528:	913b02d6 	add	x22, x22, #0xec0
    ep->id = (kobj_id_t)(((uint32_t)ep->generation << 16U) | (uint32_t)idx);
    4000552c:	b8356a9a 	str	w26, [x20, x21]
    ep->owner_tid = owner_tid;
    40005530:	2900e264 	stp	w4, w24, [x19, #4]
    ep->sender_tid = THREAD_ID_INVALID;
    40005534:	b9000e63 	str	w3, [x19, #12]
    ep->pending_list.prev = &ep->pending_list;
    40005538:	a9010661 	stp	x1, x1, [x19, #16]
    ep->node.prev = &ep->node;
    4000553c:	a9026679 	stp	x25, x25, [x19, #32]
    40005540:	7900f262 	strh	w2, [x19, #120]
    ticket_lock_init(&ep->lock);
    40005544:	97fffbf7 	bl	40004520 <ticket_lock_init>
    ticket_lock_acquire(&s_ep_subsys_lock);
    40005548:	aa1603e0 	mov	x0, x22
    4000554c:	97fffbfd 	bl	40004540 <ticket_lock_acquire>
    ep->node.next = s_active_endpoints.next;
    40005550:	f0000121 	adrp	x1, 4002c000 <s_free_ep_stack+0x130>
    40005554:	91034020 	add	x0, x1, #0xd0
    40005558:	f9406822 	ldr	x2, [x1, #208]
    ep->node.prev = &s_active_endpoints;
    4000555c:	a9020262 	stp	x2, x0, [x19, #32]
    s_active_endpoints.next->prev = &ep->node;
    s_active_endpoints.next = &ep->node;
    ticket_lock_release(&s_ep_subsys_lock);
    40005560:	aa1603e0 	mov	x0, x22
    s_active_endpoints.next = &ep->node;
    40005564:	f9006839 	str	x25, [x1, #208]
    s_active_endpoints.next->prev = &ep->node;
    40005568:	f9000459 	str	x25, [x2, #8]
    ticket_lock_release(&s_ep_subsys_lock);
    4000556c:	97fffc19 	bl	400045d0 <ticket_lock_release>

    barrier();
    40005570:	d5033fbf 	dmb	sy

    *ep_id = ep->id;
    40005574:	b8756a81 	ldr	w1, [x20, x21]

    return KERNEL_OK;
    40005578:	52800000 	mov	w0, #0x0                   	// #0
    4000557c:	a9446bf9 	ldp	x25, x26, [sp, #64]
    *ep_id = ep->id;
    40005580:	b90002e1 	str	w1, [x23]
}
    40005584:	a94153f3 	ldp	x19, x20, [sp, #16]
    40005588:	a9425bf5 	ldp	x21, x22, [sp, #32]
    4000558c:	a94363f7 	ldp	x23, x24, [sp, #48]
    40005590:	a8c57bfd 	ldp	x29, x30, [sp], #80
    40005594:	d65f03c0 	ret
    40005598:	52a00023 	mov	w3, #0x10000               	// #65536
        ep->generation = 1U;
    4000559c:	52800022 	mov	w2, #0x1                   	// #1
    400055a0:	17ffffd6 	b	400054f8 <ipc_endpoint_create+0x88>
        ticket_lock_release(&s_ep_subsys_lock);
    400055a4:	aa1303e0 	mov	x0, x19
    400055a8:	97fffc0a 	bl	400045d0 <ticket_lock_release>
        return -(int32_t)ENOMEM;
    400055ac:	12800160 	mov	w0, #0xfffffff4            	// #-12
    400055b0:	17fffff5 	b	40005584 <ipc_endpoint_create+0x114>
        return -(int32_t)EINVAL;
    400055b4:	128002a0 	mov	w0, #0xffffffea            	// #-22
}
    400055b8:	d65f03c0 	ret
    400055bc:	a9446bf9 	ldp	x25, x26, [sp, #64]
        return -(int32_t)ENOMEM;
    400055c0:	12800160 	mov	w0, #0xfffffff4            	// #-12
    400055c4:	17fffff0 	b	40005584 <ipc_endpoint_create+0x114>
	...

00000000400055d0 <ipc_msg_send>:
                              ipc_msg_tag_t tag,
                              const void *send_buf,
                              uint32_t send_size,
                              void *recv_buf,
                              uint32_t recv_size)
{
    400055d0:	a9b97bfd 	stp	x29, x30, [sp, #-112]!
    400055d4:	910003fd 	mov	x29, sp
    400055d8:	f90033e1 	str	x1, [sp, #96]
    if (ep_id == KOBJ_ID_INVALID)
    400055dc:	34000ca0 	cbz	w0, 40005770 <ipc_msg_send+0x1a0>
    idx = (uint32_t)(ep_id & 0xFFFFU);
    400055e0:	a9025bf5 	stp	x21, x22, [sp, #32]
    400055e4:	2a0003e6 	mov	w6, w0
    400055e8:	12003c16 	and	w22, w0, #0xffff
    if (idx >= CONFIG_IPC_MAX_ENDPOINTS)
    400055ec:	7219201f 	tst	w0, #0xff80
    400055f0:	54000c61 	b.ne	4000577c <ipc_msg_send+0x1ac>  // b.any
    ep = &s_endpoints[idx];
    400055f4:	a90153f3 	stp	x19, x20, [sp, #16]
    400055f8:	d3793ed4 	ubfiz	x20, x22, #7, #16
    uint32_t irq_state;

    ep = get_endpoint(ep_id);
    if (!endpoint_is_valid(ep))
    {
        return -(int32_t)EINVAL;
    400055fc:	128002a0 	mov	w0, #0xffffffea            	// #-22
    40005600:	a9046bf9 	stp	x25, x26, [sp, #64]
    40005604:	a90573fb 	stp	x27, x28, [sp, #80]
    if (ep->generation != gen)
    40005608:	f000013b 	adrp	x27, 4002c000 <s_free_ep_stack+0x130>
    4000560c:	9103837a 	add	x26, x27, #0xe0
    40005610:	8b140353 	add	x19, x26, x20
    40005614:	a90363f7 	stp	x23, x24, [sp, #48]
    40005618:	aa0203f7 	mov	x23, x2
    4000561c:	7940f262 	ldrh	w2, [x19, #120]
    40005620:	6b46405f 	cmp	w2, w6, lsr #16
    40005624:	54000461 	b.ne	400056b0 <ipc_msg_send+0xe0>  // b.any
    }

    if (send_size > CONFIG_IPC_MSG_MAX_SIZE)
    40005628:	b9400662 	ldr	w2, [x19, #4]
    4000562c:	7140047f 	cmp	w3, #0x1, lsl #12
    40005630:	2a0303f5 	mov	w21, w3
    40005634:	7a409844 	ccmp	w2, #0x0, #0x4, ls	// ls = plast
    40005638:	540003c0 	b.eq	400056b0 <ipc_msg_send+0xe0>  // b.none
    {
        return -(int32_t)EINVAL;
    }

    current = kthread_get_current();
    4000563c:	aa0403f9 	mov	x25, x4
    40005640:	2a0503f8 	mov	w24, w5
    40005644:	97fffaeb 	bl	400041f0 <kthread_get_current>
    40005648:	aa0003fc 	mov	x28, x0
    if (current == NULL)
    4000564c:	b4000ae0 	cbz	x0, 400057a8 <ipc_msg_send+0x1d8>
    {
        return -(int32_t)ESRCH;
    }

    irq_state = ticket_lock_acquire_irqsave(&ep->lock);
    40005650:	9100c294 	add	x20, x20, #0x30
    40005654:	8b1a0294 	add	x20, x20, x26
    40005658:	aa1403e0 	mov	x0, x20
    4000565c:	97fffbe1 	bl	400045e0 <ticket_lock_acquire_irqsave>

    /* 检查端点是否有接收者正在等待 */
    if (ep->state == IPC_EP_RECEIVING)
    40005660:	b9400661 	ldr	w1, [x19, #4]
    irq_state = ticket_lock_acquire_irqsave(&ep->lock);
    40005664:	2a0003e3 	mov	w3, w0
    if (ep->state == IPC_EP_RECEIVING)
    40005668:	7100083f 	cmp	w1, #0x2
    4000566c:	54000300 	b.eq	400056cc <ipc_msg_send+0xfc>  // b.none
        return KERNEL_OK;
    }

    /* 慢速路径：接收者尚未调用 RECV，保存发送方信息并阻塞 */
    ep->state = IPC_EP_PENDING;
    ep->sender_tid = current->tid;
    40005670:	b9407b81 	ldr	w1, [x28, #120]
    ep->state = IPC_EP_PENDING;
    40005674:	52800020 	mov	w0, #0x1                   	// #1
    40005678:	b9000660 	str	w0, [x19, #4]
    ep->send_size = send_size;
    ep->sender_recv_buf = recv_buf;
    ep->sender_recv_size = recv_size;

    /* 阻塞发送方线程 */
    current->state = KTHREAD_STATE_BLOCKED;
    4000567c:	52800060 	mov	w0, #0x3                   	// #3
    ep->sender_tid = current->tid;
    40005680:	b9000e61 	str	w1, [x19, #12]
    ep->send_buf = send_buf;
    40005684:	f9002a77 	str	x23, [x19, #80]
    ep->send_size = send_size;
    40005688:	b9005a75 	str	w21, [x19, #88]
    ep->sender_recv_buf = recv_buf;
    4000568c:	f9003279 	str	x25, [x19, #96]
    ep->sender_recv_size = recv_size;
    40005690:	b9006a78 	str	w24, [x19, #104]
        current->state = KTHREAD_STATE_BLOCKED;
    40005694:	b9007f80 	str	w0, [x28, #124]
        barrier();
    40005698:	d5033fbf 	dmb	sy
        ticket_lock_release_irqrestore(&ep->lock, irq_state);
    4000569c:	aa1403e0 	mov	x0, x20
    400056a0:	2a0303e1 	mov	w1, w3
    400056a4:	97fffbe7 	bl	40004640 <ticket_lock_release_irqrestore>
        schedule();
    400056a8:	97fff90e 	bl	40003ae0 <schedule>
        return KERNEL_OK;
    400056ac:	52800000 	mov	w0, #0x0                   	// #0
    400056b0:	a94153f3 	ldp	x19, x20, [sp, #16]
    400056b4:	a9425bf5 	ldp	x21, x22, [sp, #32]
    400056b8:	a94363f7 	ldp	x23, x24, [sp, #48]
    400056bc:	a9446bf9 	ldp	x25, x26, [sp, #64]
    400056c0:	a94573fb 	ldp	x27, x28, [sp, #80]
    ticket_lock_release_irqrestore(&ep->lock, irq_state);
    schedule();

    /* 被唤醒后，回复已就绪 */
    return KERNEL_OK;
}
    400056c4:	a8c77bfd 	ldp	x29, x30, [sp], #112
    400056c8:	d65f03c0 	ret
        ep->sender_tid = current->tid;
    400056cc:	b9407b80 	ldr	w0, [x28, #120]
        ep->state = IPC_EP_REPLYING;
    400056d0:	52800061 	mov	w1, #0x3                   	// #3
    400056d4:	b9000661 	str	w1, [x19, #4]
        if ((send_buf != NULL) && (send_size > 0U) &&
    400056d8:	f10002ff 	cmp	x23, #0x0
        ep->sender_tid = current->tid;
    400056dc:	b9000e60 	str	w0, [x19, #12]
        if ((send_buf != NULL) && (send_size > 0U) &&
    400056e0:	7a401aa4 	ccmp	w21, #0x0, #0x4, ne	// ne = any
    400056e4:	540000a0 	b.eq	400056f8 <ipc_msg_send+0x128>  // b.none
            (ep->recv_buf != NULL) && (ep->recv_size > 0U))
    400056e8:	f9402260 	ldr	x0, [x19, #64]
        if ((send_buf != NULL) && (send_size > 0U) &&
    400056ec:	b4000060 	cbz	x0, 400056f8 <ipc_msg_send+0x128>
            (ep->recv_buf != NULL) && (ep->recv_size > 0U))
    400056f0:	b9404a62 	ldr	w2, [x19, #72]
    400056f4:	350004c2 	cbnz	w2, 4000578c <ipc_msg_send+0x1bc>
        ep->saved_tag = tag;
    400056f8:	9103837b 	add	x27, x27, #0xe0
    400056fc:	8b161f76 	add	x22, x27, x22, lsl #7
    40005700:	f94033e0 	ldr	x0, [sp, #96]
        if (ep->owner_tid != THREAD_ID_INVALID)
    40005704:	b9400ac1 	ldr	w1, [x22, #8]
        ep->sender_recv_buf = recv_buf;
    40005708:	f90032d9 	str	x25, [x22, #96]
        ep->sender_recv_size = recv_size;
    4000570c:	b9006ad8 	str	w24, [x22, #104]
        ep->saved_tag = tag;
    40005710:	f9003ac0 	str	x0, [x22, #112]
            if (ep->owner_tid < CONFIG_MAX_THREADS)
    40005714:	7103fc3f 	cmp	w1, #0xff
    40005718:	54000069 	b.ls	40005724 <ipc_msg_send+0x154>  // b.plast
        current->state = KTHREAD_STATE_BLOCKED;
    4000571c:	52800060 	mov	w0, #0x3                   	// #3
    40005720:	17ffffdd 	b	40005694 <ipc_msg_send+0xc4>
                if (receiver->state == KTHREAD_STATE_BLOCKED)
    40005724:	b0000024 	adrp	x4, 4000a000 <__dtb_ptr>
    40005728:	f9404884 	ldr	x4, [x4, #144]
    4000572c:	d3787c22 	ubfiz	x2, x1, #8, #32
    40005730:	8b020082 	add	x2, x4, x2
    40005734:	91402042 	add	x2, x2, #0x8, lsl #12
    40005738:	b9423c40 	ldr	w0, [x2, #572]
    4000573c:	71000c1f 	cmp	w0, #0x3
    40005740:	54fffee1 	b.ne	4000571c <ipc_msg_send+0x14c>  // b.any
                KThread_t *receiver = &g_scheduler.thread_table[ep->owner_tid];
    40005744:	d3787c21 	ubfiz	x1, x1, #8, #32
                    receiver->state = KTHREAD_STATE_READY;
    40005748:	52800025 	mov	w5, #0x1                   	// #1
                KThread_t *receiver = &g_scheduler.thread_table[ep->owner_tid];
    4000574c:	d2903800 	mov	x0, #0x81c0                	// #33216
    40005750:	8b000020 	add	x0, x1, x0
                    scheduler_enqueue(receiver);
    40005754:	8b000080 	add	x0, x4, x0
    40005758:	b90063e3 	str	w3, [sp, #96]
                    receiver->state = KTHREAD_STATE_READY;
    4000575c:	b9023c45 	str	w5, [x2, #572]
                    scheduler_enqueue(receiver);
    40005760:	97fff86c 	bl	40003910 <scheduler_enqueue>
    40005764:	b94063e3 	ldr	w3, [sp, #96]
        current->state = KTHREAD_STATE_BLOCKED;
    40005768:	52800060 	mov	w0, #0x3                   	// #3
    4000576c:	17ffffca 	b	40005694 <ipc_msg_send+0xc4>
        return -(int32_t)EINVAL;
    40005770:	128002a0 	mov	w0, #0xffffffea            	// #-22
}
    40005774:	a8c77bfd 	ldp	x29, x30, [sp], #112
    40005778:	d65f03c0 	ret
    4000577c:	a9425bf5 	ldp	x21, x22, [sp, #32]
        return -(int32_t)EINVAL;
    40005780:	128002a0 	mov	w0, #0xffffffea            	// #-22
}
    40005784:	a8c77bfd 	ldp	x29, x30, [sp], #112
    40005788:	d65f03c0 	ret
            if (copy_size > ep->recv_size)
    4000578c:	6b15005f 	cmp	w2, w21
            (void)memcpy(ep->recv_buf, send_buf, (size_t)copy_size);
    40005790:	aa1703e1 	mov	x1, x23
    40005794:	1a959042 	csel	w2, w2, w21, ls	// ls = plast
    40005798:	b9006fe3 	str	w3, [sp, #108]
    4000579c:	94000d55 	bl	40008cf0 <kernel_memcpy>
    400057a0:	b9406fe3 	ldr	w3, [sp, #108]
    400057a4:	17ffffd5 	b	400056f8 <ipc_msg_send+0x128>
        return -(int32_t)ESRCH;
    400057a8:	12800040 	mov	w0, #0xfffffffd            	// #-3
    400057ac:	17ffffc1 	b	400056b0 <ipc_msg_send+0xe0>

00000000400057b0 <ipc_msg_receive>:
    if (ep_id == KOBJ_ID_INVALID)
    400057b0:	34000b40 	cbz	w0, 40005918 <ipc_msg_receive+0x168>

kernel_status_t ipc_msg_receive(kobj_id_t ep_id,
                                 ipc_msg_tag_t *tag,
                                 void *recv_buf,
                                 uint32_t recv_size)
{
    400057b4:	a9ba7bfd 	stp	x29, x30, [sp, #-96]!
    400057b8:	2a0003e4 	mov	w4, w0
    400057bc:	910003fd 	mov	x29, sp
    400057c0:	a90153f3 	stp	x19, x20, [sp, #16]
    idx = (uint32_t)(ep_id & 0xFFFFU);
    400057c4:	12003c14 	and	w20, w0, #0xffff
    if (idx >= CONFIG_IPC_MAX_ENDPOINTS)
    400057c8:	7219201f 	tst	w0, #0xff80
    400057cc:	54000aa1 	b.ne	40005920 <ipc_msg_receive+0x170>  // b.any
    ep = &s_endpoints[idx];
    400057d0:	d3793e93 	ubfiz	x19, x20, #7, #16
    if (ep->generation != gen)
    400057d4:	a90363f7 	stp	x23, x24, [sp, #48]
    400057d8:	f0000137 	adrp	x23, 4002c000 <s_free_ep_stack+0x130>
    400057dc:	f9002bfb 	str	x27, [sp, #80]
    400057e0:	910382fb 	add	x27, x23, #0xe0
    400057e4:	a9025bf5 	stp	x21, x22, [sp, #32]
    400057e8:	8b130375 	add	x21, x27, x19
    400057ec:	aa0103f6 	mov	x22, x1
    400057f0:	a9046bf9 	stp	x25, x26, [sp, #64]
    uint32_t irq_state;

    ep = get_endpoint(ep_id);
    if (!endpoint_is_valid(ep))
    {
        return -(int32_t)EINVAL;
    400057f4:	128002a0 	mov	w0, #0xffffffea            	// #-22
    if (ep->generation != gen)
    400057f8:	7940f2a1 	ldrh	w1, [x21, #120]
    400057fc:	6b44403f 	cmp	w1, w4, lsr #16
    40005800:	540007e1 	b.ne	400058fc <ipc_msg_receive+0x14c>  // b.any
    if (!endpoint_is_valid(ep))
    40005804:	b94006a1 	ldr	w1, [x21, #4]
    40005808:	340007a1 	cbz	w1, 400058fc <ipc_msg_receive+0x14c>
    }

    current = kthread_get_current();
    4000580c:	aa0203f9 	mov	x25, x2
    40005810:	2a0303f8 	mov	w24, w3
    40005814:	97fffa77 	bl	400041f0 <kthread_get_current>
    40005818:	aa0003fa 	mov	x26, x0
    if (current == NULL)
    4000581c:	b4000960 	cbz	x0, 40005948 <ipc_msg_receive+0x198>
    {
        return -(int32_t)ESRCH;
    }

    irq_state = ticket_lock_acquire_irqsave(&ep->lock);
    40005820:	9100c273 	add	x19, x19, #0x30
    40005824:	8b1b0273 	add	x19, x19, x27
    40005828:	aa1303e0 	mov	x0, x19
    4000582c:	97fffb6d 	bl	400045e0 <ticket_lock_acquire_irqsave>
    ep->recv_buf = recv_buf;
    ep->recv_size = recv_size;

    /* 检查是否有发送方已阻塞等待（慢速路径 send 已保存 sender 信息）
     * 条件：state == PENDING 且 sender_tid 有效（排除 EP_CREATE 后的初始状态） */
    if ((ep->state == IPC_EP_PENDING) && (ep->sender_tid != THREAD_ID_INVALID))
    40005830:	b94006a1 	ldr	w1, [x21, #4]
    irq_state = ticket_lock_acquire_irqsave(&ep->lock);
    40005834:	2a0003fb 	mov	w27, w0
    ep->recv_buf = recv_buf;
    40005838:	f90022b9 	str	x25, [x21, #64]
    ep->recv_size = recv_size;
    4000583c:	b9004ab8 	str	w24, [x21, #72]
    if ((ep->state == IPC_EP_PENDING) && (ep->sender_tid != THREAD_ID_INVALID))
    40005840:	7100043f 	cmp	w1, #0x1
    40005844:	54000301 	b.ne	400058a4 <ipc_msg_receive+0xf4>  // b.any
    40005848:	b9400ea0 	ldr	w0, [x21, #12]
    4000584c:	3100041f 	cmn	w0, #0x1
    40005850:	540002a0 	b.eq	400058a4 <ipc_msg_receive+0xf4>  // b.none
    {
        /* 有发送方在等待：拷贝消息载荷到接收方缓冲区 */
        if ((ep->send_buf != NULL) && (ep->send_size > 0U) &&
    40005854:	f9402aa1 	ldr	x1, [x21, #80]
    40005858:	b40000c1 	cbz	x1, 40005870 <ipc_msg_receive+0xc0>
    4000585c:	b9405aa2 	ldr	w2, [x21, #88]
    40005860:	34000082 	cbz	w2, 40005870 <ipc_msg_receive+0xc0>
            (recv_buf != NULL) && (recv_size > 0U))
    40005864:	f100033f 	cmp	x25, #0x0
    40005868:	7a401b04 	ccmp	w24, #0x0, #0x4, ne	// ne = any
    4000586c:	54000621 	b.ne	40005930 <ipc_msg_receive+0x180>  // b.any
            }
            (void)memcpy(recv_buf, ep->send_buf, (size_t)copy_size);
        }

        /* 填充 tag 输出参数 */
        if (tag != NULL)
    40005870:	b40000b6 	cbz	x22, 40005884 <ipc_msg_receive+0xd4>
        {
            *tag = ep->saved_tag;
    40005874:	910382e0 	add	x0, x23, #0xe0
    40005878:	8b141c00 	add	x0, x0, x20, lsl #7
    4000587c:	f9403800 	ldr	x0, [x0, #112]
    40005880:	f90002c0 	str	x0, [x22]
        }

        /* 直接进入回复阶段 */
        ep->state = IPC_EP_REPLYING;
    40005884:	910382f7 	add	x23, x23, #0xe0
    40005888:	52800062 	mov	w2, #0x3                   	// #3
    4000588c:	8b141ef7 	add	x23, x23, x20, lsl #7
        ticket_lock_release_irqrestore(&ep->lock, irq_state);
    40005890:	2a1b03e1 	mov	w1, w27
    40005894:	aa1303e0 	mov	x0, x19
        ep->state = IPC_EP_REPLYING;
    40005898:	b90006e2 	str	w2, [x23, #4]
        ticket_lock_release_irqrestore(&ep->lock, irq_state);
    4000589c:	97fffb69 	bl	40004640 <ticket_lock_release_irqrestore>
        return KERNEL_OK;
    400058a0:	1400000f 	b	400058dc <ipc_msg_receive+0x12c>
    }

    /* 无发送方等待：阻塞等待 */
    ep->state = IPC_EP_RECEIVING;
    400058a4:	910382f7 	add	x23, x23, #0xe0
    400058a8:	52800041 	mov	w1, #0x2                   	// #2
    400058ac:	8b141ef4 	add	x20, x23, x20, lsl #7
    current->state = KTHREAD_STATE_BLOCKED;
    400058b0:	52800060 	mov	w0, #0x3                   	// #3
    ep->state = IPC_EP_RECEIVING;
    400058b4:	b9000681 	str	w1, [x20, #4]
    current->state = KTHREAD_STATE_BLOCKED;
    400058b8:	b9007f40 	str	w0, [x26, #124]
    barrier();
    400058bc:	d5033fbf 	dmb	sy
    ticket_lock_release_irqrestore(&ep->lock, irq_state);
    400058c0:	2a1b03e1 	mov	w1, w27
    400058c4:	aa1303e0 	mov	x0, x19
    400058c8:	97fffb5e 	bl	40004640 <ticket_lock_release_irqrestore>
    schedule();
    400058cc:	97fff885 	bl	40003ae0 <schedule>

    /* 被唤醒后（发送方已完成 memcpy 到 recv_buf），填充 tag */
    if (tag != NULL)
    400058d0:	b4000076 	cbz	x22, 400058dc <ipc_msg_receive+0x12c>
    {
        *tag = ep->saved_tag;
    400058d4:	f9403a80 	ldr	x0, [x20, #112]
    400058d8:	f90002c0 	str	x0, [x22]
    400058dc:	a9425bf5 	ldp	x21, x22, [sp, #32]
        return KERNEL_OK;
    400058e0:	52800000 	mov	w0, #0x0                   	// #0
    400058e4:	a94363f7 	ldp	x23, x24, [sp, #48]
    400058e8:	a9446bf9 	ldp	x25, x26, [sp, #64]
    400058ec:	f9402bfb 	ldr	x27, [sp, #80]
    }

    return KERNEL_OK;
}
    400058f0:	a94153f3 	ldp	x19, x20, [sp, #16]
    400058f4:	a8c67bfd 	ldp	x29, x30, [sp], #96
    400058f8:	d65f03c0 	ret
    400058fc:	a94153f3 	ldp	x19, x20, [sp, #16]
    40005900:	a9425bf5 	ldp	x21, x22, [sp, #32]
    40005904:	a94363f7 	ldp	x23, x24, [sp, #48]
    40005908:	a9446bf9 	ldp	x25, x26, [sp, #64]
    4000590c:	f9402bfb 	ldr	x27, [sp, #80]
    40005910:	a8c67bfd 	ldp	x29, x30, [sp], #96
    40005914:	d65f03c0 	ret
        return -(int32_t)EINVAL;
    40005918:	128002a0 	mov	w0, #0xffffffea            	// #-22
}
    4000591c:	d65f03c0 	ret
    40005920:	a94153f3 	ldp	x19, x20, [sp, #16]
        return -(int32_t)EINVAL;
    40005924:	128002a0 	mov	w0, #0xffffffea            	// #-22
}
    40005928:	a8c67bfd 	ldp	x29, x30, [sp], #96
    4000592c:	d65f03c0 	ret
            if (copy_size > recv_size)
    40005930:	6b18005f 	cmp	w2, w24
            (void)memcpy(recv_buf, ep->send_buf, (size_t)copy_size);
    40005934:	aa1903e0 	mov	x0, x25
    40005938:	1a989042 	csel	w2, w2, w24, ls	// ls = plast
    4000593c:	94000ced 	bl	40008cf0 <kernel_memcpy>
        if (tag != NULL)
    40005940:	b5fff9b6 	cbnz	x22, 40005874 <ipc_msg_receive+0xc4>
    40005944:	17ffffd0 	b	40005884 <ipc_msg_receive+0xd4>
        return -(int32_t)ESRCH;
    40005948:	a9425bf5 	ldp	x21, x22, [sp, #32]
    4000594c:	12800040 	mov	w0, #0xfffffffd            	// #-3
    40005950:	a94363f7 	ldp	x23, x24, [sp, #48]
    40005954:	a9446bf9 	ldp	x25, x26, [sp, #64]
    40005958:	f9402bfb 	ldr	x27, [sp, #80]
    4000595c:	17ffffe5 	b	400058f0 <ipc_msg_receive+0x140>

0000000040005960 <ipc_msg_reply>:
    if (ep_id == KOBJ_ID_INVALID)
    40005960:	34000b80 	cbz	w0, 40005ad0 <ipc_msg_reply+0x170>

kernel_status_t ipc_msg_reply(kobj_id_t ep_id,
                               int32_t status,
                               const void *reply_buf,
                               uint32_t reply_size)
{
    40005964:	a9bb7bfd 	stp	x29, x30, [sp, #-80]!
    40005968:	910003fd 	mov	x29, sp
    4000596c:	a90363f7 	stp	x23, x24, [sp, #48]
    idx = (uint32_t)(ep_id & 0xFFFFU);
    40005970:	12003c17 	and	w23, w0, #0xffff
    if (idx >= CONFIG_IPC_MAX_ENDPOINTS)
    40005974:	7219201f 	tst	w0, #0xff80
    40005978:	540007e1 	b.ne	40005a74 <ipc_msg_reply+0x114>  // b.any
    if (ep->generation != gen)
    4000597c:	f0000138 	adrp	x24, 4002c000 <s_free_ep_stack+0x130>
    40005980:	91038301 	add	x1, x24, #0xe0
    40005984:	a90153f3 	stp	x19, x20, [sp, #16]
    40005988:	d3793ef3 	ubfiz	x19, x23, #7, #16
    4000598c:	8b130034 	add	x20, x1, x19
    40005990:	a9025bf5 	stp	x21, x22, [sp, #32]
    40005994:	aa0203f6 	mov	x22, x2
    40005998:	7940f282 	ldrh	w2, [x20, #120]
    4000599c:	f90023f9 	str	x25, [sp, #64]
    400059a0:	6b40405f 	cmp	w2, w0, lsr #16
    400059a4:	54000621 	b.ne	40005a68 <ipc_msg_reply+0x108>  // b.any
    uint32_t irq_state;

    (void)status;

    ep = get_endpoint(ep_id);
    if (!endpoint_is_valid(ep))
    400059a8:	b9400680 	ldr	w0, [x20, #4]
    400059ac:	340005e0 	cbz	w0, 40005a68 <ipc_msg_reply+0x108>
    {
        return -(int32_t)EINVAL;
    }

    irq_state = ticket_lock_acquire_irqsave(&ep->lock);
    400059b0:	9100c273 	add	x19, x19, #0x30
    400059b4:	2a0303f5 	mov	w21, w3
    400059b8:	8b010273 	add	x19, x19, x1
    400059bc:	aa1303e0 	mov	x0, x19
    400059c0:	97fffb08 	bl	400045e0 <ticket_lock_acquire_irqsave>

    if (ep->state != IPC_EP_REPLYING)
    400059c4:	b9400681 	ldr	w1, [x20, #4]
    irq_state = ticket_lock_acquire_irqsave(&ep->lock);
    400059c8:	2a0003f9 	mov	w25, w0
    if (ep->state != IPC_EP_REPLYING)
    400059cc:	71000c3f 	cmp	w1, #0x3
    400059d0:	54000701 	b.ne	40005ab0 <ipc_msg_reply+0x150>  // b.any
     * 1. 将回复数据拷贝到发送方的接收缓冲区
     * 2. 唤醒阻塞在 ipc_msg_send 中的发送线程
     */

    /* 恢复端点状态 */
    ep->state = IPC_EP_PENDING;
    400059d4:	52800020 	mov	w0, #0x1                   	// #1
    400059d8:	b9000680 	str	w0, [x20, #4]

    /* 如果回复缓冲区有数据，拷贝到发送方的回复缓冲区 */
    if ((reply_buf != NULL) && (reply_size > 0U) &&
    400059dc:	f10002df 	cmp	x22, #0x0
    400059e0:	7a401aa4 	ccmp	w21, #0x0, #0x4, ne	// ne = any
    400059e4:	540000a0 	b.eq	400059f8 <ipc_msg_reply+0x98>  // b.none
        (ep->sender_recv_buf != NULL) && (ep->sender_recv_size > 0U))
    400059e8:	f9403280 	ldr	x0, [x20, #96]
    if ((reply_buf != NULL) && (reply_size > 0U) &&
    400059ec:	b4000060 	cbz	x0, 400059f8 <ipc_msg_reply+0x98>
        (ep->sender_recv_buf != NULL) && (ep->sender_recv_size > 0U))
    400059f0:	b9406a82 	ldr	w2, [x20, #104]
    400059f4:	35000442 	cbnz	w2, 40005a7c <ipc_msg_reply+0x11c>
        }
        (void)memcpy(ep->sender_recv_buf, reply_buf, (size_t)copy_size);
    }

    /* 唤醒发送方线程 */
    if ((ep->sender_tid != THREAD_ID_INVALID) && (ep->sender_tid < CONFIG_MAX_THREADS))
    400059f8:	91038300 	add	x0, x24, #0xe0
    400059fc:	8b171c00 	add	x0, x0, x23, lsl #7
    40005a00:	b9400c02 	ldr	w2, [x0, #12]
    40005a04:	7103fc5f 	cmp	w2, #0xff
    40005a08:	540001a8 	b.hi	40005a3c <ipc_msg_reply+0xdc>  // b.pmore
    {
        KThread_t *sender = &g_scheduler.thread_table[ep->sender_tid];
        if (sender->state == KTHREAD_STATE_BLOCKED)
    40005a0c:	b0000020 	adrp	x0, 4000a000 <__dtb_ptr>
    40005a10:	f9404800 	ldr	x0, [x0, #144]
    40005a14:	d3787c41 	ubfiz	x1, x2, #8, #32
    40005a18:	8b010001 	add	x1, x0, x1
    40005a1c:	91402021 	add	x1, x1, #0x8, lsl #12
    40005a20:	b9423c23 	ldr	w3, [x1, #572]
    40005a24:	71000c7f 	cmp	w3, #0x3
    40005a28:	54000340 	b.eq	40005a90 <ipc_msg_reply+0x130>  // b.none
        {
            sender->state = KTHREAD_STATE_READY;
            scheduler_enqueue(sender);
        }
        ep->sender_tid = THREAD_ID_INVALID;
    40005a2c:	91038318 	add	x24, x24, #0xe0
    40005a30:	12800000 	mov	w0, #0xffffffff            	// #-1
    40005a34:	8b171f17 	add	x23, x24, x23, lsl #7
    40005a38:	b9000ee0 	str	w0, [x23, #12]
    }

    barrier();
    40005a3c:	d5033fbf 	dmb	sy
    ticket_lock_release_irqrestore(&ep->lock, irq_state);
    40005a40:	aa1303e0 	mov	x0, x19
    40005a44:	2a1903e1 	mov	w1, w25
    40005a48:	97fffafe 	bl	40004640 <ticket_lock_release_irqrestore>

    return KERNEL_OK;
    40005a4c:	a94153f3 	ldp	x19, x20, [sp, #16]
    40005a50:	52800000 	mov	w0, #0x0                   	// #0
    40005a54:	a9425bf5 	ldp	x21, x22, [sp, #32]
    40005a58:	f94023f9 	ldr	x25, [sp, #64]
}
    40005a5c:	a94363f7 	ldp	x23, x24, [sp, #48]
    40005a60:	a8c57bfd 	ldp	x29, x30, [sp], #80
    40005a64:	d65f03c0 	ret
    40005a68:	a94153f3 	ldp	x19, x20, [sp, #16]
    40005a6c:	a9425bf5 	ldp	x21, x22, [sp, #32]
    40005a70:	f94023f9 	ldr	x25, [sp, #64]
        return -(int32_t)EINVAL;
    40005a74:	128002a0 	mov	w0, #0xffffffea            	// #-22
    40005a78:	17fffff9 	b	40005a5c <ipc_msg_reply+0xfc>
        if (copy_size > ep->sender_recv_size)
    40005a7c:	6b15005f 	cmp	w2, w21
        (void)memcpy(ep->sender_recv_buf, reply_buf, (size_t)copy_size);
    40005a80:	aa1603e1 	mov	x1, x22
    40005a84:	1a959042 	csel	w2, w2, w21, ls	// ls = plast
    40005a88:	94000c9a 	bl	40008cf0 <kernel_memcpy>
    40005a8c:	17ffffdb 	b	400059f8 <ipc_msg_reply+0x98>
        KThread_t *sender = &g_scheduler.thread_table[ep->sender_tid];
    40005a90:	d3787c42 	ubfiz	x2, x2, #8, #32
    40005a94:	d2903804 	mov	x4, #0x81c0                	// #33216
    40005a98:	8b040042 	add	x2, x2, x4
            sender->state = KTHREAD_STATE_READY;
    40005a9c:	52800023 	mov	w3, #0x1                   	// #1
            scheduler_enqueue(sender);
    40005aa0:	8b020000 	add	x0, x0, x2
            sender->state = KTHREAD_STATE_READY;
    40005aa4:	b9023c23 	str	w3, [x1, #572]
            scheduler_enqueue(sender);
    40005aa8:	97fff79a 	bl	40003910 <scheduler_enqueue>
    40005aac:	17ffffe0 	b	40005a2c <ipc_msg_reply+0xcc>
        ticket_lock_release_irqrestore(&ep->lock, irq_state);
    40005ab0:	2a0003e1 	mov	w1, w0
    40005ab4:	aa1303e0 	mov	x0, x19
    40005ab8:	97fffae2 	bl	40004640 <ticket_lock_release_irqrestore>
    40005abc:	a94153f3 	ldp	x19, x20, [sp, #16]
        return -(int32_t)EINVAL;
    40005ac0:	128002a0 	mov	w0, #0xffffffea            	// #-22
        ticket_lock_release_irqrestore(&ep->lock, irq_state);
    40005ac4:	a9425bf5 	ldp	x21, x22, [sp, #32]
    40005ac8:	f94023f9 	ldr	x25, [sp, #64]
    40005acc:	17ffffe4 	b	40005a5c <ipc_msg_reply+0xfc>
        return -(int32_t)EINVAL;
    40005ad0:	128002a0 	mov	w0, #0xffffffea            	// #-22
}
    40005ad4:	d65f03c0 	ret
	...

0000000040005ae0 <ipc_channel_create>:
    if (ch_id == NULL)
    {
        return -(int32_t)EINVAL;
    }

    if (owner_tid >= CONFIG_MAX_THREADS)
    40005ae0:	7103fc1f 	cmp	w0, #0xff
    40005ae4:	fa409824 	ccmp	x1, #0x0, #0x4, ls	// ls = plast
    40005ae8:	54000760 	b.eq	40005bd4 <ipc_channel_create+0xf4>  // b.none
{
    40005aec:	a9bc7bfd 	stp	x29, x30, [sp, #-64]!
    40005af0:	910003fd 	mov	x29, sp
    40005af4:	a90153f3 	stp	x19, x20, [sp, #16]
    ticket_lock_acquire(&s_ch_subsys_lock);
    40005af8:	f00001d3 	adrp	x19, 40040000 <s_pulse_pool+0xff10>
    40005afc:	9103c273 	add	x19, x19, #0xf0
{
    40005b00:	a9025bf5 	stp	x21, x22, [sp, #32]
    40005b04:	aa0103f6 	mov	x22, x1
    40005b08:	f9001bf7 	str	x23, [sp, #48]
    40005b0c:	2a0003f7 	mov	w23, w0
    ticket_lock_acquire(&s_ch_subsys_lock);
    40005b10:	aa1303e0 	mov	x0, x19
    40005b14:	97fffa8b 	bl	40004540 <ticket_lock_acquire>
    if (s_free_ch_count == 0U)
    40005b18:	f00001c0 	adrp	x0, 40040000 <s_pulse_pool+0xff10>
    40005b1c:	b9450001 	ldr	w1, [x0, #1280]
    40005b20:	340005e1 	cbz	w1, 40005bdc <ipc_channel_create+0xfc>
    s_free_ch_count--;
    40005b24:	51000421 	sub	w1, w1, #0x1
    idx = (int32_t)s_free_ch_stack[s_free_ch_count];
    40005b28:	f00001c2 	adrp	x2, 40040000 <s_pulse_pool+0xff10>
    40005b2c:	91142042 	add	x2, x2, #0x508
    s_free_ch_count--;
    40005b30:	b9050001 	str	w1, [x0, #1280]
    ticket_lock_release(&s_ch_subsys_lock);
    40005b34:	aa1303e0 	mov	x0, x19
    idx = (int32_t)s_free_ch_stack[s_free_ch_count];
    40005b38:	b8615855 	ldr	w21, [x2, w1, uxtw #2]
    ticket_lock_release(&s_ch_subsys_lock);
    40005b3c:	97fffaa5 	bl	400045d0 <ticket_lock_release>
    {
        return -(int32_t)EINVAL;
    }

    idx = alloc_channel_index();
    if (idx < 0)
    40005b40:	37f80535 	tbnz	w21, #31, 40005be4 <ipc_channel_create+0x104>
        return -(int32_t)ENOMEM;
    }

    ch = &s_channels[(uint32_t)idx];

    ch->id = (kobj_id_t)((uint32_t)idx | ((uint32_t)idx << 16U));
    40005b44:	2a1503e1 	mov	w1, w21
    40005b48:	52800b00 	mov	w0, #0x58                  	// #88
    40005b4c:	8b354433 	add	x19, x1, w21, uxtw #1
    40005b50:	d00001f4 	adrp	x20, 40043000 <s_connections+0x29f8>
    40005b54:	9ba07ea0 	umull	x0, w21, w0
    40005b58:	91382294 	add	x20, x20, #0xe08
    40005b5c:	d37ef673 	lsl	x19, x19, #2
    ch->state = IPC_CH_OPEN;
    40005b60:	52800025 	mov	w5, #0x1                   	// #1
    ch->id = (kobj_id_t)((uint32_t)idx | ((uint32_t)idx << 16U));
    40005b64:	cb010273 	sub	x19, x19, x1
    ch->owner_tid = owner_tid;
    ch->conn_list.next = &ch->conn_list;
    40005b68:	91004004 	add	x4, x0, #0x10
    ch->conn_list.prev = &ch->conn_list;
    ch->pulse_queue.next = &ch->pulse_queue;
    40005b6c:	91008003 	add	x3, x0, #0x20
    ch->pulse_queue.prev = &ch->pulse_queue;
    ch->pulse_count = 0U;
    ch->node.next = &ch->node;
    40005b70:	9100e001 	add	x1, x0, #0x38
    ch->id = (kobj_id_t)((uint32_t)idx | ((uint32_t)idx << 16U));
    40005b74:	d37df273 	lsl	x19, x19, #3
    ch->conn_list.next = &ch->conn_list;
    40005b78:	8b140084 	add	x4, x4, x20
    ch->state = IPC_CH_OPEN;
    40005b7c:	8b130282 	add	x2, x20, x19
    ch->pulse_queue.next = &ch->pulse_queue;
    40005b80:	8b140063 	add	x3, x3, x20
    ch->node.next = &ch->node;
    40005b84:	8b140021 	add	x1, x1, x20
    ch->node.prev = &ch->node;
    ticket_lock_init(&ch->lock);
    40005b88:	91012000 	add	x0, x0, #0x48
    ch->id = (kobj_id_t)((uint32_t)idx | ((uint32_t)idx << 16U));
    40005b8c:	2a1542b5 	orr	w21, w21, w21, lsl #16
    ticket_lock_init(&ch->lock);
    40005b90:	8b000280 	add	x0, x20, x0
    ch->id = (kobj_id_t)((uint32_t)idx | ((uint32_t)idx << 16U));
    40005b94:	b8336a95 	str	w21, [x20, x19]
    ch->owner_tid = owner_tid;
    40005b98:	2900dc45 	stp	w5, w23, [x2, #4]
    ch->conn_list.prev = &ch->conn_list;
    40005b9c:	a9011044 	stp	x4, x4, [x2, #16]
    ch->pulse_queue.prev = &ch->pulse_queue;
    40005ba0:	a9020c43 	stp	x3, x3, [x2, #32]
    ch->pulse_count = 0U;
    40005ba4:	b900305f 	str	wzr, [x2, #48]
    ch->node.prev = &ch->node;
    40005ba8:	a9038441 	stp	x1, x1, [x2, #56]
    ticket_lock_init(&ch->lock);
    40005bac:	97fffa5d 	bl	40004520 <ticket_lock_init>

    barrier();
    40005bb0:	d5033fbf 	dmb	sy

    *ch_id = ch->id;
    40005bb4:	b8736a81 	ldr	w1, [x20, x19]

    return KERNEL_OK;
    40005bb8:	52800000 	mov	w0, #0x0                   	// #0
    *ch_id = ch->id;
    40005bbc:	b90002c1 	str	w1, [x22]
}
    40005bc0:	a94153f3 	ldp	x19, x20, [sp, #16]
    40005bc4:	a9425bf5 	ldp	x21, x22, [sp, #32]
    40005bc8:	f9401bf7 	ldr	x23, [sp, #48]
    40005bcc:	a8c47bfd 	ldp	x29, x30, [sp], #64
    40005bd0:	d65f03c0 	ret
        return -(int32_t)EINVAL;
    40005bd4:	128002a0 	mov	w0, #0xffffffea            	// #-22
}
    40005bd8:	d65f03c0 	ret
        ticket_lock_release(&s_ch_subsys_lock);
    40005bdc:	aa1303e0 	mov	x0, x19
    40005be0:	97fffa7c 	bl	400045d0 <ticket_lock_release>
        return -(int32_t)ENOMEM;
    40005be4:	12800160 	mov	w0, #0xfffffff4            	// #-12
    40005be8:	17fffff6 	b	40005bc0 <ipc_channel_create+0xe0>
    40005bec:	00000000 	udf	#0

0000000040005bf0 <ipc_channel_destroy>:
    if (ch_id == KOBJ_ID_INVALID)
    40005bf0:	34000f40 	cbz	w0, 40005dd8 <ipc_channel_destroy+0x1e8>
/* ========================================================================
 * 销毁通道
 * ======================================================================== */

kernel_status_t ipc_channel_destroy(kobj_id_t ch_id)
{
    40005bf4:	a9b97bfd 	stp	x29, x30, [sp, #-112]!
    40005bf8:	910003fd 	mov	x29, sp
    40005bfc:	a9046bf9 	stp	x25, x26, [sp, #64]
    idx = (uint32_t)(ch_id & 0xFFFFU);
    40005c00:	12003c1a 	and	w26, w0, #0xffff
    if (idx >= CONFIG_IPC_MAX_CHANNELS)
    40005c04:	721a241f 	tst	w0, #0xffc0
    40005c08:	54000e41 	b.ne	40005dd0 <ipc_channel_destroy+0x1e0>  // b.any
    if (ch == NULL)
    {
        return -(int32_t)EINVAL;
    }

    irq_state = ticket_lock_acquire_irqsave(&ch->lock);
    40005c0c:	a90363f7 	stp	x23, x24, [sp, #48]
    40005c10:	52800b17 	mov	w23, #0x58                  	// #88
    40005c14:	d00001e0 	adrp	x0, 40043000 <s_connections+0x29f8>
    40005c18:	9bb77f57 	umull	x23, w26, w23
    40005c1c:	a90153f3 	stp	x19, x20, [sp, #16]
    40005c20:	91382014 	add	x20, x0, #0xe08
    40005c24:	a90573fb 	stp	x27, x28, [sp, #80]
    40005c28:	910122fb 	add	x27, x23, #0x48
    40005c2c:	8b140360 	add	x0, x27, x20
    40005c30:	f90033e0 	str	x0, [sp, #96]
    40005c34:	97fffa6b 	bl	400045e0 <ticket_lock_acquire_irqsave>

    if (ch->state != IPC_CH_OPEN)
    40005c38:	d37f3f41 	ubfiz	x1, x26, #1, #16
    irq_state = ticket_lock_acquire_irqsave(&ch->lock);
    40005c3c:	b9006fe0 	str	w0, [sp, #108]
    if (ch->state != IPC_CH_OPEN)
    40005c40:	8b3a2021 	add	x1, x1, w26, uxth
    40005c44:	2a1a03fc 	mov	w28, w26
    40005c48:	d37ef433 	lsl	x19, x1, #2
    40005c4c:	cb3a2273 	sub	x19, x19, w26, uxth
    40005c50:	8b130e93 	add	x19, x20, x19, lsl #3
    40005c54:	b9400660 	ldr	w0, [x19, #4]
    40005c58:	7100041f 	cmp	w0, #0x1
    40005c5c:	54000ac1 	b.ne	40005db4 <ipc_channel_destroy+0x1c4>  // b.any
        ticket_lock_release_irqrestore(&ch->lock, irq_state);
        return -(int32_t)EINVAL;
    }

    /* 断开所有连接 */
    while (ch->conn_list.next != &ch->conn_list)
    40005c60:	f9400a62 	ldr	x2, [x19, #16]
    40005c64:	a9025bf5 	stp	x21, x22, [sp, #32]
    40005c68:	910042f6 	add	x22, x23, #0x10
    40005c6c:	8b1402d6 	add	x22, x22, x20
    40005c70:	f00001d8 	adrp	x24, 40040000 <s_pulse_pool+0xff10>
    40005c74:	f00001d4 	adrp	x20, 40040000 <s_pulse_pool+0xff10>
    40005c78:	eb0202df 	cmp	x22, x2
    40005c7c:	54000440 	b.eq	40005d04 <ipc_channel_destroy+0x114>  // b.none

        /* 如果有等待消息的客户端线程，唤醒它 */
        if (conn->client_tid < CONFIG_MAX_THREADS)
        {
            KThread_t *client = &g_scheduler.thread_table[conn->client_tid];
            if (client->state == KTHREAD_STATE_BLOCKED)
    40005c80:	b0000039 	adrp	x25, 4000a000 <__dtb_ptr>
    40005c84:	f9404b39 	ldr	x25, [x25, #144]
    ticket_lock_acquire(&s_ch_subsys_lock);
    40005c88:	f00001c0 	adrp	x0, 40040000 <s_pulse_pool+0xff10>
    s_free_conn_stack[s_free_conn_count] = idx;
    40005c8c:	9103f294 	add	x20, x20, #0xfc
    40005c90:	91040318 	add	x24, x24, #0x100
    ticket_lock_acquire(&s_ch_subsys_lock);
    40005c94:	9103c015 	add	x21, x0, #0xf0
        conn->ch_node.prev->next = conn->ch_node.next;
    40005c98:	d100605b 	sub	x27, x2, #0x18
        if (conn->client_tid < CONFIG_MAX_THREADS)
    40005c9c:	b9400f63 	ldr	w3, [x27, #12]
        conn->ch_node.prev->next = conn->ch_node.next;
    40005ca0:	a9419360 	ldp	x0, x4, [x27, #24]
    40005ca4:	f9000080 	str	x0, [x4]
        conn->ch_node.next->prev = conn->ch_node.prev;
    40005ca8:	f9000404 	str	x4, [x0, #8]
            if (client->state == KTHREAD_STATE_BLOCKED)
    40005cac:	d3787c60 	ubfiz	x0, x3, #8, #32
    40005cb0:	8b000320 	add	x0, x25, x0
        conn->channel_id = KOBJ_ID_INVALID;
    40005cb4:	2900ff7f 	stp	wzr, wzr, [x27, #4]
        conn->ch_node.prev = &conn->ch_node;
    40005cb8:	a9018b62 	stp	x2, x2, [x27, #24]
            if (client->state == KTHREAD_STATE_BLOCKED)
    40005cbc:	91402000 	add	x0, x0, #0x8, lsl #12
        if (conn->client_tid < CONFIG_MAX_THREADS)
    40005cc0:	7103fc7f 	cmp	w3, #0xff
    40005cc4:	54000088 	b.hi	40005cd4 <ipc_channel_destroy+0xe4>  // b.pmore
            if (client->state == KTHREAD_STATE_BLOCKED)
    40005cc8:	b9423c02 	ldr	w2, [x0, #572]
    40005ccc:	71000c5f 	cmp	w2, #0x3
    40005cd0:	54000620 	b.eq	40005d94 <ipc_channel_destroy+0x1a4>  // b.none
                client->state = KTHREAD_STATE_READY;
                scheduler_enqueue(client);
            }
        }

        free_connection_index((uint32_t)(conn->id & 0xFFFFU));
    40005cd4:	7940037b 	ldrh	w27, [x27]
    ticket_lock_acquire(&s_ch_subsys_lock);
    40005cd8:	aa1503e0 	mov	x0, x21
    40005cdc:	97fffa19 	bl	40004540 <ticket_lock_acquire>
    s_free_conn_stack[s_free_conn_count] = idx;
    40005ce0:	b9400281 	ldr	w1, [x20]
    ticket_lock_release(&s_ch_subsys_lock);
    40005ce4:	aa1503e0 	mov	x0, x21
    s_free_conn_count++;
    40005ce8:	11000423 	add	w3, w1, #0x1
    40005cec:	b9000283 	str	w3, [x20]
    s_free_conn_stack[s_free_conn_count] = idx;
    40005cf0:	b8215b1b 	str	w27, [x24, w1, uxtw #2]
    ticket_lock_release(&s_ch_subsys_lock);
    40005cf4:	97fffa37 	bl	400045d0 <ticket_lock_release>
    while (ch->conn_list.next != &ch->conn_list)
    40005cf8:	f9400a62 	ldr	x2, [x19, #16]
    40005cfc:	eb16005f 	cmp	x2, x22
    40005d00:	54fffcc1 	b.ne	40005c98 <ipc_channel_destroy+0xa8>  // b.any
    }

    /* 清空 Pulse 队列 */
    ch->pulse_queue.next = &ch->pulse_queue;
    40005d04:	8b1c0782 	add	x2, x28, x28, lsl #1
    40005d08:	d00001e0 	adrp	x0, 40043000 <s_connections+0x29f8>
    40005d0c:	91382003 	add	x3, x0, #0xe08

    /* 标记通道为关闭 */
    ch->state = IPC_CH_CLOSED;
    ch->owner_tid = THREAD_ID_INVALID;

    ticket_lock_release_irqrestore(&ch->lock, irq_state);
    40005d10:	b9406fe1 	ldr	w1, [sp, #108]
    ch->pulse_queue.next = &ch->pulse_queue;
    40005d14:	d37ef442 	lsl	x2, x2, #2
    ch->state = IPC_CH_CLOSED;
    40005d18:	b2607fe4 	mov	x4, #0xffffffff00000000    	// #-4294967296
    ch->pulse_queue.next = &ch->pulse_queue;
    40005d1c:	cb1c0042 	sub	x2, x2, x28
    40005d20:	910082f7 	add	x23, x23, #0x20
    ticket_lock_release_irqrestore(&ch->lock, irq_state);
    40005d24:	f94033e0 	ldr	x0, [sp, #96]
    ch->pulse_queue.next = &ch->pulse_queue;
    40005d28:	8b020c62 	add	x2, x3, x2, lsl #3
    40005d2c:	8b0302f7 	add	x23, x23, x3
    ch->state = IPC_CH_CLOSED;
    40005d30:	f8004044 	stur	x4, [x2, #4]
    ch->pulse_queue.prev = &ch->pulse_queue;
    40005d34:	a9025c57 	stp	x23, x23, [x2, #32]
    ch->pulse_count = 0U;
    40005d38:	b900305f 	str	wzr, [x2, #48]
    ticket_lock_release_irqrestore(&ch->lock, irq_state);
    40005d3c:	97fffa41 	bl	40004640 <ticket_lock_release_irqrestore>
    ticket_lock_acquire(&s_ch_subsys_lock);
    40005d40:	f00001c0 	adrp	x0, 40040000 <s_pulse_pool+0xff10>
    40005d44:	9103c01b 	add	x27, x0, #0xf0
    40005d48:	aa1b03e0 	mov	x0, x27
    40005d4c:	97fff9fd 	bl	40004540 <ticket_lock_acquire>
    s_free_ch_stack[s_free_ch_count] = idx;
    40005d50:	f00001c3 	adrp	x3, 40040000 <s_pulse_pool+0xff10>
    40005d54:	f00001c1 	adrp	x1, 40040000 <s_pulse_pool+0xff10>
    40005d58:	91142021 	add	x1, x1, #0x508
    ticket_lock_release(&s_ch_subsys_lock);
    40005d5c:	aa1b03e0 	mov	x0, x27
    s_free_ch_stack[s_free_ch_count] = idx;
    40005d60:	b9450062 	ldr	w2, [x3, #1280]
    s_free_ch_count++;
    40005d64:	11000444 	add	w4, w2, #0x1
    40005d68:	b9050064 	str	w4, [x3, #1280]
    s_free_ch_stack[s_free_ch_count] = idx;
    40005d6c:	b822583a 	str	w26, [x1, w2, uxtw #2]
    ticket_lock_release(&s_ch_subsys_lock);
    40005d70:	97fffa18 	bl	400045d0 <ticket_lock_release>
}
    40005d74:	a94153f3 	ldp	x19, x20, [sp, #16]

    /* 释放通道索引 */
    free_channel_index((uint32_t)(ch_id & 0xFFFFU));

    return KERNEL_OK;
    40005d78:	52800000 	mov	w0, #0x0                   	// #0
}
    40005d7c:	a9425bf5 	ldp	x21, x22, [sp, #32]
    40005d80:	a94363f7 	ldp	x23, x24, [sp, #48]
    40005d84:	a94573fb 	ldp	x27, x28, [sp, #80]
}
    40005d88:	a9446bf9 	ldp	x25, x26, [sp, #64]
    40005d8c:	a8c77bfd 	ldp	x29, x30, [sp], #112
    40005d90:	d65f03c0 	ret
            KThread_t *client = &g_scheduler.thread_table[conn->client_tid];
    40005d94:	d3787c63 	ubfiz	x3, x3, #8, #32
    40005d98:	d2903801 	mov	x1, #0x81c0                	// #33216
    40005d9c:	8b010063 	add	x3, x3, x1
                client->state = KTHREAD_STATE_READY;
    40005da0:	52800022 	mov	w2, #0x1                   	// #1
    40005da4:	b9023c02 	str	w2, [x0, #572]
                scheduler_enqueue(client);
    40005da8:	8b030320 	add	x0, x25, x3
    40005dac:	97fff6d9 	bl	40003910 <scheduler_enqueue>
    40005db0:	17ffffc9 	b	40005cd4 <ipc_channel_destroy+0xe4>
        ticket_lock_release_irqrestore(&ch->lock, irq_state);
    40005db4:	f94033e0 	ldr	x0, [sp, #96]
    40005db8:	b9406fe1 	ldr	w1, [sp, #108]
    40005dbc:	97fffa21 	bl	40004640 <ticket_lock_release_irqrestore>
    40005dc0:	a94153f3 	ldp	x19, x20, [sp, #16]
    40005dc4:	a94363f7 	ldp	x23, x24, [sp, #48]
    40005dc8:	a94573fb 	ldp	x27, x28, [sp, #80]
    40005dcc:	d503201f 	nop
        return -(int32_t)EINVAL;
    40005dd0:	128002a0 	mov	w0, #0xffffffea            	// #-22
    40005dd4:	17ffffed 	b	40005d88 <ipc_channel_destroy+0x198>
    40005dd8:	128002a0 	mov	w0, #0xffffffea            	// #-22
}
    40005ddc:	d65f03c0 	ret

0000000040005de0 <ipc_connect_attach>:
    if (ch_id == KOBJ_ID_INVALID)
    40005de0:	7103fc1f 	cmp	w0, #0xff
    40005de4:	7a409824 	ccmp	w1, #0x0, #0x4, ls	// ls = plast
    40005de8:	fa401844 	ccmp	x2, #0x0, #0x4, ne	// ne = any
    40005dec:	54000a20 	b.eq	40005f30 <ipc_connect_attach+0x150>  // b.none
 * ======================================================================== */

kernel_status_t ipc_connect_attach(thread_id_t client_tid,
                                    kobj_id_t ch_id,
                                    kobj_id_t *conn_id)
{
    40005df0:	a9b97bfd 	stp	x29, x30, [sp, #-112]!
    40005df4:	910003fd 	mov	x29, sp
    40005df8:	a9046bf9 	stp	x25, x26, [sp, #64]
    40005dfc:	2a0103fa 	mov	w26, w1
    idx = (uint32_t)(ch_id & 0xFFFFU);
    40005e00:	12003c39 	and	w25, w1, #0xffff
    if (idx >= CONFIG_IPC_MAX_CHANNELS)
    40005e04:	721a243f 	tst	w1, #0xffc0
    40005e08:	54000981 	b.ne	40005f38 <ipc_connect_attach+0x158>  // b.any
    ticket_lock_acquire(&s_ch_subsys_lock);
    40005e0c:	a9025bf5 	stp	x21, x22, [sp, #32]
    40005e10:	f00001d5 	adrp	x21, 40040000 <s_pulse_pool+0xff10>
    40005e14:	9103c2b5 	add	x21, x21, #0xf0
    40005e18:	a90363f7 	stp	x23, x24, [sp, #48]
    if (s_free_conn_count == 0U)
    40005e1c:	f00001d7 	adrp	x23, 40040000 <s_pulse_pool+0xff10>
    40005e20:	a90153f3 	stp	x19, x20, [sp, #16]
    40005e24:	2a0003f4 	mov	w20, w0
    40005e28:	aa0203f3 	mov	x19, x2
    ticket_lock_acquire(&s_ch_subsys_lock);
    40005e2c:	aa1503e0 	mov	x0, x21
    40005e30:	97fff9c4 	bl	40004540 <ticket_lock_acquire>
    if (s_free_conn_count == 0U)
    40005e34:	b940fee0 	ldr	w0, [x23, #252]
    40005e38:	34000a80 	cbz	w0, 40005f88 <ipc_connect_attach+0x1a8>
    s_free_conn_count--;
    40005e3c:	51000401 	sub	w1, w0, #0x1
    idx = (int32_t)s_free_conn_stack[s_free_conn_count];
    40005e40:	f00001d6 	adrp	x22, 40040000 <s_pulse_pool+0xff10>
    40005e44:	910402d6 	add	x22, x22, #0x100
    ticket_lock_release(&s_ch_subsys_lock);
    40005e48:	aa1503e0 	mov	x0, x21
    s_free_conn_count--;
    40005e4c:	b900fee1 	str	w1, [x23, #252]
    idx = (int32_t)s_free_conn_stack[s_free_conn_count];
    40005e50:	b8615ad8 	ldr	w24, [x22, w1, uxtw #2]
    ticket_lock_release(&s_ch_subsys_lock);
    40005e54:	97fff9df 	bl	400045d0 <ticket_lock_release>
    {
        return -(int32_t)EINVAL;
    }

    idx = alloc_connection_index();
    if (idx < 0)
    40005e58:	37f809d8 	tbnz	w24, #31, 40005f90 <ipc_connect_attach+0x1b0>
        return -(int32_t)ENOMEM;
    }

    conn = &s_connections[(uint32_t)idx];

    irq_state = ticket_lock_acquire_irqsave(&ch->lock);
    40005e5c:	a90573fb 	stp	x27, x28, [sp, #80]
    40005e60:	52800b1b 	mov	w27, #0x58                  	// #88
    40005e64:	d00001e4 	adrp	x4, 40043000 <s_connections+0x29f8>
    40005e68:	9bbb7f3b 	umull	x27, w25, w27
    40005e6c:	91382084 	add	x4, x4, #0xe08
    40005e70:	f90037e4 	str	x4, [sp, #104]
    40005e74:	9101237c 	add	x28, x27, #0x48
    40005e78:	8b04039c 	add	x28, x28, x4
    40005e7c:	aa1c03e0 	mov	x0, x28
    40005e80:	97fff9d8 	bl	400045e0 <ticket_lock_acquire_irqsave>

    if (ch->state != IPC_CH_OPEN)
    40005e84:	d37f3f23 	ubfiz	x3, x25, #1, #16
    irq_state = ticket_lock_acquire_irqsave(&ch->lock);
    40005e88:	2a0003e1 	mov	w1, w0
    if (ch->state != IPC_CH_OPEN)
    40005e8c:	8b392063 	add	x3, x3, w25, uxth
    40005e90:	f94037e4 	ldr	x4, [sp, #104]
    40005e94:	d37ef463 	lsl	x3, x3, #2
    40005e98:	cb392063 	sub	x3, x3, w25, uxth
    40005e9c:	8b030c83 	add	x3, x4, x3, lsl #3
    40005ea0:	b9400460 	ldr	w0, [x3, #4]
    40005ea4:	7100041f 	cmp	w0, #0x1
    40005ea8:	54000501 	b.ne	40005f48 <ipc_connect_attach+0x168>  // b.any
        free_connection_index((uint32_t)idx);
        return IPC_ERR_CHANNEL_CLOSED;
    }

    /* 初始化连接 */
    conn->id = (kobj_id_t)((uint32_t)idx | ((uint32_t)idx << 16U));
    40005eac:	d37d7f15 	ubfiz	x21, x24, #3, #32
    40005eb0:	f00001d6 	adrp	x22, 40040000 <s_pulse_pool+0xff10>
    40005eb4:	cb3842b5 	sub	x21, x21, w24, uxtw
    40005eb8:	911822d6 	add	x22, x22, #0x608
    conn->channel_id = ch_id;
    conn->client_tid = client_tid;
    conn->pending_msg = NULL;

    /* 加入通道的连接列表 */
    conn->ch_node.next = ch->conn_list.next;
    40005ebc:	f9400865 	ldr	x5, [x3, #16]
    conn->id = (kobj_id_t)((uint32_t)idx | ((uint32_t)idx << 16U));
    40005ec0:	d37df2b5 	lsl	x21, x21, #3
    conn->state = IPC_CONN_CONNECTED;
    40005ec4:	8b1502c2 	add	x2, x22, x21
    conn->ch_node.prev = &ch->conn_list;
    ch->conn_list.next->prev = &conn->ch_node;
    40005ec8:	52800707 	mov	w7, #0x38                  	// #56
    conn->id = (kobj_id_t)((uint32_t)idx | ((uint32_t)idx << 16U));
    40005ecc:	2a184306 	orr	w6, w24, w24, lsl #16
    conn->ch_node.prev = &ch->conn_list;
    40005ed0:	9100437b 	add	x27, x27, #0x10
    ch->conn_list.next->prev = &conn->ch_node;
    40005ed4:	9ba75b18 	umaddl	x24, w24, w7, x22
    conn->ch_node.prev = &ch->conn_list;
    40005ed8:	8b04037b 	add	x27, x27, x4
    conn->id = (kobj_id_t)((uint32_t)idx | ((uint32_t)idx << 16U));
    40005edc:	b8356ac6 	str	w6, [x22, x21]
    conn->channel_id = ch_id;
    40005ee0:	2900e840 	stp	w0, w26, [x2, #4]
    ch->conn_list.next->prev = &conn->ch_node;
    40005ee4:	91006318 	add	x24, x24, #0x18
    conn->client_tid = client_tid;
    40005ee8:	b9000c54 	str	w20, [x2, #12]
    conn->ch_node.next = ch->conn_list.next;
    40005eec:	a901145f 	stp	xzr, x5, [x2, #16]
    conn->ch_node.prev = &ch->conn_list;
    40005ef0:	f900105b 	str	x27, [x2, #32]
    ch->conn_list.next->prev = &conn->ch_node;
    40005ef4:	f90004b8 	str	x24, [x5, #8]
    ch->conn_list.next = &conn->ch_node;
    40005ef8:	f9000878 	str	x24, [x3, #16]

    barrier();
    40005efc:	d5033fbf 	dmb	sy

    ticket_lock_release_irqrestore(&ch->lock, irq_state);
    40005f00:	aa1c03e0 	mov	x0, x28
    40005f04:	97fff9cf 	bl	40004640 <ticket_lock_release_irqrestore>

    *conn_id = conn->id;
    40005f08:	b8756ac1 	ldr	w1, [x22, x21]

    return KERNEL_OK;
    40005f0c:	52800000 	mov	w0, #0x0                   	// #0
    40005f10:	a9425bf5 	ldp	x21, x22, [sp, #32]
    40005f14:	a94363f7 	ldp	x23, x24, [sp, #48]
    40005f18:	a94573fb 	ldp	x27, x28, [sp, #80]
    *conn_id = conn->id;
    40005f1c:	b9000261 	str	w1, [x19]
    return KERNEL_OK;
    40005f20:	a94153f3 	ldp	x19, x20, [sp, #16]
}
    40005f24:	a9446bf9 	ldp	x25, x26, [sp, #64]
    40005f28:	a8c77bfd 	ldp	x29, x30, [sp], #112
    40005f2c:	d65f03c0 	ret
        return -(int32_t)EINVAL;
    40005f30:	128002a0 	mov	w0, #0xffffffea            	// #-22
}
    40005f34:	d65f03c0 	ret
    40005f38:	a9446bf9 	ldp	x25, x26, [sp, #64]
        return -(int32_t)EINVAL;
    40005f3c:	128002a0 	mov	w0, #0xffffffea            	// #-22
}
    40005f40:	a8c77bfd 	ldp	x29, x30, [sp], #112
    40005f44:	d65f03c0 	ret
        ticket_lock_release_irqrestore(&ch->lock, irq_state);
    40005f48:	aa1c03e0 	mov	x0, x28
    40005f4c:	97fff9bd 	bl	40004640 <ticket_lock_release_irqrestore>
    ticket_lock_acquire(&s_ch_subsys_lock);
    40005f50:	aa1503e0 	mov	x0, x21
    40005f54:	97fff97b 	bl	40004540 <ticket_lock_acquire>
    s_free_conn_stack[s_free_conn_count] = idx;
    40005f58:	b940fee1 	ldr	w1, [x23, #252]
    ticket_lock_release(&s_ch_subsys_lock);
    40005f5c:	aa1503e0 	mov	x0, x21
    s_free_conn_count++;
    40005f60:	11000422 	add	w2, w1, #0x1
    40005f64:	b900fee2 	str	w2, [x23, #252]
    s_free_conn_stack[s_free_conn_count] = idx;
    40005f68:	b8215ad8 	str	w24, [x22, w1, uxtw #2]
    ticket_lock_release(&s_ch_subsys_lock);
    40005f6c:	97fff999 	bl	400045d0 <ticket_lock_release>
}
    40005f70:	a94153f3 	ldp	x19, x20, [sp, #16]
        return IPC_ERR_CHANNEL_CLOSED;
    40005f74:	12800c60 	mov	w0, #0xffffff9c            	// #-100
}
    40005f78:	a9425bf5 	ldp	x21, x22, [sp, #32]
    40005f7c:	a94363f7 	ldp	x23, x24, [sp, #48]
    40005f80:	a94573fb 	ldp	x27, x28, [sp, #80]
    40005f84:	17ffffe8 	b	40005f24 <ipc_connect_attach+0x144>
        ticket_lock_release(&s_ch_subsys_lock);
    40005f88:	aa1503e0 	mov	x0, x21
    40005f8c:	97fff991 	bl	400045d0 <ticket_lock_release>
    if (idx < 0)
    40005f90:	a94153f3 	ldp	x19, x20, [sp, #16]
        return -(int32_t)ENOMEM;
    40005f94:	12800160 	mov	w0, #0xfffffff4            	// #-12
    40005f98:	a9425bf5 	ldp	x21, x22, [sp, #32]
    40005f9c:	a94363f7 	ldp	x23, x24, [sp, #48]
    40005fa0:	17ffffe1 	b	40005f24 <ipc_connect_attach+0x144>
	...

0000000040005fb0 <ipc_connect_detach>:
    if (conn_id == KOBJ_ID_INVALID)
    40005fb0:	340009a0 	cbz	w0, 400060e4 <ipc_connect_detach+0x134>
/* ========================================================================
 * 断开连接
 * ======================================================================== */

kernel_status_t ipc_connect_detach(kobj_id_t conn_id)
{
    40005fb4:	a9bc7bfd 	stp	x29, x30, [sp, #-64]!
    40005fb8:	910003fd 	mov	x29, sp
    40005fbc:	a90153f3 	stp	x19, x20, [sp, #16]
    idx = (uint32_t)(conn_id & 0xFFFFU);
    40005fc0:	12003c14 	and	w20, w0, #0xffff
    if (idx >= CONFIG_IPC_MAX_CONNECTIONS)
    40005fc4:	72181c1f 	tst	w0, #0xff00
    40005fc8:	54000921 	b.ne	400060ec <ipc_connect_detach+0x13c>  // b.any
    if (conn == NULL)
    {
        return -(int32_t)EINVAL;
    }

    if (conn->state != IPC_CONN_CONNECTED)
    40005fcc:	d37d3e93 	ubfiz	x19, x20, #3, #16
    40005fd0:	a9025bf5 	stp	x21, x22, [sp, #32]
    40005fd4:	cb342273 	sub	x19, x19, w20, uxth
    40005fd8:	f00001d6 	adrp	x22, 40040000 <s_pulse_pool+0xff10>
    40005fdc:	a90363f7 	stp	x23, x24, [sp, #48]
    40005fe0:	911822d7 	add	x23, x22, #0x608
    40005fe4:	8b130ef3 	add	x19, x23, x19, lsl #3
    40005fe8:	2a1403f8 	mov	w24, w20
    40005fec:	b9400660 	ldr	w0, [x19, #4]
    40005ff0:	7100041f 	cmp	w0, #0x1
    40005ff4:	540006c1 	b.ne	400060cc <ipc_connect_detach+0x11c>  // b.any
    {
        return -(int32_t)EINVAL;
    }

    ch = get_channel(conn->channel_id);
    40005ff8:	b9400a60 	ldr	w0, [x19, #8]
    if (ch_id == KOBJ_ID_INVALID)
    40005ffc:	34000680 	cbz	w0, 400060cc <ipc_connect_detach+0x11c>
    idx = (uint32_t)(ch_id & 0xFFFFU);
    40006000:	12003c15 	and	w21, w0, #0xffff
    if (idx >= CONFIG_IPC_MAX_CHANNELS)
    40006004:	721a241f 	tst	w0, #0xffc0
    40006008:	54000621 	b.ne	400060cc <ipc_connect_detach+0x11c>  // b.any
    if (ch == NULL)
    {
        return -(int32_t)EINVAL;
    }

    irq_state = ticket_lock_acquire_irqsave(&ch->lock);
    4000600c:	52800b02 	mov	w2, #0x58                  	// #88
    40006010:	d2800901 	mov	x1, #0x48                  	// #72
    40006014:	b00001e0 	adrp	x0, 40043000 <s_connections+0x29f8>
    40006018:	91382000 	add	x0, x0, #0xe08
    4000601c:	9ba206b5 	umaddl	x21, w21, w2, x1
    40006020:	8b0002b5 	add	x21, x21, x0
    40006024:	aa1503e0 	mov	x0, x21
    40006028:	97fff96e 	bl	400045e0 <ticket_lock_acquire_irqsave>

    /* 从通道连接列表移除 */
    conn->ch_node.prev->next = conn->ch_node.next;
    4000602c:	a9419263 	ldp	x3, x4, [x19, #24]
    conn->ch_node.next->prev = conn->ch_node.prev;
    conn->ch_node.next = &conn->ch_node;
    40006030:	d2800301 	mov	x1, #0x18                  	// #24
    40006034:	52800702 	mov	w2, #0x38                  	// #56
    40006038:	9ba20682 	umaddl	x2, w20, w2, x1
    irq_state = ticket_lock_acquire_irqsave(&ch->lock);
    4000603c:	2a0003e1 	mov	w1, w0
    conn->ch_node.prev->next = conn->ch_node.next;
    40006040:	f9000083 	str	x3, [x4]
    conn->ch_node.next = &conn->ch_node;
    40006044:	8b170042 	add	x2, x2, x23
    conn->ch_node.next->prev = conn->ch_node.prev;
    40006048:	f9000464 	str	x4, [x3, #8]
    conn->ch_node.prev = &conn->ch_node;
    4000604c:	a9018a62 	stp	x2, x2, [x19, #24]

    /* 如果有待处理的消息，回复错误 */
    if (conn->pending_msg != NULL)
    40006050:	f9400a60 	ldr	x0, [x19, #16]
    40006054:	b4000040 	cbz	x0, 4000605c <ipc_connect_detach+0xac>
    {
        conn->pending_msg = NULL;
    40006058:	f9000a7f 	str	xzr, [x19, #16]
    }

    /* 标记为断开 */
    conn->state = IPC_CONN_DISCONNECTED;
    4000605c:	d37df302 	lsl	x2, x24, #3
    40006060:	911822d6 	add	x22, x22, #0x608
    40006064:	cb180042 	sub	x2, x2, x24
    conn->channel_id = KOBJ_ID_INVALID;
    40006068:	b2607fe3 	mov	x3, #0xffffffff00000000    	// #-4294967296
    conn->client_tid = THREAD_ID_INVALID;

    ticket_lock_release_irqrestore(&ch->lock, irq_state);
    4000606c:	aa1503e0 	mov	x0, x21
    ticket_lock_acquire(&s_ch_subsys_lock);
    40006070:	d00001d3 	adrp	x19, 40040000 <s_pulse_pool+0xff10>
    conn->state = IPC_CONN_DISCONNECTED;
    40006074:	8b020ec2 	add	x2, x22, x2, lsl #3
    ticket_lock_acquire(&s_ch_subsys_lock);
    40006078:	9103c273 	add	x19, x19, #0xf0
    conn->channel_id = KOBJ_ID_INVALID;
    4000607c:	f9000443 	str	x3, [x2, #8]
    conn->state = IPC_CONN_DISCONNECTED;
    40006080:	b900045f 	str	wzr, [x2, #4]
    ticket_lock_release_irqrestore(&ch->lock, irq_state);
    40006084:	97fff96f 	bl	40004640 <ticket_lock_release_irqrestore>
    ticket_lock_acquire(&s_ch_subsys_lock);
    40006088:	aa1303e0 	mov	x0, x19
    4000608c:	97fff92d 	bl	40004540 <ticket_lock_acquire>
    s_free_conn_stack[s_free_conn_count] = idx;
    40006090:	d00001c3 	adrp	x3, 40040000 <s_pulse_pool+0xff10>
    40006094:	d00001c1 	adrp	x1, 40040000 <s_pulse_pool+0xff10>
    40006098:	91040021 	add	x1, x1, #0x100
    ticket_lock_release(&s_ch_subsys_lock);
    4000609c:	aa1303e0 	mov	x0, x19
    s_free_conn_stack[s_free_conn_count] = idx;
    400060a0:	b940fc62 	ldr	w2, [x3, #252]
    s_free_conn_count++;
    400060a4:	11000444 	add	w4, w2, #0x1
    400060a8:	b900fc64 	str	w4, [x3, #252]
    s_free_conn_stack[s_free_conn_count] = idx;
    400060ac:	b8225834 	str	w20, [x1, w2, uxtw #2]
    ticket_lock_release(&s_ch_subsys_lock);
    400060b0:	97fff948 	bl	400045d0 <ticket_lock_release>

    free_connection_index((uint32_t)(conn_id & 0xFFFFU));

    return KERNEL_OK;
}
    400060b4:	a94153f3 	ldp	x19, x20, [sp, #16]
    return KERNEL_OK;
    400060b8:	52800000 	mov	w0, #0x0                   	// #0
}
    400060bc:	a9425bf5 	ldp	x21, x22, [sp, #32]
    400060c0:	a94363f7 	ldp	x23, x24, [sp, #48]
}
    400060c4:	a8c47bfd 	ldp	x29, x30, [sp], #64
    400060c8:	d65f03c0 	ret
    400060cc:	a94153f3 	ldp	x19, x20, [sp, #16]
        return -(int32_t)EINVAL;
    400060d0:	128002a0 	mov	w0, #0xffffffea            	// #-22
    400060d4:	a9425bf5 	ldp	x21, x22, [sp, #32]
    400060d8:	a94363f7 	ldp	x23, x24, [sp, #48]
}
    400060dc:	a8c47bfd 	ldp	x29, x30, [sp], #64
    400060e0:	d65f03c0 	ret
        return -(int32_t)EINVAL;
    400060e4:	128002a0 	mov	w0, #0xffffffea            	// #-22
}
    400060e8:	d65f03c0 	ret
    400060ec:	a94153f3 	ldp	x19, x20, [sp, #16]
        return -(int32_t)EINVAL;
    400060f0:	128002a0 	mov	w0, #0xffffffea            	// #-22
}
    400060f4:	a8c47bfd 	ldp	x29, x30, [sp], #64
    400060f8:	d65f03c0 	ret
    400060fc:	00000000 	udf	#0

0000000040006100 <ipc_pulse_send>:
    if (conn_id == KOBJ_ID_INVALID)
    40006100:	34001160 	cbz	w0, 4000632c <ipc_pulse_send+0x22c>

kernel_status_t ipc_pulse_send(kobj_id_t conn_id,
                                priority_t prio,
                                int32_t code,
                                int32_t value)
{
    40006104:	a9b87bfd 	stp	x29, x30, [sp, #-128]!
    40006108:	910003fd 	mov	x29, sp
    4000610c:	a90153f3 	stp	x19, x20, [sp, #16]
    40006110:	2a0003f4 	mov	w20, w0
    40006114:	a9046bf9 	stp	x25, x26, [sp, #64]
    40006118:	2a0203f9 	mov	w25, w2
    idx = (uint32_t)(conn_id & 0xFFFFU);
    4000611c:	12003c02 	and	w2, w0, #0xffff
    if (idx >= CONFIG_IPC_MAX_CONNECTIONS)
    40006120:	72181c1f 	tst	w0, #0xff00
    40006124:	54001081 	b.ne	40006334 <ipc_pulse_send+0x234>  // b.any
    if (conn == NULL)
    {
        return -(int32_t)EINVAL;
    }

    if (conn->state != IPC_CONN_CONNECTED)
    40006128:	d37d3c40 	ubfiz	x0, x2, #3, #16
    4000612c:	a90573fb 	stp	x27, x28, [sp, #80]
    40006130:	cb222000 	sub	x0, x0, w2, uxth
    40006134:	12001c3b 	and	w27, w1, #0xff
    40006138:	d00001c1 	adrp	x1, 40040000 <s_pulse_pool+0xff10>
    4000613c:	91182021 	add	x1, x1, #0x608
    40006140:	8b000c20 	add	x0, x1, x0, lsl #3
    40006144:	b9400401 	ldr	w1, [x0, #4]
    40006148:	7100043f 	cmp	w1, #0x1
    4000614c:	540010e1 	b.ne	40006368 <ipc_pulse_send+0x268>  // b.any
    {
        return IPC_ERR_CONN_DISCONNECTED;
    }

    ch = get_channel(conn->channel_id);
    40006150:	b9400800 	ldr	w0, [x0, #8]
    if (ch_id == KOBJ_ID_INVALID)
    40006154:	34000640 	cbz	w0, 4000621c <ipc_pulse_send+0x11c>
    idx = (uint32_t)(ch_id & 0xFFFFU);
    40006158:	12003c02 	and	w2, w0, #0xffff
    if (idx >= CONFIG_IPC_MAX_CHANNELS)
    4000615c:	721a241f 	tst	w0, #0xffc0
    40006160:	540005e1 	b.ne	4000621c <ipc_pulse_send+0x11c>  // b.any
    40006164:	52800b13 	mov	w19, #0x58                  	// #88
    40006168:	a9025bf5 	stp	x21, x22, [sp, #32]
    4000616c:	2a0303f5 	mov	w21, w3
    if (ch == NULL)
    {
        return -(int32_t)EINVAL;
    }

    irq_state = ticket_lock_acquire_irqsave(&ch->lock);
    40006170:	9bb37c53 	umull	x19, w2, w19
    40006174:	a90363f7 	stp	x23, x24, [sp, #48]
    40006178:	b00001f7 	adrp	x23, 40043000 <s_connections+0x29f8>
    4000617c:	91012276 	add	x22, x19, #0x48
    40006180:	913822fa 	add	x26, x23, #0xe08
    40006184:	8b1a02c0 	add	x0, x22, x26
    40006188:	f90037e0 	str	x0, [sp, #104]
    4000618c:	b90077e2 	str	w2, [sp, #116]
    40006190:	97fff914 	bl	400045e0 <ticket_lock_acquire_irqsave>

    if (ch->state != IPC_CH_OPEN)
    40006194:	b94077e2 	ldr	w2, [sp, #116]
    irq_state = ticket_lock_acquire_irqsave(&ch->lock);
    40006198:	b90077e0 	str	w0, [sp, #116]
    if (ch->state != IPC_CH_OPEN)
    4000619c:	2a0203f8 	mov	w24, w2
    400061a0:	d37f3c41 	ubfiz	x1, x2, #1, #16
    400061a4:	8b222021 	add	x1, x1, w2, uxth
    400061a8:	d37ef43c 	lsl	x28, x1, #2
    400061ac:	cb22239c 	sub	x28, x28, w2, uxth
    400061b0:	d37df39c 	lsl	x28, x28, #3
    400061b4:	8b1c0356 	add	x22, x26, x28
    400061b8:	b94006c0 	ldr	w0, [x22, #4]
    400061bc:	7100041f 	cmp	w0, #0x1
    400061c0:	54000da1 	b.ne	40006374 <ipc_pulse_send+0x274>  // b.any
        ticket_lock_release_irqrestore(&ch->lock, irq_state);
        return IPC_ERR_CHANNEL_CLOSED;
    }

    /* 检查 Pulse 队列是否已满 */
    if (ch->pulse_count >= CONFIG_IPC_MAX_PULSE_QUEUE)
    400061c4:	b94032c0 	ldr	w0, [x22, #48]
    400061c8:	71007c1f 	cmp	w0, #0x1f
    400061cc:	54000e48 	b.hi	40006394 <ipc_pulse_send+0x294>  // b.pmore
        return IPC_ERR_PULSE_QUEUE_FULL;
    }

    /* 从 Pulse 池分配一个 Pulse 对象 */
    pulse = NULL;
    ticket_lock_acquire(&s_pulse_pool_lock);
    400061d0:	d0000140 	adrp	x0, 40030000 <s_endpoints+0x3f20>
    400061d4:	91038000 	add	x0, x0, #0xe0
    400061d8:	f9003fe0 	str	x0, [sp, #120]
    400061dc:	97fff8d9 	bl	40004540 <ticket_lock_acquire>
    {
        /* 简化实现：使用静态数组中的空闲 Pulse */
        uint32_t pool_idx = ch->pulse_count;
        uint32_t base = (uint32_t)(ch->id & 0xFFFFU) * CONFIG_IPC_MAX_PULSE_QUEUE;
        if ((base + pool_idx) < (CONFIG_IPC_MAX_PULSE_QUEUE * CONFIG_IPC_MAX_CHANNELS))
    400061e0:	b94032c1 	ldr	w1, [x22, #48]
        uint32_t base = (uint32_t)(ch->id & 0xFFFFU) * CONFIG_IPC_MAX_PULSE_QUEUE;
    400061e4:	787c6b5c 	ldrh	w28, [x26, x28]
        if ((base + pool_idx) < (CONFIG_IPC_MAX_PULSE_QUEUE * CONFIG_IPC_MAX_CHANNELS))
    400061e8:	f9403fe0 	ldr	x0, [sp, #120]
    400061ec:	0b1c143c 	add	w28, w1, w28, lsl #5
    400061f0:	711fff9f 	cmp	w28, #0x7ff
    400061f4:	54000209 	b.ls	40006234 <ipc_pulse_send+0x134>  // b.plast
        {
            pulse = &s_pulse_pool[base + pool_idx];
        }
    }
    ticket_lock_release(&s_pulse_pool_lock);
    400061f8:	97fff8f6 	bl	400045d0 <ticket_lock_release>

    if (pulse == NULL)
    {
        ticket_lock_release_irqrestore(&ch->lock, irq_state);
    400061fc:	f94037e0 	ldr	x0, [sp, #104]
    40006200:	b94077e1 	ldr	w1, [sp, #116]
    40006204:	97fff90f 	bl	40004640 <ticket_lock_release_irqrestore>
        return IPC_ERR_PULSE_QUEUE_FULL;
    40006208:	a9425bf5 	ldp	x21, x22, [sp, #32]
        return IPC_ERR_PULSE_QUEUE_FULL;
    4000620c:	12800ce0 	mov	w0, #0xffffff98            	// #-104
    40006210:	a94363f7 	ldp	x23, x24, [sp, #48]
    40006214:	a94573fb 	ldp	x27, x28, [sp, #80]
    40006218:	14000003 	b	40006224 <ipc_pulse_send+0x124>
        return -(int32_t)EINVAL;
    4000621c:	a94573fb 	ldp	x27, x28, [sp, #80]
    40006220:	128002a0 	mov	w0, #0xffffffea            	// #-22
    }

    ticket_lock_release_irqrestore(&ch->lock, irq_state);

    return KERNEL_OK;
}
    40006224:	a94153f3 	ldp	x19, x20, [sp, #16]
    40006228:	a9446bf9 	ldp	x25, x26, [sp, #64]
    4000622c:	a8c87bfd 	ldp	x29, x30, [sp], #128
    40006230:	d65f03c0 	ret
    ticket_lock_release(&s_pulse_pool_lock);
    40006234:	97fff8e7 	bl	400045d0 <ticket_lock_release>
    pulse->prio = prio;
    40006238:	d37b7f88 	ubfiz	x8, x28, #5, #32
    4000623c:	d0000146 	adrp	x6, 40030000 <s_endpoints+0x3f20>
    40006240:	9103c0c7 	add	x7, x6, #0xf0
    while (pos != &ch->pulse_queue)
    40006244:	91008265 	add	x5, x19, #0x20
    pulse->prio = prio;
    40006248:	8b0800e0 	add	x0, x7, x8
    pulse->node.next = &pulse->node;
    4000624c:	91004101 	add	x1, x8, #0x10
    pos = ch->pulse_queue.next;
    40006250:	f94012c4 	ldr	x4, [x22, #32]
    pulse->node.next = &pulse->node;
    40006254:	8b070021 	add	x1, x1, x7
    while (pos != &ch->pulse_queue)
    40006258:	8b1a00a5 	add	x5, x5, x26
    pulse->prio = prio;
    4000625c:	382868fb 	strb	w27, [x7, x8]
    pulse->value = value;
    40006260:	2900d419 	stp	w25, w21, [x0, #4]
    pulse->conn_id = conn_id;
    40006264:	b9000c14 	str	w20, [x0, #12]
    pulse->node.prev = &pulse->node;
    40006268:	a9010401 	stp	x1, x1, [x0, #16]
    while (pos != &ch->pulse_queue)
    4000626c:	eb05009f 	cmp	x4, x5
    40006270:	540000a1 	b.ne	40006284 <ipc_pulse_send+0x184>  // b.any
    40006274:	14000008 	b	40006294 <ipc_pulse_send+0x194>
        pos = pos->next;
    40006278:	f9400084 	ldr	x4, [x4]
    while (pos != &ch->pulse_queue)
    4000627c:	eb05009f 	cmp	x4, x5
    40006280:	540000a0 	b.eq	40006294 <ipc_pulse_send+0x194>  // b.none
        if ((uint32_t)prio > (uint32_t)existing->prio)
    40006284:	385f0082 	ldurb	w2, [x4, #-16]
    40006288:	6b1b005f 	cmp	w2, w27
    4000628c:	54ffff62 	b.cs	40006278 <ipc_pulse_send+0x178>  // b.hs, b.nlast
    40006290:	aa0403e5 	mov	x5, x4
    pulse->node.next = pos;
    40006294:	9103c0c6 	add	x6, x6, #0xf0
    ch->pulse_count++;
    40006298:	8b180700 	add	x0, x24, x24, lsl #1
    pulse->node.next = pos;
    4000629c:	8b1c14dc 	add	x28, x6, x28, lsl #5
    ch->pulse_count++;
    400062a0:	913822f7 	add	x23, x23, #0xe08
    400062a4:	d37ef400 	lsl	x0, x0, #2
    400062a8:	cb180000 	sub	x0, x0, x24
    pulse->node.next = pos;
    400062ac:	f9000b85 	str	x5, [x28, #16]
    ch->pulse_count++;
    400062b0:	8b000ee0 	add	x0, x23, x0, lsl #3
    pulse->node.prev = pos->prev;
    400062b4:	f94004a2 	ldr	x2, [x5, #8]
    400062b8:	f9000f82 	str	x2, [x28, #24]
    pos->prev->next = &pulse->node;
    400062bc:	f9000041 	str	x1, [x2]
    pos->prev = &pulse->node;
    400062c0:	f90004a1 	str	x1, [x5, #8]
    ch->pulse_count++;
    400062c4:	b9403001 	ldr	w1, [x0, #48]
    400062c8:	11000421 	add	w1, w1, #0x1
    400062cc:	b9003001 	str	w1, [x0, #48]
    barrier();
    400062d0:	d5033fbf 	dmb	sy
    if (ch->owner_tid < CONFIG_MAX_THREADS)
    400062d4:	b9400802 	ldr	w2, [x0, #8]
    400062d8:	7103fc5f 	cmp	w2, #0xff
    400062dc:	54000128 	b.hi	40006300 <ipc_pulse_send+0x200>  // b.pmore
        if (owner->state == KTHREAD_STATE_BLOCKED)
    400062e0:	90000023 	adrp	x3, 4000a000 <__dtb_ptr>
    400062e4:	f9404863 	ldr	x3, [x3, #144]
    400062e8:	d3787c41 	ubfiz	x1, x2, #8, #32
    400062ec:	8b010061 	add	x1, x3, x1
    400062f0:	91402021 	add	x1, x1, #0x8, lsl #12
    400062f4:	b9423c20 	ldr	w0, [x1, #572]
    400062f8:	71000c1f 	cmp	w0, #0x3
    400062fc:	54000260 	b.eq	40006348 <ipc_pulse_send+0x248>  // b.none
    ticket_lock_release_irqrestore(&ch->lock, irq_state);
    40006300:	f94037e0 	ldr	x0, [sp, #104]
    40006304:	b94077e1 	ldr	w1, [sp, #116]
    40006308:	97fff8ce 	bl	40004640 <ticket_lock_release_irqrestore>
}
    4000630c:	a94153f3 	ldp	x19, x20, [sp, #16]
    return KERNEL_OK;
    40006310:	52800000 	mov	w0, #0x0                   	// #0
    40006314:	a9425bf5 	ldp	x21, x22, [sp, #32]
    40006318:	a94363f7 	ldp	x23, x24, [sp, #48]
}
    4000631c:	a9446bf9 	ldp	x25, x26, [sp, #64]
    return KERNEL_OK;
    40006320:	a94573fb 	ldp	x27, x28, [sp, #80]
}
    40006324:	a8c87bfd 	ldp	x29, x30, [sp], #128
    40006328:	d65f03c0 	ret
        return -(int32_t)EINVAL;
    4000632c:	128002a0 	mov	w0, #0xffffffea            	// #-22
}
    40006330:	d65f03c0 	ret
    40006334:	a94153f3 	ldp	x19, x20, [sp, #16]
        return -(int32_t)EINVAL;
    40006338:	128002a0 	mov	w0, #0xffffffea            	// #-22
}
    4000633c:	a9446bf9 	ldp	x25, x26, [sp, #64]
    40006340:	a8c87bfd 	ldp	x29, x30, [sp], #128
    40006344:	d65f03c0 	ret
        KThread_t *owner = &g_scheduler.thread_table[ch->owner_tid];
    40006348:	d3787c42 	ubfiz	x2, x2, #8, #32
            owner->state = KTHREAD_STATE_READY;
    4000634c:	52800024 	mov	w4, #0x1                   	// #1
        KThread_t *owner = &g_scheduler.thread_table[ch->owner_tid];
    40006350:	d2903800 	mov	x0, #0x81c0                	// #33216
    40006354:	8b000040 	add	x0, x2, x0
            scheduler_enqueue(owner);
    40006358:	8b000060 	add	x0, x3, x0
            owner->state = KTHREAD_STATE_READY;
    4000635c:	b9023c24 	str	w4, [x1, #572]
            scheduler_enqueue(owner);
    40006360:	97fff56c 	bl	40003910 <scheduler_enqueue>
    40006364:	17ffffe7 	b	40006300 <ipc_pulse_send+0x200>
    40006368:	a94573fb 	ldp	x27, x28, [sp, #80]
        return IPC_ERR_CONN_DISCONNECTED;
    4000636c:	12800c80 	mov	w0, #0xffffff9b            	// #-101
    40006370:	17ffffad 	b	40006224 <ipc_pulse_send+0x124>
        ticket_lock_release_irqrestore(&ch->lock, irq_state);
    40006374:	f94037e0 	ldr	x0, [sp, #104]
    40006378:	b94077e1 	ldr	w1, [sp, #116]
    4000637c:	97fff8b1 	bl	40004640 <ticket_lock_release_irqrestore>
        return IPC_ERR_CHANNEL_CLOSED;
    40006380:	a9425bf5 	ldp	x21, x22, [sp, #32]
    40006384:	12800c60 	mov	w0, #0xffffff9c            	// #-100
    40006388:	a94363f7 	ldp	x23, x24, [sp, #48]
    4000638c:	a94573fb 	ldp	x27, x28, [sp, #80]
    40006390:	17ffffa5 	b	40006224 <ipc_pulse_send+0x124>
        ticket_lock_release_irqrestore(&ch->lock, irq_state);
    40006394:	f94037e0 	ldr	x0, [sp, #104]
    40006398:	b94077e1 	ldr	w1, [sp, #116]
    4000639c:	97fff8a9 	bl	40004640 <ticket_lock_release_irqrestore>
        return IPC_ERR_PULSE_QUEUE_FULL;
    400063a0:	17ffff9a 	b	40006208 <ipc_pulse_send+0x108>
	...

00000000400063b0 <ipc_notification_create>:
    if (notify_id == NULL)
    {
        return -(int32_t)EINVAL;
    }

    if (owner_tid >= CONFIG_MAX_THREADS)
    400063b0:	7103fc1f 	cmp	w0, #0xff
    400063b4:	fa409824 	ccmp	x1, #0x0, #0x4, ls	// ls = plast
    400063b8:	540004e0 	b.eq	40006454 <ipc_notification_create+0xa4>  // b.none
{
    400063bc:	a9be7bfd 	stp	x29, x30, [sp, #-32]!
    400063c0:	910003fd 	mov	x29, sp
    400063c4:	a90153f3 	stp	x19, x20, [sp, #16]
    ticket_lock_acquire(&s_notify_subsys_lock);
    400063c8:	f00001f3 	adrp	x19, 40045000 <s_channels+0x11f8>
    400063cc:	91102273 	add	x19, x19, #0x408
    400063d0:	aa1303e0 	mov	x0, x19
    400063d4:	aa0103f4 	mov	x20, x1
    400063d8:	97fff85a 	bl	40004540 <ticket_lock_acquire>
    if (s_free_notify_count == 0U)
    400063dc:	f00001e0 	adrp	x0, 40045000 <s_channels+0x11f8>
    400063e0:	b9441402 	ldr	w2, [x0, #1044]
    400063e4:	340003c2 	cbz	w2, 4000645c <ipc_notification_create+0xac>
    s_free_notify_count--;
    400063e8:	51000442 	sub	w2, w2, #0x1
    idx = (int32_t)s_free_notify_stack[s_free_notify_count];
    400063ec:	f00001e1 	adrp	x1, 40045000 <s_channels+0x11f8>
    400063f0:	91106021 	add	x1, x1, #0x418
    s_free_notify_count--;
    400063f4:	b9041402 	str	w2, [x0, #1044]
    ticket_lock_release(&s_notify_subsys_lock);
    400063f8:	aa1303e0 	mov	x0, x19
    idx = (int32_t)s_free_notify_stack[s_free_notify_count];
    400063fc:	b8625833 	ldr	w19, [x1, w2, uxtw #2]
    ticket_lock_release(&s_notify_subsys_lock);
    40006400:	97fff874 	bl	400045d0 <ticket_lock_release>
    {
        return -(int32_t)EINVAL;
    }

    idx = alloc_notify_index();
    if (idx < 0)
    40006404:	37f80313 	tbnz	w19, #31, 40006464 <ipc_notification_create+0xb4>
        return -(int32_t)ENOMEM;
    }

    ntf = &s_notifications[(uint32_t)idx];

    ntf->id = (kobj_id_t)((uint32_t)idx | ((uint32_t)idx << 16U));
    40006408:	d37f7e60 	ubfiz	x0, x19, #1, #32
    4000640c:	f00001e2 	adrp	x2, 40045000 <s_channels+0x11f8>
    40006410:	8b334000 	add	x0, x0, w19, uxtw
    40006414:	91186042 	add	x2, x2, #0x618
    40006418:	2a134273 	orr	w19, w19, w19, lsl #16
    ntf->state = IPC_NOTIFY_IDLE;
    ntf->signals = 0ULL;
    ntf->waited_mask = 0ULL;
    4000641c:	b2607fe3 	mov	x3, #0xffffffff00000000    	// #-4294967296
    ntf->id = (kobj_id_t)((uint32_t)idx | ((uint32_t)idx << 16U));
    40006420:	d37cec00 	lsl	x0, x0, #4
    40006424:	8b000041 	add	x1, x2, x0
    40006428:	b8206853 	str	w19, [x2, x0]
    ntf->state = IPC_NOTIFY_IDLE;
    4000642c:	f800403f 	stur	xzr, [x1, #4]
    ntf->signals = 0ULL;
    40006430:	f800c03f 	stur	xzr, [x1, #12]
    ntf->waited_mask = 0ULL;
    40006434:	f8014023 	stur	x3, [x1, #20]
    ntf->waiter_tid = THREAD_ID_INVALID;

    barrier();
    40006438:	d5033fbf 	dmb	sy

    *notify_id = ntf->id;
    4000643c:	b8606841 	ldr	w1, [x2, x0]

    return KERNEL_OK;
    40006440:	52800000 	mov	w0, #0x0                   	// #0
    *notify_id = ntf->id;
    40006444:	b9000281 	str	w1, [x20]
}
    40006448:	a94153f3 	ldp	x19, x20, [sp, #16]
    4000644c:	a8c27bfd 	ldp	x29, x30, [sp], #32
    40006450:	d65f03c0 	ret
        return -(int32_t)EINVAL;
    40006454:	128002a0 	mov	w0, #0xffffffea            	// #-22
}
    40006458:	d65f03c0 	ret
        ticket_lock_release(&s_notify_subsys_lock);
    4000645c:	aa1303e0 	mov	x0, x19
    40006460:	97fff85c 	bl	400045d0 <ticket_lock_release>
        return -(int32_t)ENOMEM;
    40006464:	12800160 	mov	w0, #0xfffffff4            	// #-12
    40006468:	17fffff8 	b	40006448 <ipc_notification_create+0x98>
    4000646c:	00000000 	udf	#0

0000000040006470 <ipc_notification_destroy>:
    if (notify_id == KOBJ_ID_INVALID)
    40006470:	340007a0 	cbz	w0, 40006564 <ipc_notification_destroy+0xf4>
/* ========================================================================
 * 销毁通知对象
 * ======================================================================== */

kernel_status_t ipc_notification_destroy(kobj_id_t notify_id)
{
    40006474:	a9bd7bfd 	stp	x29, x30, [sp, #-48]!
    40006478:	910003fd 	mov	x29, sp
    4000647c:	f90013f5 	str	x21, [sp, #32]
    idx = (uint32_t)(notify_id & 0xFFFFU);
    40006480:	12003c15 	and	w21, w0, #0xffff
    if (idx >= CONFIG_IPC_MAX_NOTIFICATIONS)
    40006484:	7219201f 	tst	w0, #0xff80
    40006488:	54000721 	b.ne	4000656c <ipc_notification_destroy+0xfc>  // b.any
    {
        return -(int32_t)EINVAL;
    }

    /* 如果有线程在等待，唤醒它 */
    if (ntf->state == IPC_NOTIFY_WAITING)
    4000648c:	d37f3ea0 	ubfiz	x0, x21, #1, #16
    40006490:	a90153f3 	stp	x19, x20, [sp, #16]
    40006494:	8b352000 	add	x0, x0, w21, uxth
    40006498:	f00001f4 	adrp	x20, 40045000 <s_channels+0x11f8>
    4000649c:	91186281 	add	x1, x20, #0x618
    400064a0:	8b001020 	add	x0, x1, x0, lsl #4
    400064a4:	2a1503f3 	mov	w19, w21
    400064a8:	b9400401 	ldr	w1, [x0, #4]
    400064ac:	7100083f 	cmp	w1, #0x2
    400064b0:	54000380 	b.eq	40006520 <ipc_notification_destroy+0xb0>  // b.none
            scheduler_enqueue(waiter);
        }
    }

    /* 标记为空闲 */
    ntf->id = KOBJ_ID_INVALID;
    400064b4:	8b130673 	add	x19, x19, x19, lsl #1
    400064b8:	91186294 	add	x20, x20, #0x618
    ntf->state = IPC_NOTIFY_IDLE;
    ntf->signals = 0ULL;
    ntf->waited_mask = 0ULL;
    ntf->waiter_tid = THREAD_ID_INVALID;
    400064bc:	12800001 	mov	w1, #0xffffffff            	// #-1
    ntf->id = KOBJ_ID_INVALID;
    400064c0:	d37cee73 	lsl	x19, x19, #4
    ntf->signals = 0ULL;
    400064c4:	8b130280 	add	x0, x20, x19
    ntf->id = KOBJ_ID_INVALID;
    400064c8:	f8336a9f 	str	xzr, [x20, x19]
    ntf->waited_mask = 0ULL;
    400064cc:	a900fc1f 	stp	xzr, xzr, [x0, #8]
    ntf->waiter_tid = THREAD_ID_INVALID;
    400064d0:	b9001801 	str	w1, [x0, #24]

    barrier();
    400064d4:	d5033fbf 	dmb	sy
    ticket_lock_acquire(&s_notify_subsys_lock);
    400064d8:	f00001f3 	adrp	x19, 40045000 <s_channels+0x11f8>
    400064dc:	91102273 	add	x19, x19, #0x408
    400064e0:	aa1303e0 	mov	x0, x19
    400064e4:	97fff817 	bl	40004540 <ticket_lock_acquire>
    s_free_notify_stack[s_free_notify_count] = idx;
    400064e8:	f00001e3 	adrp	x3, 40045000 <s_channels+0x11f8>
    400064ec:	f00001e1 	adrp	x1, 40045000 <s_channels+0x11f8>
    400064f0:	91106021 	add	x1, x1, #0x418
    ticket_lock_release(&s_notify_subsys_lock);
    400064f4:	aa1303e0 	mov	x0, x19
    s_free_notify_stack[s_free_notify_count] = idx;
    400064f8:	b9441462 	ldr	w2, [x3, #1044]
    s_free_notify_count++;
    400064fc:	11000444 	add	w4, w2, #0x1
    40006500:	b9041464 	str	w4, [x3, #1044]
    s_free_notify_stack[s_free_notify_count] = idx;
    40006504:	b8225835 	str	w21, [x1, w2, uxtw #2]
    ticket_lock_release(&s_notify_subsys_lock);
    40006508:	97fff832 	bl	400045d0 <ticket_lock_release>
}
    4000650c:	a94153f3 	ldp	x19, x20, [sp, #16]

    free_notify_index((uint32_t)(notify_id & 0xFFFFU));

    return KERNEL_OK;
    40006510:	52800000 	mov	w0, #0x0                   	// #0
}
    40006514:	f94013f5 	ldr	x21, [sp, #32]
    40006518:	a8c37bfd 	ldp	x29, x30, [sp], #48
    4000651c:	d65f03c0 	ret
        KThread_t *waiter = &g_scheduler.thread_table[ntf->waiter_tid];
    40006520:	b9401802 	ldr	w2, [x0, #24]
        if (waiter->state == KTHREAD_STATE_BLOCKED)
    40006524:	90000020 	adrp	x0, 4000a000 <__dtb_ptr>
    40006528:	f9404800 	ldr	x0, [x0, #144]
    4000652c:	d3787c41 	ubfiz	x1, x2, #8, #32
    40006530:	8b010001 	add	x1, x0, x1
    40006534:	91402021 	add	x1, x1, #0x8, lsl #12
    40006538:	b9423c23 	ldr	w3, [x1, #572]
    4000653c:	71000c7f 	cmp	w3, #0x3
    40006540:	54fffba1 	b.ne	400064b4 <ipc_notification_destroy+0x44>  // b.any
        KThread_t *waiter = &g_scheduler.thread_table[ntf->waiter_tid];
    40006544:	d3787c42 	ubfiz	x2, x2, #8, #32
    40006548:	d2903804 	mov	x4, #0x81c0                	// #33216
    4000654c:	8b040042 	add	x2, x2, x4
            waiter->state = KTHREAD_STATE_READY;
    40006550:	52800023 	mov	w3, #0x1                   	// #1
            scheduler_enqueue(waiter);
    40006554:	8b020000 	add	x0, x0, x2
            waiter->state = KTHREAD_STATE_READY;
    40006558:	b9023c23 	str	w3, [x1, #572]
            scheduler_enqueue(waiter);
    4000655c:	97fff4ed 	bl	40003910 <scheduler_enqueue>
    40006560:	17ffffd5 	b	400064b4 <ipc_notification_destroy+0x44>
        return -(int32_t)EINVAL;
    40006564:	128002a0 	mov	w0, #0xffffffea            	// #-22
}
    40006568:	d65f03c0 	ret
    4000656c:	f94013f5 	ldr	x21, [sp, #32]
        return -(int32_t)EINVAL;
    40006570:	128002a0 	mov	w0, #0xffffffea            	// #-22
}
    40006574:	a8c37bfd 	ldp	x29, x30, [sp], #48
    40006578:	d65f03c0 	ret
    4000657c:	00000000 	udf	#0

0000000040006580 <ipc_notification_signal>:
    if (notify_id == KOBJ_ID_INVALID)
    40006580:	7100001f 	cmp	w0, #0x0
    40006584:	fa401824 	ccmp	x1, #0x0, #0x4, ne	// ne = any
    40006588:	540006a0 	b.eq	4000665c <ipc_notification_signal+0xdc>  // b.none
    idx = (uint32_t)(notify_id & 0xFFFFU);
    4000658c:	12003c02 	and	w2, w0, #0xffff
    if (idx >= CONFIG_IPC_MAX_NOTIFICATIONS)
    40006590:	7219201f 	tst	w0, #0xff80
    40006594:	54000641 	b.ne	4000665c <ipc_notification_signal+0xdc>  // b.any
 * 触发通知信号
 * ======================================================================== */

kernel_status_t ipc_notification_signal(kobj_id_t notify_id,
                                         uint64_t signal)
{
    40006598:	a9bd7bfd 	stp	x29, x30, [sp, #-48]!
    {
        return -(int32_t)EINVAL;
    }

    /* 原子地设置信号位 */
    ntf->signals |= signal;
    4000659c:	d37f3c40 	ubfiz	x0, x2, #1, #16
    400065a0:	8b222000 	add	x0, x0, w2, uxth
{
    400065a4:	910003fd 	mov	x29, sp
    400065a8:	f9000bf3 	str	x19, [sp, #16]
    ntf->signals |= signal;
    400065ac:	f00001f3 	adrp	x19, 40045000 <s_channels+0x11f8>
    400065b0:	91186263 	add	x3, x19, #0x618
    400065b4:	8b001060 	add	x0, x3, x0, lsl #4
    400065b8:	f9400403 	ldr	x3, [x0, #8]
    400065bc:	aa010061 	orr	x1, x3, x1
    400065c0:	f9000401 	str	x1, [x0, #8]
    barrier();
    400065c4:	d5033fbf 	dmb	sy

    /* 检查是否匹配等待掩码 */
    if ((ntf->state == IPC_NOTIFY_WAITING) &&
    400065c8:	b9400401 	ldr	w1, [x0, #4]
    400065cc:	7100083f 	cmp	w1, #0x2
    400065d0:	54000160 	b.eq	400065fc <ipc_notification_signal+0x7c>  // b.none
                waiter->state = KTHREAD_STATE_READY;
                scheduler_enqueue(waiter);
            }
        }

        ntf->state = IPC_NOTIFY_PENDING;
    400065d4:	8b020442 	add	x2, x2, x2, lsl #1
    400065d8:	91186273 	add	x19, x19, #0x618
    400065dc:	52800020 	mov	w0, #0x1                   	// #1
    400065e0:	8b021262 	add	x2, x19, x2, lsl #4
    400065e4:	b9000440 	str	w0, [x2, #4]
    else
    {
        ntf->state = IPC_NOTIFY_PENDING;
    }

    barrier();
    400065e8:	d5033fbf 	dmb	sy

    return KERNEL_OK;
}
    400065ec:	f9400bf3 	ldr	x19, [sp, #16]
    return KERNEL_OK;
    400065f0:	52800000 	mov	w0, #0x0                   	// #0
}
    400065f4:	a8c37bfd 	ldp	x29, x30, [sp], #48
    400065f8:	d65f03c0 	ret
        ((ntf->signals & ntf->waited_mask) != 0ULL))
    400065fc:	a9408403 	ldp	x3, x1, [x0, #8]
    if ((ntf->state == IPC_NOTIFY_WAITING) &&
    40006600:	ea01007f 	tst	x3, x1
    40006604:	54fffe80 	b.eq	400065d4 <ipc_notification_signal+0x54>  // b.none
        if (ntf->waiter_tid < CONFIG_MAX_THREADS)
    40006608:	b9401803 	ldr	w3, [x0, #24]
    4000660c:	7103fc7f 	cmp	w3, #0xff
    40006610:	54fffe28 	b.hi	400065d4 <ipc_notification_signal+0x54>  // b.pmore
            if (waiter->state == KTHREAD_STATE_BLOCKED)
    40006614:	90000024 	adrp	x4, 4000a000 <__dtb_ptr>
    40006618:	f9404884 	ldr	x4, [x4, #144]
    4000661c:	d3787c61 	ubfiz	x1, x3, #8, #32
    40006620:	8b010081 	add	x1, x4, x1
    40006624:	91402021 	add	x1, x1, #0x8, lsl #12
    40006628:	b9423c20 	ldr	w0, [x1, #572]
    4000662c:	71000c1f 	cmp	w0, #0x3
    40006630:	54fffd21 	b.ne	400065d4 <ipc_notification_signal+0x54>  // b.any
            KThread_t *waiter = &g_scheduler.thread_table[ntf->waiter_tid];
    40006634:	d3787c63 	ubfiz	x3, x3, #8, #32
                waiter->state = KTHREAD_STATE_READY;
    40006638:	52800025 	mov	w5, #0x1                   	// #1
            KThread_t *waiter = &g_scheduler.thread_table[ntf->waiter_tid];
    4000663c:	d2903800 	mov	x0, #0x81c0                	// #33216
    40006640:	8b000060 	add	x0, x3, x0
                scheduler_enqueue(waiter);
    40006644:	8b000080 	add	x0, x4, x0
    40006648:	f90017e2 	str	x2, [sp, #40]
                waiter->state = KTHREAD_STATE_READY;
    4000664c:	b9023c25 	str	w5, [x1, #572]
                scheduler_enqueue(waiter);
    40006650:	97fff4b0 	bl	40003910 <scheduler_enqueue>
    40006654:	f94017e2 	ldr	x2, [sp, #40]
        ntf->state = IPC_NOTIFY_PENDING;
    40006658:	17ffffdf 	b	400065d4 <ipc_notification_signal+0x54>
        return -(int32_t)EINVAL;
    4000665c:	128002a0 	mov	w0, #0xffffffea            	// #-22
}
    40006660:	d65f03c0 	ret
	...

0000000040006670 <ipc_notification_wait>:
    if (notify_id == KOBJ_ID_INVALID)
    40006670:	f100005f 	cmp	x2, #0x0
    40006674:	7a401804 	ccmp	w0, #0x0, #0x4, ne	// ne = any
    40006678:	fa401824 	ccmp	x1, #0x0, #0x4, ne	// ne = any
    4000667c:	54000660 	b.eq	40006748 <ipc_notification_wait+0xd8>  // b.none
 * ======================================================================== */

kernel_status_t ipc_notification_wait(kobj_id_t notify_id,
                                       uint64_t waited_mask,
                                       uint64_t *triggered)
{
    40006680:	a9bd7bfd 	stp	x29, x30, [sp, #-48]!
    40006684:	910003fd 	mov	x29, sp
    40006688:	a90153f3 	stp	x19, x20, [sp, #16]
    idx = (uint32_t)(notify_id & 0xFFFFU);
    4000668c:	12003c13 	and	w19, w0, #0xffff
    if (idx >= CONFIG_IPC_MAX_NOTIFICATIONS)
    40006690:	7219201f 	tst	w0, #0xff80
    40006694:	540005e1 	b.ne	40006750 <ipc_notification_wait+0xe0>  // b.any
    if (ntf == NULL)
    {
        return -(int32_t)EINVAL;
    }

    current = kthread_get_current();
    40006698:	aa0103f4 	mov	x20, x1
    4000669c:	f90013f5 	str	x21, [sp, #32]
    400066a0:	aa0203f5 	mov	x21, x2
    400066a4:	97fff6d3 	bl	400041f0 <kthread_get_current>
    if (current == NULL)
    400066a8:	b40005c0 	cbz	x0, 40006760 <ipc_notification_wait+0xf0>
    {
        return -(int32_t)ESRCH;
    }

    /* 检查是否已有待处理的信号 */
    active = ntf->signals & waited_mask;
    400066ac:	d37f3e62 	ubfiz	x2, x19, #1, #16
    400066b0:	f00001e1 	adrp	x1, 40045000 <s_channels+0x11f8>
    400066b4:	8b332053 	add	x19, x2, w19, uxth
    400066b8:	91186021 	add	x1, x1, #0x618
    400066bc:	8b131033 	add	x19, x1, x19, lsl #4
    400066c0:	f9400661 	ldr	x1, [x19, #8]
    if (active != 0ULL)
    400066c4:	ea010281 	ands	x1, x20, x1
    400066c8:	54000180 	b.eq	400066f8 <ipc_notification_wait+0x88>  // b.none
    {
        /* 有待处理信号：直接返回 */
        *triggered = active;
    400066cc:	f90002a1 	str	x1, [x21]
        ntf->signals &= ~active;
        ntf->state = IPC_NOTIFY_IDLE;
    400066d0:	b900067f 	str	wzr, [x19, #4]
        ntf->signals &= ~active;
    400066d4:	f9400660 	ldr	x0, [x19, #8]
    400066d8:	8a210001 	bic	x1, x0, x1
    400066dc:	f9000661 	str	x1, [x19, #8]
        barrier();
    400066e0:	d5033fbf 	dmb	sy
        return KERNEL_OK;
    400066e4:	f94013f5 	ldr	x21, [sp, #32]
    400066e8:	52800000 	mov	w0, #0x0                   	// #0
    ntf->waiter_tid = THREAD_ID_INVALID;
    ntf->state = IPC_NOTIFY_IDLE;
    barrier();

    return KERNEL_OK;
}
    400066ec:	a94153f3 	ldp	x19, x20, [sp, #16]
    400066f0:	a8c37bfd 	ldp	x29, x30, [sp], #48
    400066f4:	d65f03c0 	ret
    ntf->waiter_tid = current->tid;
    400066f8:	b9407802 	ldr	w2, [x0, #120]
    ntf->state = IPC_NOTIFY_WAITING;
    400066fc:	52800041 	mov	w1, #0x2                   	// #2
    40006700:	b9000661 	str	w1, [x19, #4]
    current->state = KTHREAD_STATE_BLOCKED;
    40006704:	52800061 	mov	w1, #0x3                   	// #3
    ntf->waited_mask = waited_mask;
    40006708:	f9000a74 	str	x20, [x19, #16]
    ntf->waiter_tid = current->tid;
    4000670c:	b9001a62 	str	w2, [x19, #24]
    current->state = KTHREAD_STATE_BLOCKED;
    40006710:	b9007c01 	str	w1, [x0, #124]
    barrier();
    40006714:	d5033fbf 	dmb	sy
    schedule();
    40006718:	97fff4f2 	bl	40003ae0 <schedule>
    active = ntf->signals & waited_mask;
    4000671c:	f9400660 	ldr	x0, [x19, #8]
    ntf->waiter_tid = THREAD_ID_INVALID;
    40006720:	12800001 	mov	w1, #0xffffffff            	// #-1
    active = ntf->signals & waited_mask;
    40006724:	8a000294 	and	x20, x20, x0
    *triggered = active;
    40006728:	f90002b4 	str	x20, [x21]
    ntf->state = IPC_NOTIFY_IDLE;
    4000672c:	b900067f 	str	wzr, [x19, #4]
    ntf->signals &= ~active;
    40006730:	f9400660 	ldr	x0, [x19, #8]
    ntf->waiter_tid = THREAD_ID_INVALID;
    40006734:	b9001a61 	str	w1, [x19, #24]
    ntf->signals &= ~active;
    40006738:	8a340014 	bic	x20, x0, x20
    ntf->waited_mask = 0ULL;
    4000673c:	a900fe74 	stp	x20, xzr, [x19, #8]
    barrier();
    40006740:	d5033fbf 	dmb	sy
    return KERNEL_OK;
    40006744:	17ffffe8 	b	400066e4 <ipc_notification_wait+0x74>
        return -(int32_t)EINVAL;
    40006748:	128002a0 	mov	w0, #0xffffffea            	// #-22
}
    4000674c:	d65f03c0 	ret
    40006750:	a94153f3 	ldp	x19, x20, [sp, #16]
        return -(int32_t)EINVAL;
    40006754:	128002a0 	mov	w0, #0xffffffea            	// #-22
}
    40006758:	a8c37bfd 	ldp	x29, x30, [sp], #48
    4000675c:	d65f03c0 	ret
        return -(int32_t)ESRCH;
    40006760:	f94013f5 	ldr	x21, [sp, #32]
    40006764:	12800040 	mov	w0, #0xfffffffd            	// #-3
    40006768:	17ffffe1 	b	400066ec <ipc_notification_wait+0x7c>
    4000676c:	00000000 	udf	#0

0000000040006770 <cap_insert_locked>:
    cap_t *cap;
    cap_t *parent_cap;
    kernel_status_t rights_ret;
    uint8_t new_depth;

    if (slot >= cs->capacity)
    40006770:	b940480d 	ldr	w13, [x0, #72]
    40006774:	6b0101bf 	cmp	w13, w1
    40006778:	540002a9 	b.ls	400067cc <cap_insert_locked+0x5c>  // b.plast
    {
        return -(int32_t)EINVAL;
    }

    cap = &cs->cap_table[slot];
    4000677c:	f940200b 	ldr	x11, [x0, #64]
    40006780:	d37a7c21 	ubfiz	x1, x1, #6, #32
    40006784:	8b010169 	add	x9, x11, x1
    if ((uint32_t)type >= (uint32_t)KOBJ_TYPE_COUNT)
    40006788:	b8616967 	ldr	w7, [x11, x1]
    4000678c:	710000ff 	cmp	w7, #0x0
    40006790:	7a490842 	ccmp	w2, #0x9, #0x2, eq	// eq = none
    40006794:	540001c8 	b.hi	400067cc <cap_insert_locked+0x5c>  // b.pmore
    40006798:	f000000c 	adrp	x12, 40009000 <__text_end>
    4000679c:	12001c84 	and	w4, w4, #0xff
    400067a0:	12003ca5 	and	w5, w5, #0xffff
    400067a4:	9114a188 	add	x8, x12, #0x528
    for (i = 0U; i < CAP_TYPE_RIGHTS_COUNT; i++)
    400067a8:	52800007 	mov	w7, #0x0                   	// #0
    400067ac:	d503201f 	nop
        if (s_cap_type_rights_table[i].type == type)
    400067b0:	b940010a 	ldr	w10, [x8]
    for (i = 0U; i < CAP_TYPE_RIGHTS_COUNT; i++)
    400067b4:	91002108 	add	x8, x8, #0x8
        if (s_cap_type_rights_table[i].type == type)
    400067b8:	6b0a005f 	cmp	w2, w10
    400067bc:	540000c0 	b.eq	400067d4 <cap_insert_locked+0x64>  // b.none
    for (i = 0U; i < CAP_TYPE_RIGHTS_COUNT; i++)
    400067c0:	110004e7 	add	w7, w7, #0x1
    400067c4:	710028ff 	cmp	w7, #0xa
    400067c8:	54ffff41 	b.ne	400067b0 <cap_insert_locked+0x40>  // b.any
        return -(int32_t)EINVAL;
    400067cc:	128002a0 	mov	w0, #0xffffffea            	// #-22
    hal_dmb_ish();
    /* 内存屏障确保能力写入对所有核可见 */
    barrier_store();

    return KERNEL_OK;
}
    400067d0:	d65f03c0 	ret
    if ((rights & entry->allowed_rights) != rights)
    400067d4:	9114a18c 	add	x12, x12, #0x528
    400067d8:	8b274d87 	add	x7, x12, w7, uxtw #3
    400067dc:	394010e8 	ldrb	w8, [x7, #4]
    400067e0:	6a28009f 	bics	wzr, w4, w8
    400067e4:	54ffff41 	b.ne	400067cc <cap_insert_locked+0x5c>  // b.any
    if ((rights & entry->mandatory_rights) != entry->mandatory_rights)
    400067e8:	394014e7 	ldrb	w7, [x7, #5]
    400067ec:	6a2400ff 	bics	wzr, w7, w4
    400067f0:	54fffee1 	b.ne	400067cc <cap_insert_locked+0x5c>  // b.any
    if (parent_slot != CAP_SLOT_INVALID)
    400067f4:	310004df 	cmn	w6, #0x1
    400067f8:	54000540 	b.eq	400068a0 <cap_insert_locked+0x130>  // b.none
        if (parent_slot >= cs->capacity)
    400067fc:	6b0601bf 	cmp	w13, w6
    40006800:	54fffe69 	b.ls	400067cc <cap_insert_locked+0x5c>  // b.plast
        parent_cap = &cs->cap_table[parent_slot];
    40006804:	d37a7cc7 	ubfiz	x7, x6, #6, #32
    40006808:	8b070168 	add	x8, x11, x7
        if (parent_cap->state != CAP_STATE_VALID)
    4000680c:	b867696a 	ldr	w10, [x11, x7]
    40006810:	7100055f 	cmp	w10, #0x1
    40006814:	54fffdc1 	b.ne	400067cc <cap_insert_locked+0x5c>  // b.any
        if (parent_cap->derive_depth >= CAP_MAX_DERIVE_DEPTH)
    40006818:	39406107 	ldrb	w7, [x8, #24]
    4000681c:	71001cff 	cmp	w7, #0x7
    40006820:	54fffd68 	b.hi	400067cc <cap_insert_locked+0x5c>  // b.pmore
    cap->state = CAP_STATE_VALID;
    40006824:	b821696a 	str	w10, [x11, x1]
        new_depth = parent_cap->derive_depth + 1U;
    40006828:	110004e7 	add	w7, w7, #0x1
    cap->rights = rights;
    4000682c:	39002124 	strb	w4, [x9, #8]
    INIT_LIST_HEAD(&cap->children);
    40006830:	91008121 	add	x1, x9, #0x20
    INIT_LIST_HEAD(&cap->sibling);
    40006834:	9100c124 	add	x4, x9, #0x30
    cap->cspace_root = cs->root_slot;
    40006838:	b940500a 	ldr	w10, [x0, #80]
    cap->derive_depth = new_depth;
    4000683c:	39006127 	strb	w7, [x9, #24]
static inline void INIT_LIST_HEAD(struct list_head *ptr)
{
    if (ptr != NULL)
    {
        ptr->next = ptr;
        ptr->prev = ptr;
    40006840:	f9001521 	str	x1, [x9, #40]
    40006844:	f9001d24 	str	x4, [x9, #56]
    cap->kobj_type = kobj_type;
    40006848:	b9000522 	str	w2, [x9, #4]
    if ((new_node == NULL) || (head == NULL))
    {
        return;
    }

    __list_add(new_node, head->prev, head);
    4000684c:	f9401502 	ldr	x2, [x8, #40]
    cap->badge = badge;
    40006850:	79001525 	strh	w5, [x9, #10]
    cap->parent_slot = parent_slot;
    40006854:	29019923 	stp	w3, w6, [x9, #12]
    cap->cspace_root = cs->root_slot;
    40006858:	b900152a 	str	w10, [x9, #20]
        ptr->next = ptr;
    4000685c:	f9001121 	str	x1, [x9, #32]
    40006860:	f9001924 	str	x4, [x9, #48]
    if ((new_node == NULL) || (prev == NULL) || (next == NULL))
    40006864:	b40000a2 	cbz	x2, 40006878 <cap_insert_locked+0x108>
    next->prev = new_node;
    40006868:	f9001504 	str	x4, [x8, #40]
        list_add_tail(&cap->sibling, &parent_cap->children);
    4000686c:	91008108 	add	x8, x8, #0x20
    new_node->prev = prev;
    40006870:	a9030928 	stp	x8, x2, [x9, #48]
    prev->next = new_node;
    40006874:	f9000044 	str	x4, [x2]
{
    40006878:	a9bf7bfd 	stp	x29, x30, [sp, #-16]!
    4000687c:	910003fd 	mov	x29, sp
    cs->used_count++;
    40006880:	b9404c01 	ldr	w1, [x0, #76]
    40006884:	11000421 	add	w1, w1, #0x1
    40006888:	b9004c01 	str	w1, [x0, #76]
    hal_dmb_ish();
    4000688c:	97ffee91 	bl	400022d0 <hal_dmb_ish>
    barrier_store();
    40006890:	d5033abf 	dmb	ishst
    return KERNEL_OK;
    40006894:	52800000 	mov	w0, #0x0                   	// #0
}
    40006898:	a8c17bfd 	ldp	x29, x30, [sp], #16
    4000689c:	d65f03c0 	ret
    cap->state = CAP_STATE_VALID;
    400068a0:	52800027 	mov	w7, #0x1                   	// #1
    400068a4:	b8216967 	str	w7, [x11, x1]
    cap->rights = rights;
    400068a8:	39002124 	strb	w4, [x9, #8]
    INIT_LIST_HEAD(&cap->sibling);
    400068ac:	9100c121 	add	x1, x9, #0x30
    cap->kobj_type = kobj_type;
    400068b0:	b9000522 	str	w2, [x9, #4]
    INIT_LIST_HEAD(&cap->children);
    400068b4:	91008124 	add	x4, x9, #0x20
    cap->cspace_root = cs->root_slot;
    400068b8:	b9405002 	ldr	w2, [x0, #80]
    cap->badge = badge;
    400068bc:	79001525 	strh	w5, [x9, #10]
    cap->parent_slot = parent_slot;
    400068c0:	29019923 	stp	w3, w6, [x9, #12]
    cap->cspace_root = cs->root_slot;
    400068c4:	b9001522 	str	w2, [x9, #20]
    cap->derive_depth = new_depth;
    400068c8:	3900613f 	strb	wzr, [x9, #24]
        ptr->prev = ptr;
    400068cc:	a9021124 	stp	x4, x4, [x9, #32]
    400068d0:	a9030521 	stp	x1, x1, [x9, #48]
    if (parent_slot != CAP_SLOT_INVALID)
    400068d4:	17ffffe9 	b	40006878 <cap_insert_locked+0x108>
	...

00000000400068e0 <cap_copy>:
kernel_status_t cap_copy(cap_slot_t src_cspace,
                          cap_slot_t src_slot,
                          cap_slot_t dest_cspace,
                          cap_slot_t dest_slot,
                          uint8_t rights_mask)
{
    400068e0:	a9bb7bfd 	stp	x29, x30, [sp, #-80]!
    cspace_t *dst_cs;
    cap_t *src_cap;
    uint8_t dest_rights;

    /* 参数有效性检查 */
    if ((src_cspace == CAP_SLOT_INVALID) || (src_slot == CAP_SLOT_INVALID))
    400068e4:	3100041f 	cmn	w0, #0x1
    400068e8:	3a411824 	ccmn	w1, #0x1, #0x4, ne	// ne = any
{
    400068ec:	910003fd 	mov	x29, sp
    400068f0:	a9025bf5 	stp	x21, x22, [sp, #32]
    if ((src_cspace == CAP_SLOT_INVALID) || (src_slot == CAP_SLOT_INVALID))
    400068f4:	54000d60 	b.eq	40006aa0 <cap_copy+0x1c0>  // b.none
    {
        return -(int32_t)EINVAL;
    }

    if ((dest_cspace == CAP_SLOT_INVALID) || (dest_slot == CAP_SLOT_INVALID))
    400068f8:	a90153f3 	stp	x19, x20, [sp, #16]
    400068fc:	3100045f 	cmn	w2, #0x1
    40006900:	2a0203f3 	mov	w19, w2
    40006904:	2a0303f6 	mov	w22, w3
    40006908:	3a411864 	ccmn	w3, #0x1, #0x4, ne	// ne = any
    4000690c:	54000c80 	b.eq	40006a9c <cap_copy+0x1bc>  // b.none
    {
        return -(int32_t)EINVAL;
    }

    /* 解析 CSpace（无需持锁，cspace_from_root 读哈希表是安全的） */
    src_cs = cspace_from_root(src_cspace);
    40006910:	2a0103f5 	mov	w21, w1
    40006914:	a90363f7 	stp	x23, x24, [sp, #48]
    40006918:	12001c97 	and	w23, w4, #0xff
    4000691c:	940002a9 	bl	400073c0 <cspace_from_root>
    40006920:	aa0003f4 	mov	x20, x0
    if (src_cs == NULL)
    40006924:	b4000c20 	cbz	x0, 40006aa8 <cap_copy+0x1c8>
    {
        return -(int32_t)EINVAL;
    }

    dst_cs = cspace_from_root(dest_cspace);
    40006928:	2a1303e0 	mov	w0, w19
    4000692c:	940002a5 	bl	400073c0 <cspace_from_root>
    40006930:	aa0003f3 	mov	x19, x0
    if (dst_cs == NULL)
    40006934:	b4000ba0 	cbz	x0, 40006aa8 <cap_copy+0x1c8>
    if (a == b)
    40006938:	eb00029f 	cmp	x20, x0
    4000693c:	540008e0 	b.eq	40006a58 <cap_copy+0x178>  // b.none
    else if ((uintptr_t)a < (uintptr_t)b)
    40006940:	f90023f9 	str	x25, [sp, #64]
    40006944:	54000543 	b.cc	400069ec <cap_copy+0x10c>  // b.lo, b.ul, b.last
        ticket_lock_acquire(&b->lock);
    40006948:	9101e019 	add	x25, x0, #0x78
        ticket_lock_acquire(&a->lock);
    4000694c:	9101e298 	add	x24, x20, #0x78
        ticket_lock_acquire(&b->lock);
    40006950:	aa1903e0 	mov	x0, x25
    40006954:	97fff6fb 	bl	40004540 <ticket_lock_acquire>
        ticket_lock_acquire(&a->lock);
    40006958:	aa1803e0 	mov	x0, x24
    4000695c:	97fff6f9 	bl	40004540 <ticket_lock_acquire>

    /* 按地址顺序获取双 CSpace 锁，避免 ABBA 死锁 */
    cap_lock_dual(src_cs, dst_cs);

    /* 查找源能力 */
    src_cap = cspace_lookup(src_cs, src_slot);
    40006960:	2a1503e1 	mov	w1, w21
    40006964:	aa1403e0 	mov	x0, x20
    40006968:	94000286 	bl	40007380 <cspace_lookup>
    4000696c:	aa0003e7 	mov	x7, x0
    if (src_cap == NULL)
    40006970:	b4000a80 	cbz	x0, 40006ac0 <cap_copy+0x1e0>
        cap_unlock_dual(src_cs, dst_cs);
        return -(int32_t)ENOENT;
    }

    /* 验证源能力状态 */
    if (src_cap->state != CAP_STATE_VALID)
    40006974:	b94000e0 	ldr	w0, [x7]
    40006978:	7100041f 	cmp	w0, #0x1
    4000697c:	540009e1 	b.ne	40006ab8 <cap_copy+0x1d8>  // b.any
    40006980:	f94023f9 	ldr	x25, [sp, #64]
        cap_unlock_dual(src_cs, dst_cs);
        return -(int32_t)ENOENT;
    }

    /* 检查 GRANT 权限 */
    if ((src_cap->rights & CAP_RIGHT_GRANT) == CAP_RIGHT_NONE)
    40006984:	394020e0 	ldrb	w0, [x7, #8]
    40006988:	36180a80 	tbz	w0, #3, 40006ad8 <cap_copy+0x1f8>
        cap_unlock_dual(src_cs, dst_cs);
        return -(int32_t)EACCES;
    }

    /* 在目标 CSpace 中插入能力（已持锁，使用 _locked 版本） */
    ret = cap_insert_locked(dst_cs,
    4000698c:	794014e5 	ldrh	w5, [x7, #10]
        dest_rights = src_cap->rights & rights_mask;
    40006990:	710002ff 	cmp	w23, #0x0
    ret = cap_insert_locked(dst_cs,
    40006994:	b94004e2 	ldr	w2, [x7, #4]
        dest_rights = src_cap->rights & rights_mask;
    40006998:	0a170004 	and	w4, w0, w23
    ret = cap_insert_locked(dst_cs,
    4000699c:	b9400ce3 	ldr	w3, [x7, #12]
    400069a0:	1a801084 	csel	w4, w4, w0, ne	// ne = any
    400069a4:	2a1503e6 	mov	w6, w21
    400069a8:	2a1603e1 	mov	w1, w22
    400069ac:	aa1303e0 	mov	x0, x19
    400069b0:	97ffff70 	bl	40006770 <cap_insert_locked>
    400069b4:	2a0003f5 	mov	w21, w0
    if (a == b)
    400069b8:	eb13029f 	cmp	x20, x19
    400069bc:	54000080 	b.eq	400069cc <cap_copy+0xec>  // b.none
    else if ((uintptr_t)a < (uintptr_t)b)
    400069c0:	54000382 	b.cs	40006a30 <cap_copy+0x150>  // b.hs, b.nlast
        ticket_lock_release(&b->lock);
    400069c4:	9101e260 	add	x0, x19, #0x78
    400069c8:	97fff702 	bl	400045d0 <ticket_lock_release>
        ticket_lock_release(&a->lock);
    400069cc:	aa1803e0 	mov	x0, x24
    400069d0:	97fff700 	bl	400045d0 <ticket_lock_release>
}
    400069d4:	a94153f3 	ldp	x19, x20, [sp, #16]
    400069d8:	a94363f7 	ldp	x23, x24, [sp, #48]
                             src_slot);

    cap_unlock_dual(src_cs, dst_cs);

    return ret;
}
    400069dc:	2a1503e0 	mov	w0, w21
    400069e0:	a9425bf5 	ldp	x21, x22, [sp, #32]
    400069e4:	a8c57bfd 	ldp	x29, x30, [sp], #80
    400069e8:	d65f03c0 	ret
        ticket_lock_acquire(&a->lock);
    400069ec:	9101e298 	add	x24, x20, #0x78
        ticket_lock_acquire(&b->lock);
    400069f0:	9101e279 	add	x25, x19, #0x78
        ticket_lock_acquire(&a->lock);
    400069f4:	aa1803e0 	mov	x0, x24
    400069f8:	97fff6d2 	bl	40004540 <ticket_lock_acquire>
        ticket_lock_acquire(&b->lock);
    400069fc:	aa1903e0 	mov	x0, x25
    40006a00:	97fff6d0 	bl	40004540 <ticket_lock_acquire>
    src_cap = cspace_lookup(src_cs, src_slot);
    40006a04:	2a1503e1 	mov	w1, w21
    40006a08:	aa1403e0 	mov	x0, x20
    40006a0c:	9400025d 	bl	40007380 <cspace_lookup>
    40006a10:	aa0003e7 	mov	x7, x0
    if (src_cap == NULL)
    40006a14:	b5fffb00 	cbnz	x0, 40006974 <cap_copy+0x94>
        ticket_lock_release(&b->lock);
    40006a18:	aa1903e0 	mov	x0, x25
    40006a1c:	97fff6ed 	bl	400045d0 <ticket_lock_release>
        ticket_lock_release(&a->lock);
    40006a20:	aa1803e0 	mov	x0, x24
    40006a24:	97fff6eb 	bl	400045d0 <ticket_lock_release>
}
    40006a28:	f94023f9 	ldr	x25, [sp, #64]
    40006a2c:	14000018 	b	40006a8c <cap_copy+0x1ac>
        ticket_lock_release(&a->lock);
    40006a30:	aa1803e0 	mov	x0, x24
    40006a34:	97fff6e7 	bl	400045d0 <ticket_lock_release>
        ticket_lock_release(&b->lock);
    40006a38:	9101e260 	add	x0, x19, #0x78
    40006a3c:	97fff6e5 	bl	400045d0 <ticket_lock_release>
    40006a40:	a94153f3 	ldp	x19, x20, [sp, #16]
}
    40006a44:	2a1503e0 	mov	w0, w21
    40006a48:	a9425bf5 	ldp	x21, x22, [sp, #32]
    40006a4c:	a94363f7 	ldp	x23, x24, [sp, #48]
    40006a50:	a8c57bfd 	ldp	x29, x30, [sp], #80
    40006a54:	d65f03c0 	ret
        ticket_lock_acquire(&a->lock);
    40006a58:	9101e298 	add	x24, x20, #0x78
    40006a5c:	aa1803e0 	mov	x0, x24
    40006a60:	97fff6b8 	bl	40004540 <ticket_lock_acquire>
    src_cap = cspace_lookup(src_cs, src_slot);
    40006a64:	2a1503e1 	mov	w1, w21
    40006a68:	aa1403e0 	mov	x0, x20
    40006a6c:	94000245 	bl	40007380 <cspace_lookup>
    40006a70:	aa0003e7 	mov	x7, x0
    if (src_cap == NULL)
    40006a74:	b4000080 	cbz	x0, 40006a84 <cap_copy+0x1a4>
    if (src_cap->state != CAP_STATE_VALID)
    40006a78:	b9400000 	ldr	w0, [x0]
    40006a7c:	7100041f 	cmp	w0, #0x1
    40006a80:	54fff820 	b.eq	40006984 <cap_copy+0xa4>  // b.none
        ticket_lock_release(&a->lock);
    40006a84:	aa1803e0 	mov	x0, x24
    40006a88:	97fff6d2 	bl	400045d0 <ticket_lock_release>
    40006a8c:	a94153f3 	ldp	x19, x20, [sp, #16]
        return -(int32_t)ENOENT;
    40006a90:	12800035 	mov	w21, #0xfffffffe            	// #-2
    40006a94:	a94363f7 	ldp	x23, x24, [sp, #48]
    40006a98:	17ffffd1 	b	400069dc <cap_copy+0xfc>
    40006a9c:	a94153f3 	ldp	x19, x20, [sp, #16]
        return -(int32_t)EINVAL;
    40006aa0:	128002b5 	mov	w21, #0xffffffea            	// #-22
    40006aa4:	17ffffce 	b	400069dc <cap_copy+0xfc>
    40006aa8:	a94153f3 	ldp	x19, x20, [sp, #16]
    40006aac:	128002b5 	mov	w21, #0xffffffea            	// #-22
    40006ab0:	a94363f7 	ldp	x23, x24, [sp, #48]
    40006ab4:	17ffffca 	b	400069dc <cap_copy+0xfc>
    else if ((uintptr_t)a < (uintptr_t)b)
    40006ab8:	eb13029f 	cmp	x20, x19
    40006abc:	54fffae3 	b.cc	40006a18 <cap_copy+0x138>  // b.lo, b.ul, b.last
        ticket_lock_release(&a->lock);
    40006ac0:	aa1803e0 	mov	x0, x24
    40006ac4:	97fff6c3 	bl	400045d0 <ticket_lock_release>
        ticket_lock_release(&b->lock);
    40006ac8:	aa1903e0 	mov	x0, x25
    40006acc:	97fff6c1 	bl	400045d0 <ticket_lock_release>
    40006ad0:	f94023f9 	ldr	x25, [sp, #64]
    40006ad4:	17ffffee 	b	40006a8c <cap_copy+0x1ac>
    if (a == b)
    40006ad8:	eb13029f 	cmp	x20, x19
    40006adc:	54000080 	b.eq	40006aec <cap_copy+0x20c>  // b.none
    else if ((uintptr_t)a < (uintptr_t)b)
    40006ae0:	54000122 	b.cs	40006b04 <cap_copy+0x224>  // b.hs, b.nlast
        ticket_lock_release(&b->lock);
    40006ae4:	9101e260 	add	x0, x19, #0x78
    40006ae8:	97fff6ba 	bl	400045d0 <ticket_lock_release>
        ticket_lock_release(&a->lock);
    40006aec:	aa1803e0 	mov	x0, x24
    40006af0:	97fff6b8 	bl	400045d0 <ticket_lock_release>
    40006af4:	a94153f3 	ldp	x19, x20, [sp, #16]
        return -(int32_t)EACCES;
    40006af8:	12800195 	mov	w21, #0xfffffff3            	// #-13
    40006afc:	a94363f7 	ldp	x23, x24, [sp, #48]
    40006b00:	17ffffb7 	b	400069dc <cap_copy+0xfc>
        ticket_lock_release(&a->lock);
    40006b04:	aa1803e0 	mov	x0, x24
    40006b08:	97fff6b2 	bl	400045d0 <ticket_lock_release>
        ticket_lock_release(&b->lock);
    40006b0c:	9101e260 	add	x0, x19, #0x78
    40006b10:	97fff6b0 	bl	400045d0 <ticket_lock_release>
    40006b14:	17fffff8 	b	40006af4 <cap_copy+0x214>
	...

0000000040006b20 <cap_move>:
 */
kernel_status_t cap_move(cap_slot_t src_cspace,
                          cap_slot_t src_slot,
                          cap_slot_t dest_cspace,
                          cap_slot_t dest_slot)
{
    40006b20:	a9bb7bfd 	stp	x29, x30, [sp, #-80]!
    cspace_t *dst_cs;
    cap_t *src_cap;
    cap_t *dst_cap;

    /* 参数检查 */
    if ((src_cspace == CAP_SLOT_INVALID) || (src_slot == CAP_SLOT_INVALID))
    40006b24:	3100041f 	cmn	w0, #0x1
    40006b28:	3a411824 	ccmn	w1, #0x1, #0x4, ne	// ne = any
{
    40006b2c:	910003fd 	mov	x29, sp
    40006b30:	a90363f7 	stp	x23, x24, [sp, #48]
    if ((src_cspace == CAP_SLOT_INVALID) || (src_slot == CAP_SLOT_INVALID))
    40006b34:	540012a0 	b.eq	40006d88 <cap_move+0x268>  // b.none
    {
        return -(int32_t)EINVAL;
    }

    if ((dest_cspace == CAP_SLOT_INVALID) || (dest_slot == CAP_SLOT_INVALID))
    40006b38:	a90153f3 	stp	x19, x20, [sp, #16]
    40006b3c:	3100045f 	cmn	w2, #0x1
    40006b40:	2a0203f3 	mov	w19, w2
    40006b44:	2a0303f4 	mov	w20, w3
    40006b48:	3a411864 	ccmn	w3, #0x1, #0x4, ne	// ne = any
    40006b4c:	540011c0 	b.eq	40006d84 <cap_move+0x264>  // b.none
    {
        return -(int32_t)EINVAL;
    }

    /* 解析 CSpace */
    src_cs = cspace_from_root(src_cspace);
    40006b50:	2a0103f7 	mov	w23, w1
    40006b54:	a9025bf5 	stp	x21, x22, [sp, #32]
    40006b58:	9400021a 	bl	400073c0 <cspace_from_root>
    40006b5c:	aa0003f6 	mov	x22, x0
    if (src_cs == NULL)
    40006b60:	b4001180 	cbz	x0, 40006d90 <cap_move+0x270>
    {
        return -(int32_t)EINVAL;
    }

    dst_cs = cspace_from_root(dest_cspace);
    40006b64:	2a1303e0 	mov	w0, w19
    40006b68:	94000216 	bl	400073c0 <cspace_from_root>
    40006b6c:	aa0003f5 	mov	x21, x0
    if (dst_cs == NULL)
    40006b70:	b4001100 	cbz	x0, 40006d90 <cap_move+0x270>
    if (a == b)
    40006b74:	f90023f9 	str	x25, [sp, #64]
    40006b78:	eb0002df 	cmp	x22, x0
    40006b7c:	54000ec0 	b.eq	40006d54 <cap_move+0x234>  // b.none
    else if ((uintptr_t)a < (uintptr_t)b)
    40006b80:	54000ac3 	b.cc	40006cd8 <cap_move+0x1b8>  // b.lo, b.ul, b.last
        ticket_lock_acquire(&b->lock);
    40006b84:	9101e019 	add	x25, x0, #0x78
        ticket_lock_acquire(&a->lock);
    40006b88:	9101e2d8 	add	x24, x22, #0x78
        ticket_lock_acquire(&b->lock);
    40006b8c:	aa1903e0 	mov	x0, x25
    40006b90:	97fff66c 	bl	40004540 <ticket_lock_acquire>
        ticket_lock_acquire(&a->lock);
    40006b94:	aa1803e0 	mov	x0, x24
    40006b98:	97fff66a 	bl	40004540 <ticket_lock_acquire>

    /* 按地址顺序获取双 CSpace 锁 */
    cap_lock_dual(src_cs, dst_cs);

    /* 查找源能力 */
    src_cap = cspace_lookup(src_cs, src_slot);
    40006b9c:	2a1703e1 	mov	w1, w23
    40006ba0:	aa1603e0 	mov	x0, x22
    40006ba4:	940001f7 	bl	40007380 <cspace_lookup>
    40006ba8:	aa0003f3 	mov	x19, x0
    if (src_cap == NULL)
    40006bac:	b4001160 	cbz	x0, 40006dd8 <cap_move+0x2b8>
        cap_unlock_dual(src_cs, dst_cs);
        return -(int32_t)ENOENT;
    }

    /* 验证源能力状态 */
    if (src_cap->state != CAP_STATE_VALID)
    40006bb0:	b9400260 	ldr	w0, [x19]
    40006bb4:	7100041f 	cmp	w0, #0x1
    40006bb8:	540010c1 	b.ne	40006dd0 <cap_move+0x2b0>  // b.any
        cap_unlock_dual(src_cs, dst_cs);
        return -(int32_t)ENOENT;
    }

    /* 检查 GRANT 权限 */
    if ((src_cap->rights & CAP_RIGHT_GRANT) == CAP_RIGHT_NONE)
    40006bbc:	39402264 	ldrb	w4, [x19, #8]
    40006bc0:	36180f04 	tbz	w4, #3, 40006da0 <cap_move+0x280>
        cap_unlock_dual(src_cs, dst_cs);
        return -(int32_t)EACCES;
    }

    /* 第一步：在目标 CSpace 中插入能力 */
    ret = cap_insert_locked(dst_cs,
    40006bc4:	79401665 	ldrh	w5, [x19, #10]
    40006bc8:	2a1403e1 	mov	w1, w20
    40006bcc:	b9400662 	ldr	w2, [x19, #4]
    40006bd0:	aa1503e0 	mov	x0, x21
    40006bd4:	29419a63 	ldp	w3, w6, [x19, #12]
    40006bd8:	97fffee6 	bl	40006770 <cap_insert_locked>
    40006bdc:	2a0003f7 	mov	w23, w0
                             src_cap->kobj_type,
                             src_cap->kobj_id,
                             src_cap->rights,
                             src_cap->badge,
                             src_cap->parent_slot);
    if (ret != KERNEL_OK)
    40006be0:	35000600 	cbnz	w0, 40006ca0 <cap_move+0x180>
        cap_unlock_dual(src_cs, dst_cs);
        return ret;
    }

    /* 获取目标能力（已持锁，直接访问） */
    dst_cap = &dst_cs->cap_table[dest_slot];
    40006be4:	f94022a0 	ldr	x0, [x21, #64]
    40006be8:	d37a7e81 	ubfiz	x1, x20, #6, #32
    if (head == NULL)
    {
        return 1;
    }

    return (head->next == head) ? 1 : 0;
    40006bec:	f9401262 	ldr	x2, [x19, #32]
    40006bf0:	8b010000 	add	x0, x0, x1

    /* 第二步：将源能力的子能力关系转移到目标能力 */
    if (list_empty(&src_cap->children) == 0)
    40006bf4:	91008279 	add	x25, x19, #0x20
    40006bf8:	91008003 	add	x3, x0, #0x20
    40006bfc:	eb02033f 	cmp	x25, x2
    40006c00:	54000100 	b.eq	40006c20 <cap_move+0x100>  // b.none

    struct list_head *first = list->next;
    struct list_head *last = list->prev;

    first->prev = head;
    head->next->prev = last;
    40006c04:	f9401004 	ldr	x4, [x0, #32]
    struct list_head *last = list->prev;
    40006c08:	f9401661 	ldr	x1, [x19, #40]
    first->prev = head;
    40006c0c:	f9000443 	str	x3, [x2, #8]
    head->next->prev = last;
    40006c10:	f9000481 	str	x1, [x4, #8]
    last->next = head->next;
    40006c14:	f9000024 	str	x4, [x1]
    head->next = first;
    40006c18:	f9001002 	str	x2, [x0, #32]
        ptr->prev = ptr;
    40006c1c:	a9026679 	stp	x25, x25, [x19, #32]
    /* 更新转移过来的子能力的 parent_slot */
    {
        struct list_head *pos;
        struct list_head *n;

        for (pos = dst_cap->children.next, n = pos->next;
    40006c20:	f9401001 	ldr	x1, [x0, #32]
    40006c24:	f9400022 	ldr	x2, [x1]
             pos != &dst_cap->children;
    40006c28:	eb03003f 	cmp	x1, x3
    40006c2c:	540000c0 	b.eq	40006c44 <cap_move+0x124>  // b.none
             pos = n, n = pos->next)
        {
            cap_t *child_cap = cap_from_sibling(pos);
            child_cap->parent_slot = dest_slot;
    40006c30:	b81e0034 	stur	w20, [x1, #-32]
             pos = n, n = pos->next)
    40006c34:	aa0203e1 	mov	x1, x2
    40006c38:	f9400042 	ldr	x2, [x2]
             pos != &dst_cap->children;
    40006c3c:	eb03003f 	cmp	x1, x3
    40006c40:	54ffff81 	b.ne	40006c30 <cap_move+0x110>  // b.any
        }
    }

    /* 第三步：从父能力的 children 链表移除源能力 */
    if (src_cap->parent_slot != CAP_SLOT_INVALID)
    40006c44:	b9401260 	ldr	w0, [x19, #16]
    40006c48:	9100c274 	add	x20, x19, #0x30
    40006c4c:	3100041f 	cmn	w0, #0x1
    40006c50:	54000120 	b.eq	40006c74 <cap_move+0x154>  // b.none
    __list_del(entry->prev, entry->next);
    40006c54:	a9430261 	ldp	x1, x0, [x19, #48]
    {
        list_del_init(&src_cap->sibling);
    40006c58:	9100c274 	add	x20, x19, #0x30
    if ((prev == NULL) || (next == NULL))
    40006c5c:	f100001f 	cmp	x0, #0x0
    40006c60:	fa401824 	ccmp	x1, #0x0, #0x4, ne	// ne = any
    40006c64:	54000060 	b.eq	40006c70 <cap_move+0x150>  // b.none
    next->prev = prev;
    40006c68:	f9000420 	str	x0, [x1, #8]
    prev->next = next;
    40006c6c:	f9000001 	str	x1, [x0]
        ptr->prev = ptr;
    40006c70:	a9035274 	stp	x20, x20, [x19, #48]
    }

    /* 清除源能力 */
    (void)memset(src_cap, 0, sizeof(cap_t));
    40006c74:	d2800802 	mov	x2, #0x40                  	// #64
    40006c78:	52800001 	mov	w1, #0x0                   	// #0
    40006c7c:	aa1303e0 	mov	x0, x19
    40006c80:	94000854 	bl	40008dd0 <kernel_memset>
    src_cap->state = CAP_STATE_FREE;
    40006c84:	b900027f 	str	wzr, [x19]
    src_cap->parent_slot = CAP_SLOT_INVALID;
    40006c88:	12800000 	mov	w0, #0xffffffff            	// #-1
    40006c8c:	b9001260 	str	w0, [x19, #16]
    40006c90:	a9026679 	stp	x25, x25, [x19, #32]
    40006c94:	a9035274 	stp	x20, x20, [x19, #48]
    INIT_LIST_HEAD(&src_cap->children);
    INIT_LIST_HEAD(&src_cap->sibling);

    /* 硬件内存屏障确保多核缓存一致性 */
    hal_dmb_ish();
    40006c98:	97ffed8e 	bl	400022d0 <hal_dmb_ish>
    /* 内存屏障确保所有变更可见 */
    barrier_store();
    40006c9c:	d5033abf 	dmb	ishst
    if (a == b)
    40006ca0:	eb1502df 	cmp	x22, x21
    40006ca4:	54000080 	b.eq	40006cb4 <cap_move+0x194>  // b.none
    else if ((uintptr_t)a < (uintptr_t)b)
    40006ca8:	54000402 	b.cs	40006d28 <cap_move+0x208>  // b.hs, b.nlast
        ticket_lock_release(&b->lock);
    40006cac:	9101e2a0 	add	x0, x21, #0x78
    40006cb0:	97fff648 	bl	400045d0 <ticket_lock_release>
        ticket_lock_release(&a->lock);
    40006cb4:	aa1803e0 	mov	x0, x24
    40006cb8:	97fff646 	bl	400045d0 <ticket_lock_release>
}
    40006cbc:	a94153f3 	ldp	x19, x20, [sp, #16]
    40006cc0:	a9425bf5 	ldp	x21, x22, [sp, #32]
    40006cc4:	f94023f9 	ldr	x25, [sp, #64]

    cap_unlock_dual(src_cs, dst_cs);

    return KERNEL_OK;
}
    40006cc8:	2a1703e0 	mov	w0, w23
    40006ccc:	a94363f7 	ldp	x23, x24, [sp, #48]
    40006cd0:	a8c57bfd 	ldp	x29, x30, [sp], #80
    40006cd4:	d65f03c0 	ret
        ticket_lock_acquire(&a->lock);
    40006cd8:	9101e2d8 	add	x24, x22, #0x78
        ticket_lock_acquire(&b->lock);
    40006cdc:	9101e2b9 	add	x25, x21, #0x78
        ticket_lock_acquire(&a->lock);
    40006ce0:	aa1803e0 	mov	x0, x24
    40006ce4:	97fff617 	bl	40004540 <ticket_lock_acquire>
        ticket_lock_acquire(&b->lock);
    40006ce8:	aa1903e0 	mov	x0, x25
    40006cec:	97fff615 	bl	40004540 <ticket_lock_acquire>
    src_cap = cspace_lookup(src_cs, src_slot);
    40006cf0:	2a1703e1 	mov	w1, w23
    40006cf4:	aa1603e0 	mov	x0, x22
    40006cf8:	940001a2 	bl	40007380 <cspace_lookup>
    40006cfc:	aa0003f3 	mov	x19, x0
    if (src_cap == NULL)
    40006d00:	b5fff580 	cbnz	x0, 40006bb0 <cap_move+0x90>
        ticket_lock_release(&b->lock);
    40006d04:	aa1903e0 	mov	x0, x25
    40006d08:	97fff632 	bl	400045d0 <ticket_lock_release>
        ticket_lock_release(&a->lock);
    40006d0c:	aa1803e0 	mov	x0, x24
    40006d10:	97fff630 	bl	400045d0 <ticket_lock_release>
    40006d14:	a94153f3 	ldp	x19, x20, [sp, #16]
        return -(int32_t)ENOENT;
    40006d18:	12800037 	mov	w23, #0xfffffffe            	// #-2
    40006d1c:	a9425bf5 	ldp	x21, x22, [sp, #32]
    40006d20:	f94023f9 	ldr	x25, [sp, #64]
    40006d24:	17ffffe9 	b	40006cc8 <cap_move+0x1a8>
        ticket_lock_release(&a->lock);
    40006d28:	aa1803e0 	mov	x0, x24
    40006d2c:	97fff629 	bl	400045d0 <ticket_lock_release>
        ticket_lock_release(&b->lock);
    40006d30:	9101e2a0 	add	x0, x21, #0x78
    40006d34:	97fff627 	bl	400045d0 <ticket_lock_release>
    40006d38:	a94153f3 	ldp	x19, x20, [sp, #16]
}
    40006d3c:	2a1703e0 	mov	w0, w23
    40006d40:	a9425bf5 	ldp	x21, x22, [sp, #32]
    40006d44:	a94363f7 	ldp	x23, x24, [sp, #48]
    40006d48:	f94023f9 	ldr	x25, [sp, #64]
    40006d4c:	a8c57bfd 	ldp	x29, x30, [sp], #80
    40006d50:	d65f03c0 	ret
        ticket_lock_acquire(&a->lock);
    40006d54:	9101e2d8 	add	x24, x22, #0x78
    40006d58:	aa1803e0 	mov	x0, x24
    40006d5c:	97fff5f9 	bl	40004540 <ticket_lock_acquire>
    src_cap = cspace_lookup(src_cs, src_slot);
    40006d60:	2a1703e1 	mov	w1, w23
    40006d64:	aa1603e0 	mov	x0, x22
    40006d68:	94000186 	bl	40007380 <cspace_lookup>
    40006d6c:	aa0003f3 	mov	x19, x0
    if (src_cap == NULL)
    40006d70:	b4fffce0 	cbz	x0, 40006d0c <cap_move+0x1ec>
    if (src_cap->state != CAP_STATE_VALID)
    40006d74:	b9400000 	ldr	w0, [x0]
    40006d78:	7100041f 	cmp	w0, #0x1
    40006d7c:	54fff200 	b.eq	40006bbc <cap_move+0x9c>  // b.none
    40006d80:	17ffffe3 	b	40006d0c <cap_move+0x1ec>
    40006d84:	a94153f3 	ldp	x19, x20, [sp, #16]
        return -(int32_t)EINVAL;
    40006d88:	128002b7 	mov	w23, #0xffffffea            	// #-22
    40006d8c:	17ffffcf 	b	40006cc8 <cap_move+0x1a8>
    40006d90:	a94153f3 	ldp	x19, x20, [sp, #16]
    40006d94:	128002b7 	mov	w23, #0xffffffea            	// #-22
    40006d98:	a9425bf5 	ldp	x21, x22, [sp, #32]
    40006d9c:	17ffffcb 	b	40006cc8 <cap_move+0x1a8>
    if (a == b)
    40006da0:	eb1502df 	cmp	x22, x21
    40006da4:	54000080 	b.eq	40006db4 <cap_move+0x294>  // b.none
    else if ((uintptr_t)a < (uintptr_t)b)
    40006da8:	54000222 	b.cs	40006dec <cap_move+0x2cc>  // b.hs, b.nlast
        ticket_lock_release(&b->lock);
    40006dac:	9101e2a0 	add	x0, x21, #0x78
    40006db0:	97fff608 	bl	400045d0 <ticket_lock_release>
        ticket_lock_release(&a->lock);
    40006db4:	aa1803e0 	mov	x0, x24
    40006db8:	97fff606 	bl	400045d0 <ticket_lock_release>
    40006dbc:	a94153f3 	ldp	x19, x20, [sp, #16]
        return -(int32_t)EACCES;
    40006dc0:	12800197 	mov	w23, #0xfffffff3            	// #-13
    40006dc4:	a9425bf5 	ldp	x21, x22, [sp, #32]
    40006dc8:	f94023f9 	ldr	x25, [sp, #64]
    40006dcc:	17ffffbf 	b	40006cc8 <cap_move+0x1a8>
    else if ((uintptr_t)a < (uintptr_t)b)
    40006dd0:	eb1502df 	cmp	x22, x21
    40006dd4:	54fff983 	b.cc	40006d04 <cap_move+0x1e4>  // b.lo, b.ul, b.last
        ticket_lock_release(&a->lock);
    40006dd8:	aa1803e0 	mov	x0, x24
    40006ddc:	97fff5fd 	bl	400045d0 <ticket_lock_release>
        ticket_lock_release(&b->lock);
    40006de0:	aa1903e0 	mov	x0, x25
    40006de4:	97fff5fb 	bl	400045d0 <ticket_lock_release>
    40006de8:	17ffffcb 	b	40006d14 <cap_move+0x1f4>
        ticket_lock_release(&a->lock);
    40006dec:	aa1803e0 	mov	x0, x24
    40006df0:	97fff5f8 	bl	400045d0 <ticket_lock_release>
        ticket_lock_release(&b->lock);
    40006df4:	9101e2a0 	add	x0, x21, #0x78
    40006df8:	97fff5f6 	bl	400045d0 <ticket_lock_release>
    40006dfc:	17fffff0 	b	40006dbc <cap_move+0x29c>

0000000040006e00 <cap_revoke>:
 * @return -ENOENT 能力不存在
 *
 * @note 对应需求: KR-015
 */
kernel_status_t cap_revoke(cap_slot_t cspace_root, cap_slot_t slot)
{
    40006e00:	d10943ff 	sub	sp, sp, #0x250
    cap_slot_t revoke_stack[REVOKE_STACK_SIZE];
    uint32_t stack_top;
    bool overflow;

    /* 参数检查 */
    if ((cspace_root == CAP_SLOT_INVALID) || (slot == CAP_SLOT_INVALID))
    40006e04:	3100041f 	cmn	w0, #0x1
{
    40006e08:	a9007bfd 	stp	x29, x30, [sp]
    40006e0c:	910003fd 	mov	x29, sp
    40006e10:	f90023f9 	str	x25, [sp, #64]
    40006e14:	2a0103f9 	mov	w25, w1
    if ((cspace_root == CAP_SLOT_INVALID) || (slot == CAP_SLOT_INVALID))
    40006e18:	1a9f17e1 	cset	w1, eq	// eq = none
    40006e1c:	3100073f 	cmn	w25, #0x1
{
    40006e20:	a90363f7 	stp	x23, x24, [sp, #48]
    if ((cspace_root == CAP_SLOT_INVALID) || (slot == CAP_SLOT_INVALID))
    40006e24:	1a9f17e2 	cset	w2, eq	// eq = none
    40006e28:	2a020037 	orr	w23, w1, w2
    40006e2c:	350009f7 	cbnz	w23, 40006f68 <cap_revoke+0x168>
    {
        return -(int32_t)EINVAL;
    }

    /* 解析 CSpace */
    cs = cspace_from_root(cspace_root);
    40006e30:	a90153f3 	stp	x19, x20, [sp, #16]
    40006e34:	94000163 	bl	400073c0 <cspace_from_root>
    40006e38:	aa0003f4 	mov	x20, x0
    if (cs == NULL)
    40006e3c:	b4000940 	cbz	x0, 40006f64 <cap_revoke+0x164>
    {
        return -(int32_t)EINVAL;
    }

    /* 获取 CSpace 锁，保护整个级联撤销过程 */
    ticket_lock_acquire(&cs->lock);
    40006e40:	9101e018 	add	x24, x0, #0x78
    40006e44:	aa1803e0 	mov	x0, x24
    40006e48:	97fff5be 	bl	40004540 <ticket_lock_acquire>

    /* 查找目标能力 */
    target_cap = cspace_lookup(cs, slot);
    40006e4c:	2a1903e1 	mov	w1, w25
    40006e50:	aa1403e0 	mov	x0, x20
    40006e54:	9400014b 	bl	40007380 <cspace_lookup>
    if (target_cap == NULL)
    40006e58:	b40008c0 	cbz	x0, 40006f70 <cap_revoke+0x170>
        ticket_lock_release(&cs->lock);
        return -(int32_t)ENOENT;
    }

    /* 验证状态 */
    if (target_cap->state != CAP_STATE_VALID)
    40006e5c:	b9400013 	ldr	w19, [x0]
    40006e60:	7100067f 	cmp	w19, #0x1
    40006e64:	54000861 	b.ne	40006f70 <cap_revoke+0x170>  // b.any
        ticket_lock_release(&cs->lock);
        return -(int32_t)ENOENT;
    }

    /* 检查 REVOKE 权限 */
    if ((target_cap->rights & CAP_RIGHT_REVOKE) == CAP_RIGHT_NONE)
    40006e68:	39402000 	ldrb	w0, [x0, #8]
    40006e6c:	362008c0 	tbz	w0, #4, 40006f84 <cap_revoke+0x184>
    }

    /* 初始化显式栈 */
    stack_top = 0U;
    overflow = false;
    revoke_stack[stack_top] = slot;
    40006e70:	a9025bf5 	stp	x21, x22, [sp, #32]
        cap_slot_t cur_slot;
        cap_t *cur_cap;

        /* 弹栈 */
        stack_top--;
        cur_slot = revoke_stack[stack_top];
    40006e74:	910143f5 	add	x21, sp, #0x50
                }
            }
        }

        /* 将当前能力状态设为已撤销 */
        cur_cap->state = CAP_STATE_REVOKED;
    40006e78:	52800056 	mov	w22, #0x2                   	// #2
    revoke_stack[stack_top] = slot;
    40006e7c:	b90053f9 	str	w25, [sp, #80]
    while (stack_top > 0U)
    40006e80:	34000533 	cbz	w19, 40006f24 <cap_revoke+0x124>
        stack_top--;
    40006e84:	51000673 	sub	w19, w19, #0x1
        cur_cap = cspace_lookup(cs, cur_slot);
    40006e88:	aa1403e0 	mov	x0, x20
        cur_slot = revoke_stack[stack_top];
    40006e8c:	d37e7e79 	ubfiz	x25, x19, #2, #32
        cur_cap = cspace_lookup(cs, cur_slot);
    40006e90:	b8735aa1 	ldr	w1, [x21, w19, uxtw #2]
    40006e94:	9400013b 	bl	40007380 <cspace_lookup>
        if (cur_cap == NULL)
    40006e98:	b4ffff40 	cbz	x0, 40006e80 <cap_revoke+0x80>
            for (pos = cur_cap->children.next, n = pos->next;
    40006e9c:	aa0003e5 	mov	x5, x0
    40006ea0:	f8420ca1 	ldr	x1, [x5, #32]!
    40006ea4:	f9400023 	ldr	x3, [x1]
                 pos != &cur_cap->children;
    40006ea8:	eb05003f 	cmp	x1, x5
    40006eac:	54000260 	b.eq	40006ef8 <cap_revoke+0xf8>  // b.none
    return container_of(node, cap_t, sibling);
    40006eb0:	d100c021 	sub	x1, x1, #0x30
                if (stack_top < REVOKE_STACK_SIZE)
    40006eb4:	7101fe7f 	cmp	w19, #0x7f
    40006eb8:	54000528 	b.hi	40006f5c <cap_revoke+0x15c>  // b.pmore
                                    &cs->cap_table[0U]);
    40006ebc:	f9402286 	ldr	x6, [x20, #64]
    40006ec0:	8b1902a2 	add	x2, x21, x25
    40006ec4:	14000005 	b	40006ed8 <cap_revoke+0xd8>
    return container_of(node, cap_t, sibling);
    40006ec8:	d100c081 	sub	x1, x4, #0x30
                if (stack_top < REVOKE_STACK_SIZE)
    40006ecc:	91001042 	add	x2, x2, #0x4
    40006ed0:	7102027f 	cmp	w19, #0x80
    40006ed4:	54000440 	b.eq	40006f5c <cap_revoke+0x15c>  // b.none
                        (cap_slot_t)(child_cap -
    40006ed8:	cb060021 	sub	x1, x1, x6
    40006edc:	aa0303e4 	mov	x4, x3
                 pos = n, n = pos->next)
    40006ee0:	f9400063 	ldr	x3, [x3]
                        (cap_slot_t)(child_cap -
    40006ee4:	9346fc21 	asr	x1, x1, #6
                    cap_slot_t child_idx =
    40006ee8:	b9000041 	str	w1, [x2]
                    stack_top++;
    40006eec:	11000673 	add	w19, w19, #0x1
                 pos != &cur_cap->children;
    40006ef0:	eb05009f 	cmp	x4, x5
    40006ef4:	54fffea1 	b.ne	40006ec8 <cap_revoke+0xc8>  // b.any
    __list_del(entry->prev, entry->next);
    40006ef8:	a9430803 	ldp	x3, x2, [x0, #48]
        cur_cap->state = CAP_STATE_REVOKED;
    40006efc:	aa0003e1 	mov	x1, x0
    40006f00:	b8030436 	str	w22, [x1], #48
    if ((prev == NULL) || (next == NULL))
    40006f04:	f100005f 	cmp	x2, #0x0
    40006f08:	fa401864 	ccmp	x3, #0x0, #0x4, ne	// ne = any
    40006f0c:	54000060 	b.eq	40006f18 <cap_revoke+0x118>  // b.none
    next->prev = prev;
    40006f10:	f9000462 	str	x2, [x3, #8]
    prev->next = next;
    40006f14:	f9000043 	str	x3, [x2]
        ptr->prev = ptr;
    40006f18:	a9021405 	stp	x5, x5, [x0, #32]
    40006f1c:	a9030401 	stp	x1, x1, [x0, #48]
    while (stack_top > 0U)
    40006f20:	35fffb33 	cbnz	w19, 40006e84 <cap_revoke+0x84>
        list_del_init(&cur_cap->sibling);
        INIT_LIST_HEAD(&cur_cap->children);
    }

    /* 硬件内存屏障确保多核缓存一致性 */
    hal_dmb_ish();
    40006f24:	97ffeceb 	bl	400022d0 <hal_dmb_ish>
    /* 内存屏障确保撤销状态对所有核可见 */
    barrier();
    40006f28:	d5033fbf 	dmb	sy

    ticket_lock_release(&cs->lock);
    40006f2c:	aa1803e0 	mov	x0, x24
    40006f30:	97fff5a8 	bl	400045d0 <ticket_lock_release>
    if (overflow)
    {
        return -(int32_t)ENOMEM;
    }

    return KERNEL_OK;
    40006f34:	a94153f3 	ldp	x19, x20, [sp, #16]
    40006f38:	710002ff 	cmp	w23, #0x0
    40006f3c:	a9425bf5 	ldp	x21, x22, [sp, #32]
    40006f40:	12800160 	mov	w0, #0xfffffff4            	// #-12
    40006f44:	1a9f1000 	csel	w0, w0, wzr, ne	// ne = any
}
    40006f48:	a9407bfd 	ldp	x29, x30, [sp]
    40006f4c:	a94363f7 	ldp	x23, x24, [sp, #48]
    40006f50:	f94023f9 	ldr	x25, [sp, #64]
    40006f54:	910943ff 	add	sp, sp, #0x250
    40006f58:	d65f03c0 	ret
                    overflow = true;
    40006f5c:	52800037 	mov	w23, #0x1                   	// #1
    40006f60:	17ffffe6 	b	40006ef8 <cap_revoke+0xf8>
    40006f64:	a94153f3 	ldp	x19, x20, [sp, #16]
        return -(int32_t)EINVAL;
    40006f68:	128002a0 	mov	w0, #0xffffffea            	// #-22
    40006f6c:	17fffff7 	b	40006f48 <cap_revoke+0x148>
        ticket_lock_release(&cs->lock);
    40006f70:	aa1803e0 	mov	x0, x24
    40006f74:	97fff597 	bl	400045d0 <ticket_lock_release>
        return -(int32_t)ENOENT;
    40006f78:	a94153f3 	ldp	x19, x20, [sp, #16]
        return -(int32_t)ENOENT;
    40006f7c:	12800020 	mov	w0, #0xfffffffe            	// #-2
    40006f80:	17fffff2 	b	40006f48 <cap_revoke+0x148>
        ticket_lock_release(&cs->lock);
    40006f84:	aa1803e0 	mov	x0, x24
    40006f88:	97fff592 	bl	400045d0 <ticket_lock_release>
        return -(int32_t)EACCES;
    40006f8c:	a94153f3 	ldp	x19, x20, [sp, #16]
    40006f90:	12800180 	mov	w0, #0xfffffff3            	// #-13
    40006f94:	17ffffed 	b	40006f48 <cap_revoke+0x148>
	...

0000000040006fa0 <cap_delete>:
{
    cspace_t *cs;
    cap_t *target_cap;

    /* 参数检查 */
    if ((cspace_root == CAP_SLOT_INVALID) || (slot == CAP_SLOT_INVALID))
    40006fa0:	3100041f 	cmn	w0, #0x1
    40006fa4:	3a411824 	ccmn	w1, #0x1, #0x4, ne	// ne = any
    40006fa8:	54000920 	b.eq	400070cc <cap_delete+0x12c>  // b.none
{
    40006fac:	a9bd7bfd 	stp	x29, x30, [sp, #-48]!
    40006fb0:	910003fd 	mov	x29, sp
    40006fb4:	a90153f3 	stp	x19, x20, [sp, #16]
    40006fb8:	2a0103f4 	mov	w20, w1
    {
        return -(int32_t)EINVAL;
    }

    /* 解析 CSpace */
    cs = cspace_from_root(cspace_root);
    40006fbc:	94000101 	bl	400073c0 <cspace_from_root>
    40006fc0:	aa0003f3 	mov	x19, x0
    if (cs == NULL)
    40006fc4:	b4000760 	cbz	x0, 400070b0 <cap_delete+0x110>
    {
        return -(int32_t)EINVAL;
    }

    /* 获取 CSpace 锁 */
    ticket_lock_acquire(&cs->lock);
    40006fc8:	a9025bf5 	stp	x21, x22, [sp, #32]
    40006fcc:	9101e015 	add	x21, x0, #0x78
    40006fd0:	aa1503e0 	mov	x0, x21
    40006fd4:	97fff55b 	bl	40004540 <ticket_lock_acquire>

    /* 查找目标能力 */
    target_cap = cspace_lookup(cs, slot);
    40006fd8:	aa1303e0 	mov	x0, x19
    40006fdc:	2a1403e1 	mov	w1, w20
    40006fe0:	940000e8 	bl	40007380 <cspace_lookup>
    40006fe4:	aa0003f3 	mov	x19, x0
    if (target_cap == NULL)
    40006fe8:	b4000680 	cbz	x0, 400070b8 <cap_delete+0x118>
        ticket_lock_release(&cs->lock);
        return -(int32_t)ENOENT;
    }

    /* 从父能力的 children 链表移除自身 */
    if (target_cap->parent_slot != CAP_SLOT_INVALID)
    40006fec:	9100c016 	add	x22, x0, #0x30
    40006ff0:	b9401000 	ldr	w0, [x0, #16]
    40006ff4:	3100041f 	cmn	w0, #0x1
    40006ff8:	540004c1 	b.ne	40007090 <cap_delete+0xf0>  // b.any
    /* 将所有子能力的 parent_slot 设为 CAP_SLOT_INVALID */
    {
        struct list_head *pos;
        struct list_head *n;

        for (pos = target_cap->children.next, n = pos->next;
    40006ffc:	aa1303f4 	mov	x20, x19
             pos != &target_cap->children;
             pos = n, n = pos->next)
        {
            cap_t *child_cap = cap_from_sibling(pos);
            child_cap->parent_slot = CAP_SLOT_INVALID;
    40007000:	12800000 	mov	w0, #0xffffffff            	// #-1
        for (pos = target_cap->children.next, n = pos->next;
    40007004:	f8420e81 	ldr	x1, [x20, #32]!
    40007008:	f9400022 	ldr	x2, [x1]
             pos != &target_cap->children;
    4000700c:	eb01029f 	cmp	x20, x1
    40007010:	540001c0 	b.eq	40007048 <cap_delete+0xa8>  // b.none
    40007014:	d503201f 	nop
    __list_del(entry->prev, entry->next);
    40007018:	f9400423 	ldr	x3, [x1, #8]
            child_cap->parent_slot = CAP_SLOT_INVALID;
    4000701c:	b81e0020 	stur	w0, [x1, #-32]
    if ((prev == NULL) || (next == NULL))
    40007020:	f100007f 	cmp	x3, #0x0
    40007024:	fa401844 	ccmp	x2, #0x0, #0x4, ne	// ne = any
    40007028:	54000060 	b.eq	40007034 <cap_delete+0x94>  // b.none
    next->prev = prev;
    4000702c:	f9000443 	str	x3, [x2, #8]
    prev->next = next;
    40007030:	f9000062 	str	x2, [x3]
        ptr->prev = ptr;
    40007034:	a9000421 	stp	x1, x1, [x1]
             pos = n, n = pos->next)
    40007038:	aa0203e1 	mov	x1, x2
    4000703c:	f9400042 	ldr	x2, [x2]
             pos != &target_cap->children;
    40007040:	eb01029f 	cmp	x20, x1
    40007044:	54fffea1 	b.ne	40007018 <cap_delete+0x78>  // b.any
            list_del_init(&child_cap->sibling);
        }
    }

    /* 清除能力状态 */
    (void)memset(target_cap, 0, sizeof(cap_t));
    40007048:	d2800802 	mov	x2, #0x40                  	// #64
    4000704c:	52800001 	mov	w1, #0x0                   	// #0
    40007050:	aa1303e0 	mov	x0, x19
    40007054:	9400075f 	bl	40008dd0 <kernel_memset>
    target_cap->state = CAP_STATE_FREE;
    target_cap->parent_slot = CAP_SLOT_INVALID;
    40007058:	12800000 	mov	w0, #0xffffffff            	// #-1
    target_cap->state = CAP_STATE_FREE;
    4000705c:	b900027f 	str	wzr, [x19]
    target_cap->parent_slot = CAP_SLOT_INVALID;
    40007060:	b9001260 	str	w0, [x19, #16]
    40007064:	a9025274 	stp	x20, x20, [x19, #32]
    40007068:	a9035a76 	stp	x22, x22, [x19, #48]
    INIT_LIST_HEAD(&target_cap->children);
    INIT_LIST_HEAD(&target_cap->sibling);

    /* 硬件内存屏障确保多核缓存一致性 */
    hal_dmb_ish();
    4000706c:	97ffec99 	bl	400022d0 <hal_dmb_ish>
    /* 内存屏障确保清除操作对所有核可见 */
    barrier_store();
    40007070:	d5033abf 	dmb	ishst

    ticket_lock_release(&cs->lock);
    40007074:	aa1503e0 	mov	x0, x21
    40007078:	97fff556 	bl	400045d0 <ticket_lock_release>

    return KERNEL_OK;
    4000707c:	a9425bf5 	ldp	x21, x22, [sp, #32]
    40007080:	52800000 	mov	w0, #0x0                   	// #0
}
    40007084:	a94153f3 	ldp	x19, x20, [sp, #16]
    40007088:	a8c37bfd 	ldp	x29, x30, [sp], #48
    4000708c:	d65f03c0 	ret
    __list_del(entry->prev, entry->next);
    40007090:	a9430261 	ldp	x1, x0, [x19, #48]
    if ((prev == NULL) || (next == NULL))
    40007094:	f100001f 	cmp	x0, #0x0
    40007098:	fa401824 	ccmp	x1, #0x0, #0x4, ne	// ne = any
    4000709c:	54000060 	b.eq	400070a8 <cap_delete+0x108>  // b.none
    next->prev = prev;
    400070a0:	f9000420 	str	x0, [x1, #8]
    prev->next = next;
    400070a4:	f9000001 	str	x1, [x0]
        ptr->prev = ptr;
    400070a8:	a9035a76 	stp	x22, x22, [x19, #48]
}
    400070ac:	17ffffd4 	b	40006ffc <cap_delete+0x5c>
        return -(int32_t)EINVAL;
    400070b0:	128002a0 	mov	w0, #0xffffffea            	// #-22
    400070b4:	17fffff4 	b	40007084 <cap_delete+0xe4>
        ticket_lock_release(&cs->lock);
    400070b8:	aa1503e0 	mov	x0, x21
    400070bc:	97fff545 	bl	400045d0 <ticket_lock_release>
        return -(int32_t)ENOENT;
    400070c0:	a9425bf5 	ldp	x21, x22, [sp, #32]
    400070c4:	12800020 	mov	w0, #0xfffffffe            	// #-2
    400070c8:	17ffffef 	b	40007084 <cap_delete+0xe4>
        return -(int32_t)EINVAL;
    400070cc:	128002a0 	mov	w0, #0xffffffea            	// #-22
}
    400070d0:	d65f03c0 	ret
	...

00000000400070e0 <cspace_create>:
 *
 * @details 从静态池分配 CSpace，初始化能力表，
 *          在 slot 0 创建根能力（指向自身，全部权限）。
 */
kernel_status_t cspace_create(uint32_t capacity, cspace_t **out_cspace)
{
    400070e0:	a9b97bfd 	stp	x29, x30, [sp, #-112]!
    400070e4:	910003fd 	mov	x29, sp
    400070e8:	a9046bf9 	stp	x25, x26, [sp, #64]
    400070ec:	2a0003fa 	mov	w26, w0
    400070f0:	f90037e1 	str	x1, [sp, #104]
    kernel_status_t ret;
    cspace_t *cspace = NULL;
    kobj_id_t new_id;

    /* 参数校验 */
    if (out_cspace == NULL)
    400070f4:	b4001321 	cbz	x1, 40007358 <cspace_create+0x278>
    {
        return -(int32_t)EINVAL;
    }

    if ((capacity == 0U) || (capacity > (uint32_t)CSPACE_MAX_CAPACITY))
    400070f8:	51000400 	sub	w0, w0, #0x1
    400070fc:	7103fc1f 	cmp	w0, #0xff
    40007100:	540012c8 	b.hi	40007358 <cspace_create+0x278>  // b.pmore
    {
        return -(int32_t)EINVAL;
    }

    /* 获取子系统锁 */
    ticket_lock_acquire(&s_subsys_lock);
    40007104:	a90153f3 	stp	x19, x20, [sp, #16]
    40007108:	90000213 	adrp	x19, 40047000 <s_hash_nodes+0x1e8>
    4000710c:	91088273 	add	x19, x19, #0x220
    40007110:	aa1303e0 	mov	x0, x19
    40007114:	97fff50b 	bl	40004540 <ticket_lock_acquire>
    if (out_cspace == NULL)
    {
        return -(int32_t)EINVAL;
    }

    if (s_cspace_free_count == 0U)
    40007118:	90000602 	adrp	x2, 400c7000 <__kernel_base+0x47000>
    4000711c:	b9423041 	ldr	w1, [x2, #560]
    40007120:	34001201 	cbz	w1, 40007360 <cspace_create+0x280>
    {
        return -(int32_t)ENOMEM;
    }

    /* 从栈顶弹出一个空闲索引 */
    s_cspace_free_count--;
    40007124:	51000421 	sub	w1, w1, #0x1
    idx = s_cspace_free_stack[s_cspace_free_count];
    40007128:	90000600 	adrp	x0, 400c7000 <__kernel_base+0x47000>
    4000712c:	9108e000 	add	x0, x0, #0x238
    new_id = s_cspace_id_counter;
    40007130:	90000203 	adrp	x3, 40047000 <s_hash_nodes+0x1e8>
    40007134:	a90573fb 	stp	x27, x28, [sp, #80]

    *out_cspace = &s_cspace_pool[idx];
    40007138:	90000619 	adrp	x25, 400c7000 <__kernel_base+0x47000>
    4000713c:	910ae334 	add	x20, x25, #0x2b8
    idx = s_cspace_free_stack[s_cspace_free_count];
    40007140:	b861581c 	ldr	w28, [x0, w1, uxtw #2]
    ticket_lock_release(&s_subsys_lock);
    40007144:	aa1303e0 	mov	x0, x19
    40007148:	a9025bf5 	stp	x21, x22, [sp, #32]
    4000714c:	52801116 	mov	w22, #0x88                  	// #136
    new_id = s_cspace_id_counter;
    40007150:	b9421875 	ldr	w21, [x3, #536]
    s_cspace_free_count--;
    40007154:	b9023041 	str	w1, [x2, #560]
    s_cspace_id_counter++;
    40007158:	110006a1 	add	w1, w21, #0x1
    4000715c:	9bb67f96 	umull	x22, w28, w22
    40007160:	b9021861 	str	w1, [x3, #536]
    40007164:	a90363f7 	stp	x23, x24, [sp, #48]
    *out_cspace = &s_cspace_pool[idx];
    40007168:	8b1402d8 	add	x24, x22, x20
    ticket_lock_release(&s_subsys_lock);
    4000716c:	97fff519 	bl	400045d0 <ticket_lock_release>
    kobj_header_init(&cspace->header, KOBJ_CSPACE, new_id, KOBJ_ID_INVALID);
    40007170:	2a1503e2 	mov	w2, w21
    40007174:	aa1803e0 	mov	x0, x24
    40007178:	52800003 	mov	w3, #0x0                   	// #0
    4000717c:	52800061 	mov	w1, #0x3                   	// #3
    40007180:	940000b4 	bl	40007450 <kobj_header_init>
        pool_idx = (uint32_t)(cspace - &s_cspace_pool[0U]);
    40007184:	9343fedb 	asr	x27, x22, #3
    40007188:	b204cfe0 	mov	x0, #0xf0f0f0f0f0f0f0f0    	// #-1085102592571150096
    cspace->capacity = capacity;
    4000718c:	2a1c03f7 	mov	w23, w28
        pool_idx = (uint32_t)(cspace - &s_cspace_pool[0U]);
    40007190:	f29e1e20 	movk	x0, #0xf0f1
    cspace->capacity = capacity;
    40007194:	8b3c52fc 	add	x28, x23, w28, uxtw #4
    INIT_LIST_HEAD(&cspace->child_cspaces);
    40007198:	910162c3 	add	x3, x22, #0x58
    INIT_LIST_HEAD(&cspace->cspace_node);
    4000719c:	9101a2c2 	add	x2, x22, #0x68
        pool_idx = (uint32_t)(cspace - &s_cspace_pool[0U]);
    400071a0:	9b007f7b 	mul	x27, x27, x0
    cspace->capacity = capacity;
    400071a4:	8b1c0e93 	add	x19, x20, x28, lsl #3
        cspace->cap_table = &s_cap_table_pool[pool_idx][0U];
    400071a8:	90000204 	adrp	x4, 40047000 <s_hash_nodes+0x1e8>
    400071ac:	9108c084 	add	x4, x4, #0x230
    ticket_lock_init(&cspace->lock);
    400071b0:	9101e2c1 	add	x1, x22, #0x78
    INIT_LIST_HEAD(&cspace->child_cspaces);
    400071b4:	8b140063 	add	x3, x3, x20
        cspace->cap_table = &s_cap_table_pool[pool_idx][0U];
    400071b8:	d3727f60 	ubfiz	x0, x27, #14, #32
    INIT_LIST_HEAD(&cspace->cspace_node);
    400071bc:	8b140042 	add	x2, x2, x20
        cspace->cap_table = &s_cap_table_pool[pool_idx][0U];
    400071c0:	8b040000 	add	x0, x0, x4
    cspace->root_slot = CAP_SLOT_INVALID;
    400071c4:	92800006 	mov	x6, #0xffffffffffffffff    	// #-1
        cspace->cap_table = &s_cap_table_pool[pool_idx][0U];
    400071c8:	f9002260 	str	x0, [x19, #64]
    ticket_lock_init(&cspace->lock);
    400071cc:	8b010280 	add	x0, x20, x1
    cspace->used_count = 0U;
    400071d0:	29097e7a 	stp	w26, wzr, [x19, #72]
    400071d4:	92407f76 	and	x22, x27, #0xffffffff
    cspace->root_slot = CAP_SLOT_INVALID;
    400071d8:	f9002a66 	str	x6, [x19, #80]
        ptr->prev = ptr;
    400071dc:	a9058f03 	stp	x3, x3, [x24, #88]
    400071e0:	a9068b02 	stp	x2, x2, [x24, #104]
    ticket_lock_init(&cspace->lock);
    400071e4:	97fff4cf 	bl	40004520 <ticket_lock_init>
{
    uint32_t i;
    cap_t *cap;

    /* 清零整个能力表 */
    (void)memset(cspace->cap_table, 0, sizeof(cap_t) * cspace->capacity);
    400071e8:	f9402260 	ldr	x0, [x19, #64]
    400071ec:	52800001 	mov	w1, #0x0                   	// #0
    400071f0:	b9404a62 	ldr	w2, [x19, #72]
    400071f4:	d37ae442 	lsl	x2, x2, #6
    400071f8:	940006f6 	bl	40008dd0 <kernel_memset>

    /* 将所有 cap_t 初始化为空闲状态 */
    for (i = 0U; i < cspace->capacity; i++)
    400071fc:	b9404a60 	ldr	w0, [x19, #72]
    40007200:	d2800002 	mov	x2, #0x0                   	// #0
    40007204:	34000a40 	cbz	w0, 4000734c <cspace_create+0x26c>
    {
        cap = &cspace->cap_table[i];
    40007208:	f9402261 	ldr	x1, [x19, #64]
    4000720c:	d37ae443 	lsl	x3, x2, #6
    for (i = 0U; i < cspace->capacity; i++)
    40007210:	91000442 	add	x2, x2, #0x1
        cap = &cspace->cap_table[i];
    40007214:	8b030020 	add	x0, x1, x3
        cap->state = CAP_STATE_FREE;
    40007218:	b823683f 	str	wzr, [x1, x3]
        INIT_LIST_HEAD(&cap->children);
    4000721c:	91008004 	add	x4, x0, #0x20
        INIT_LIST_HEAD(&cap->sibling);
    40007220:	9100c003 	add	x3, x0, #0x30
    40007224:	a9021004 	stp	x4, x4, [x0, #32]
    40007228:	a9030c03 	stp	x3, x3, [x0, #48]
    for (i = 0U; i < cspace->capacity; i++)
    4000722c:	b9404a61 	ldr	w1, [x19, #72]
    40007230:	6b02003f 	cmp	w1, w2
    40007234:	54fffea8 	b.hi	40007208 <cspace_create+0x128>  // b.pmore
    /* 构建空闲链表（slot 1 ~ capacity-1）：
     * 使用 sibling.next 指向下一个空闲 cap_t 的地址。
     * free_head 指向第一个空闲 slot（slot 1）。 */
    for (i = 1U; i < cspace->capacity; i++)
    {
        cap = &cspace->cap_table[i];
    40007238:	8b1c0e9c 	add	x28, x20, x28, lsl #3
    4000723c:	f9402382 	ldr	x2, [x28, #64]
    for (i = 1U; i < cspace->capacity; i++)
    40007240:	7100043f 	cmp	w1, #0x1
    40007244:	54000869 	b.ls	40007350 <cspace_create+0x270>  // b.plast

        if (i + 1U < cspace->capacity)
    40007248:	7100083f 	cmp	w1, #0x2
    4000724c:	54000160 	b.eq	40007278 <cspace_create+0x198>  // b.none
    40007250:	51000c23 	sub	w3, w1, #0x3
    40007254:	91030044 	add	x4, x2, #0xc0
    40007258:	52800805 	mov	w5, #0x40                  	// #64
    4000725c:	91020040 	add	x0, x2, #0x80
    40007260:	9ba51063 	umaddl	x3, w3, w5, x4
    40007264:	d503201f 	nop
        {
            cap->sibling.next = (struct list_head *)&cspace->cap_table[i + 1U];
    40007268:	f81f0000 	stur	x0, [x0, #-16]
        if (i + 1U < cspace->capacity)
    4000726c:	91010000 	add	x0, x0, #0x40
    40007270:	eb03001f 	cmp	x0, x3
    40007274:	54ffffa1 	b.ne	40007268 <cspace_create+0x188>  // b.any
    40007278:	51000421 	sub	w1, w1, #0x1
    }

    /* 设置空闲链表头（slot 1，因为 slot 0 保留给根能力） */
    if (cspace->capacity > 1U)
    {
        cspace->free_head = 1U;
    4000727c:	52800023 	mov	w3, #0x1                   	// #1
    40007280:	8b011841 	add	x1, x2, x1, lsl #6
    40007284:	f900183f 	str	xzr, [x1, #48]
    if (cspace->capacity > 1U)
    40007288:	8b1712f7 	add	x23, x23, x23, lsl #4
    4000728c:	910ae339 	add	x25, x25, #0x2b8
    }

    root_cap = &cspace->cap_table[0U];

    /* 填充根能力字段 */
    root_cap->state = CAP_STATE_VALID;
    40007290:	d2800027 	mov	x7, #0x1                   	// #1
    root_cap->kobj_type = KOBJ_CSPACE;
    /* 使用 KOBJ_CSPACE 权限矩阵的 allowed_rights（不含 EXECUTE） */
    root_cap->rights = (uint8_t)(CAP_RIGHT_READ | CAP_RIGHT_WRITE | CAP_RIGHT_GRANT | CAP_RIGHT_REVOKE);
    40007294:	52800366 	mov	w6, #0x1b                  	// #27
    40007298:	8b170f37 	add	x23, x25, x23, lsl #3
    root_cap->state = CAP_STATE_VALID;
    4000729c:	f2c00067 	movk	x7, #0x3, lsl #32
    root_cap->parent_slot = CAP_SLOT_INVALID;
    root_cap->cspace_root = 0U; /* 根能力的 cspace_root 指向自身 slot 0 */
    root_cap->derive_depth = 0U; /* 根能力派生深度为 0 */

    /* 初始化子能力链表 */
    INIT_LIST_HEAD(&root_cap->children);
    400072a0:	91008041 	add	x1, x2, #0x20
    INIT_LIST_HEAD(&root_cap->sibling);
    400072a4:	9100c040 	add	x0, x2, #0x30
    root_cap->parent_slot = CAP_SLOT_INVALID;
    400072a8:	b2407fe5 	mov	x5, #0xffffffff            	// #4294967295

    /* 记录根能力所在 slot */
    cspace->root_slot = 0U;

    /* 更新使用计数 */
    cspace->used_count = 1U;
    400072ac:	d2800024 	mov	x4, #0x1                   	// #1
    400072b0:	b90056e3 	str	w3, [x23, #84]
    root_cap->state = CAP_STATE_VALID;
    400072b4:	f9000047 	str	x7, [x2]
    root_cap->rights = (uint8_t)(CAP_RIGHT_READ | CAP_RIGHT_WRITE | CAP_RIGHT_GRANT | CAP_RIGHT_REVOKE);
    400072b8:	39002046 	strb	w6, [x2, #8]
    root_cap->badge = 0U;
    400072bc:	7900145f 	strh	wzr, [x2, #10]
    root_cap->kobj_id = cspace->header.id;
    400072c0:	b94006e3 	ldr	w3, [x23, #4]
    400072c4:	b9000c43 	str	w3, [x2, #12]
    root_cap->parent_slot = CAP_SLOT_INVALID;
    400072c8:	f9000845 	str	x5, [x2, #16]
    root_cap->derive_depth = 0U; /* 根能力派生深度为 0 */
    400072cc:	3900605f 	strb	wzr, [x2, #24]
    400072d0:	a9020441 	stp	x1, x1, [x2, #32]
    400072d4:	a9030040 	stp	x0, x0, [x2, #48]
    cspace->used_count = 1U;
    400072d8:	f804c2e4 	stur	x4, [x23, #76]
    if (idx >= (uint32_t)CONFIG_MAX_CSPACES)
    400072dc:	71007f7f 	cmp	w27, #0x1f
    400072e0:	54000208 	b.hi	40007320 <cspace_create+0x240>  // b.pmore
    node->key   = id;
    400072e4:	d37f7f60 	ubfiz	x0, x27, #1, #32
    node->next = s_cspace_hash[bucket];
    400072e8:	924012a4 	and	x4, x21, #0x1f
    node->key   = id;
    400072ec:	8b3b4000 	add	x0, x0, w27, uxtw
    400072f0:	f00001e1 	adrp	x1, 40046000 <s_notifications+0x9e8>
    node->next = s_cspace_hash[bucket];
    400072f4:	90000202 	adrp	x2, 40047000 <s_hash_nodes+0x1e8>
    node->key   = id;
    400072f8:	91386021 	add	x1, x1, #0xe18
    400072fc:	d37df000 	lsl	x0, x0, #3
    node->next = s_cspace_hash[bucket];
    40007300:	91046042 	add	x2, x2, #0x118
    node->value = cspace;
    40007304:	8b000023 	add	x3, x1, x0
    node = &s_hash_nodes[idx];
    40007308:	8b1606d6 	add	x22, x22, x22, lsl #1
    node->next = s_cspace_hash[bucket];
    4000730c:	f8647845 	ldr	x5, [x2, x4, lsl #3]
    node = &s_hash_nodes[idx];
    40007310:	8b160c36 	add	x22, x1, x22, lsl #3
    node->key   = id;
    40007314:	b8206835 	str	w21, [x1, x0]
    s_cspace_hash[bucket] = node;
    40007318:	f8247856 	str	x22, [x2, x4, lsl #3]
    node->next = s_cspace_hash[bucket];
    4000731c:	a9009478 	stp	x24, x5, [x3, #8]
    barrier_store();
    40007320:	d5033abf 	dmb	ishst
    *out_cspace = cspace;
    40007324:	f94037e1 	ldr	x1, [sp, #104]
    return KERNEL_OK;
    40007328:	52800000 	mov	w0, #0x0                   	// #0
    4000732c:	a94153f3 	ldp	x19, x20, [sp, #16]
    40007330:	a9425bf5 	ldp	x21, x22, [sp, #32]
    40007334:	a94573fb 	ldp	x27, x28, [sp, #80]
    *out_cspace = cspace;
    40007338:	f9000038 	str	x24, [x1]
    return KERNEL_OK;
    4000733c:	a94363f7 	ldp	x23, x24, [sp, #48]
}
    40007340:	a9446bf9 	ldp	x25, x26, [sp, #64]
    40007344:	a8c77bfd 	ldp	x29, x30, [sp], #112
    40007348:	d65f03c0 	ret
    root_cap = &cspace->cap_table[0U];
    4000734c:	f9402262 	ldr	x2, [x19, #64]
        cspace->free_head = CAP_SLOT_INVALID;
    40007350:	12800003 	mov	w3, #0xffffffff            	// #-1
    40007354:	17ffffcd 	b	40007288 <cspace_create+0x1a8>
        return -(int32_t)EINVAL;
    40007358:	128002a0 	mov	w0, #0xffffffea            	// #-22
    4000735c:	17fffff9 	b	40007340 <cspace_create+0x260>
        ticket_lock_release(&s_subsys_lock);
    40007360:	aa1303e0 	mov	x0, x19
    40007364:	97fff49b 	bl	400045d0 <ticket_lock_release>
        return ret;
    40007368:	a94153f3 	ldp	x19, x20, [sp, #16]
    4000736c:	12800160 	mov	w0, #0xfffffff4            	// #-12
    40007370:	17fffff4 	b	40007340 <cspace_create+0x260>
	...

0000000040007380 <cspace_lookup>:
    if (cspace == NULL)
    40007380:	b4000160 	cbz	x0, 400073ac <cspace_lookup+0x2c>
    if (slot >= cspace->capacity)
    40007384:	b9404802 	ldr	w2, [x0, #72]
    40007388:	6b01005f 	cmp	w2, w1
    4000738c:	54000109 	b.ls	400073ac <cspace_lookup+0x2c>  // b.plast
    cap = &cspace->cap_table[slot];
    40007390:	f9402002 	ldr	x2, [x0, #64]
    40007394:	d37a7c21 	ubfiz	x1, x1, #6, #32
        return NULL;
    40007398:	8b010040 	add	x0, x2, x1
    if (cap->state != CAP_STATE_VALID)
    4000739c:	b8616841 	ldr	w1, [x2, x1]
        return NULL;
    400073a0:	7100043f 	cmp	w1, #0x1
    400073a4:	9a9f0000 	csel	x0, x0, xzr, eq	// eq = none
}
    400073a8:	d65f03c0 	ret
        return NULL;
    400073ac:	d2800000 	mov	x0, #0x0                   	// #0
}
    400073b0:	d65f03c0 	ret
	...

00000000400073c0 <cspace_from_root>:
    node = s_cspace_hash[bucket];
    400073c0:	92401002 	and	x2, x0, #0x1f
    400073c4:	90000201 	adrp	x1, 40047000 <s_hash_nodes+0x1e8>
    400073c8:	91046021 	add	x1, x1, #0x118
    400073cc:	f8627821 	ldr	x1, [x1, x2, lsl #3]
    while (node != NULL)
    400073d0:	b5000081 	cbnz	x1, 400073e0 <cspace_from_root+0x20>
    400073d4:	14000008 	b	400073f4 <cspace_from_root+0x34>
        node = node->next;
    400073d8:	f9400821 	ldr	x1, [x1, #16]
    while (node != NULL)
    400073dc:	b40000c1 	cbz	x1, 400073f4 <cspace_from_root+0x34>
        if (node->key == (kobj_id_t)cspace_root)
    400073e0:	b9400022 	ldr	w2, [x1]
    400073e4:	6b00005f 	cmp	w2, w0
    400073e8:	54ffff81 	b.ne	400073d8 <cspace_from_root+0x18>  // b.any
            return node->value;
    400073ec:	f9400420 	ldr	x0, [x1, #8]
}
    400073f0:	d65f03c0 	ret
    400073f4:	90000604 	adrp	x4, 400c7000 <__kernel_base+0x47000>
{
    400073f8:	52800002 	mov	w2, #0x0                   	// #0
    400073fc:	910ae081 	add	x1, x4, #0x2b8
    40007400:	14000005 	b	40007414 <cspace_from_root+0x54>
    for (i = 0U; i < (uint32_t)CONFIG_MAX_CSPACES; i++)
    40007404:	11000442 	add	w2, w2, #0x1
    40007408:	91022021 	add	x1, x1, #0x88
    4000740c:	7100805f 	cmp	w2, #0x20
    40007410:	540001a0 	b.eq	40007444 <cspace_from_root+0x84>  // b.none
        if ((cspace->header.type == KOBJ_CSPACE) &&
    40007414:	b9400023 	ldr	w3, [x1]
    40007418:	71000c7f 	cmp	w3, #0x3
    4000741c:	54ffff41 	b.ne	40007404 <cspace_from_root+0x44>  // b.any
    40007420:	b9400423 	ldr	w3, [x1, #4]
    40007424:	34ffff03 	cbz	w3, 40007404 <cspace_from_root+0x44>
            (cspace->header.id != KOBJ_ID_INVALID) &&
    40007428:	b9405023 	ldr	w3, [x1, #80]
    4000742c:	6b00007f 	cmp	w3, w0
    40007430:	54fffea1 	b.ne	40007404 <cspace_from_root+0x44>  // b.any
        cspace = &s_cspace_pool[i];
    40007434:	910ae084 	add	x4, x4, #0x2b8
    40007438:	52801100 	mov	w0, #0x88                  	// #136
    4000743c:	9ba01040 	umaddl	x0, w2, w0, x4
}
    40007440:	d65f03c0 	ret
    return NULL;
    40007444:	d2800000 	mov	x0, #0x0                   	// #0
}
    40007448:	d65f03c0 	ret
    4000744c:	00000000 	udf	#0

0000000040007450 <kobj_header_init>:
void kobj_header_init(KObjHeader_t *obj,
                       kobj_type_t type,
                       kobj_id_t id,
                       kobj_id_t parent_id)
{
    if (obj == NULL)
    40007450:	b4000360 	cbz	x0, 400074bc <kobj_header_init+0x6c>
{
    40007454:	a9bd7bfd 	stp	x29, x30, [sp, #-48]!
    40007458:	910003fd 	mov	x29, sp
    4000745c:	a90153f3 	stp	x19, x20, [sp, #16]
    40007460:	aa0003f3 	mov	x19, x0
    {
        return;
    }

    /* 清零整个对象区域 */
    (void)memset(obj, 0, sizeof(KObjHeader_t));
    40007464:	2a0303f4 	mov	w20, w3
{
    40007468:	a9025bf5 	stp	x21, x22, [sp, #32]
    4000746c:	2a0103f6 	mov	w22, w1
    40007470:	2a0203f5 	mov	w21, w2
    (void)memset(obj, 0, sizeof(KObjHeader_t));
    40007474:	52800001 	mov	w1, #0x0                   	// #0
    40007478:	d2800802 	mov	x2, #0x40                  	// #64
    4000747c:	94000655 	bl	40008dd0 <kernel_memset>

    /* 设置基本属性 */
    obj->type       = type;
    obj->id         = id;
    40007480:	29005676 	stp	w22, w21, [x19]
    obj->ref_count  = 1;
    obj->parent_id  = parent_id;

    /* 初始化链表节点 */
    INIT_LIST_HEAD(&obj->children);
    40007484:	91004262 	add	x2, x19, #0x10
    INIT_LIST_HEAD(&obj->sibling);
    40007488:	91008261 	add	x1, x19, #0x20
    INIT_LIST_HEAD(&obj->global_node);
    4000748c:	9100c260 	add	x0, x19, #0x30
    obj->ref_count  = 1;
    40007490:	52800023 	mov	w3, #0x1                   	// #1
    40007494:	b9000a63 	str	w3, [x19, #8]
    obj->parent_id  = parent_id;
    40007498:	b9000e74 	str	w20, [x19, #12]
    4000749c:	a9010a62 	stp	x2, x2, [x19, #16]
    400074a0:	a9020661 	stp	x1, x1, [x19, #32]
    400074a4:	a9030260 	stp	x0, x0, [x19, #48]

    /* 内存屏障确保所有写入对其他核可见 */
    barrier();
    400074a8:	d5033fbf 	dmb	sy
}
    400074ac:	a94153f3 	ldp	x19, x20, [sp, #16]
    400074b0:	a9425bf5 	ldp	x21, x22, [sp, #32]
    400074b4:	a8c37bfd 	ldp	x29, x30, [sp], #48
    400074b8:	d65f03c0 	ret
    400074bc:	d65f03c0 	ret

00000000400074c0 <interrupt_subsys_init>:
 * @return KERNEL_OK 成功
 *
 * @note 对应需求: IN-001
 */
kernel_status_t interrupt_subsys_init(void)
{
    400074c0:	a9bf7bfd 	stp	x29, x30, [sp, #-16]!
    uint32_t i;

    /* 初始化自旋锁 */
    ticket_lock_init(&s_irq_lock);
    400074c4:	b0000600 	adrp	x0, 400c8000 <s_cspace_pool+0xd48>
    400074c8:	910ee000 	add	x0, x0, #0x3b8
{
    400074cc:	910003fd 	mov	x29, sp
    ticket_lock_init(&s_irq_lock);
    400074d0:	97fff414 	bl	40004520 <ticket_lock_init>

    /* 清零所有中断描述符 */
    for (i = 0U; i < IRQ_MAX_HANDLERS; i++)
    400074d4:	d2850001 	mov	x1, #0x2800                	// #10240
    400074d8:	b0000600 	adrp	x0, 400c8000 <s_cspace_pool+0xd48>
    400074dc:	910f2000 	add	x0, x0, #0x3c8
    400074e0:	8b010002 	add	x2, x0, x1
        desc->trigger_mode    = 0U;
    400074e4:	128fffe1 	mov	w1, #0xffff8000            	// #-32768
        desc->irq             = 0U;
    400074e8:	f900001f 	str	xzr, [x0]
        desc->trigger_mode    = 0U;
    400074ec:	79001001 	strh	w1, [x0, #8]
        desc->handler_arg     = NULL;
    400074f0:	a9017c1f 	stp	xzr, xzr, [x0, #16]
    for (i = 0U; i < IRQ_MAX_HANDLERS; i++)
    400074f4:	9100a000 	add	x0, x0, #0x28
        desc->notification_id = KOBJ_ID_INVALID;
    400074f8:	b81f801f 	stur	wzr, [x0, #-8]
        desc->in_use          = false;
    400074fc:	381fc01f 	sturb	wzr, [x0, #-4]
    for (i = 0U; i < IRQ_MAX_HANDLERS; i++)
    40007500:	eb02001f 	cmp	x0, x2
    40007504:	54ffff21 	b.ne	400074e8 <interrupt_subsys_init+0x28>  // b.any
        irq_desc_reset(&s_irq_descs[i]);
    }

    /* 设置初始化标志 */
    s_initialized = true;
    barrier();
    40007508:	d5033fbf 	dmb	sy

    return KERNEL_OK;
}
    4000750c:	52800000 	mov	w0, #0x0                   	// #0
    40007510:	a8c17bfd 	ldp	x29, x30, [sp], #16
    40007514:	d65f03c0 	ret
	...

0000000040007520 <interrupt_dispatch>:
{
    irq_desc_t *desc;
    uint32_t cpu_id;

    /* 参数验证 */
    if (irq >= IRQ_MAX_HANDLERS)
    40007520:	7103fc1f 	cmp	w0, #0xff
    40007524:	54000408 	b.hi	400075a4 <interrupt_dispatch+0x84>  // b.pmore
{
    40007528:	a9bd7bfd 	stp	x29, x30, [sp, #-48]!
    4000752c:	910003fd 	mov	x29, sp
    40007530:	a90153f3 	stp	x19, x20, [sp, #16]
    40007534:	2a0003f3 	mov	w19, w0
    }

    desc = &s_irq_descs[irq];

    /* 检查描述符是否有效 */
    if (!desc->in_use)
    40007538:	2a0003f4 	mov	w20, w0
{
    4000753c:	a9025bf5 	stp	x21, x22, [sp, #32]
    if (!desc->in_use)
    40007540:	8b334a95 	add	x21, x20, w19, uxtw #2
    40007544:	b0000616 	adrp	x22, 400c8000 <s_cspace_pool+0xd48>
    40007548:	910f22c0 	add	x0, x22, #0x3c8
    4000754c:	8b150c15 	add	x21, x0, x21, lsl #3
    40007550:	394092a0 	ldrb	w0, [x21, #36]
    40007554:	370000a0 	tbnz	w0, #0, 40007568 <interrupt_dispatch+0x48>
    /* 如果有注册的内核处理函数，调用它 */
    if (desc->handler != NULL)
    {
        desc->handler(irq, desc->handler_arg);
    }
}
    40007558:	a94153f3 	ldp	x19, x20, [sp, #16]
    4000755c:	a9425bf5 	ldp	x21, x22, [sp, #32]
    40007560:	a8c37bfd 	ldp	x29, x30, [sp], #48
    40007564:	d65f03c0 	ret
    cpu_id = smp_get_cpu_id();
    40007568:	97fff022 	bl	400035f0 <smp_get_cpu_id>
    if (desc->notification_id != KOBJ_ID_INVALID)
    4000756c:	b94022a0 	ldr	w0, [x21, #32]
    40007570:	350001c0 	cbnz	w0, 400075a8 <interrupt_dispatch+0x88>
    if (desc->handler != NULL)
    40007574:	8b140a94 	add	x20, x20, x20, lsl #2
    40007578:	910f22d6 	add	x22, x22, #0x3c8
    4000757c:	8b140ed4 	add	x20, x22, x20, lsl #3
    40007580:	f9400a82 	ldr	x2, [x20, #16]
    40007584:	b4fffea2 	cbz	x2, 40007558 <interrupt_dispatch+0x38>
        desc->handler(irq, desc->handler_arg);
    40007588:	f9400e81 	ldr	x1, [x20, #24]
    4000758c:	2a1303e0 	mov	w0, w19
}
    40007590:	a94153f3 	ldp	x19, x20, [sp, #16]
        desc->handler(irq, desc->handler_arg);
    40007594:	aa0203f0 	mov	x16, x2
}
    40007598:	a9425bf5 	ldp	x21, x22, [sp, #32]
    4000759c:	a8c37bfd 	ldp	x29, x30, [sp], #48
        desc->handler(irq, desc->handler_arg);
    400075a0:	d61f0200 	br	x16
    400075a4:	d65f03c0 	ret
        (void)ipc_notification_signal(desc->notification_id, (uint64_t)1U << (irq & 63U));
    400075a8:	d2800021 	mov	x1, #0x1                   	// #1
    400075ac:	9ad32021 	lsl	x1, x1, x19
    400075b0:	97fffbf4 	bl	40006580 <ipc_notification_signal>
    400075b4:	17fffff0 	b	40007574 <interrupt_dispatch+0x54>
	...

00000000400075c0 <interrupt_register>:
 * @note 对应需求: IN-005
 */
kernel_status_t interrupt_register(uint32_t irq,
                                      irq_handler_t handler,
                                      void *arg)
{
    400075c0:	a9bb7bfd 	stp	x29, x30, [sp, #-80]!
    if (irq >= IRQ_MAX_HANDLERS)
    {
        return -(int32_t)EINVAL;
    }

    if (handler == NULL)
    400075c4:	7103fc1f 	cmp	w0, #0xff
    400075c8:	fa409824 	ccmp	x1, #0x0, #0x4, ls	// ls = plast
{
    400075cc:	910003fd 	mov	x29, sp
    400075d0:	a90153f3 	stp	x19, x20, [sp, #16]
    if (handler == NULL)
    400075d4:	54000a00 	b.eq	40007714 <interrupt_register+0x154>  // b.none
    {
        return -(int32_t)EINVAL;
    }

    /* 获取锁 */
    ticket_lock_acquire(&s_irq_lock);
    400075d8:	2a0003f3 	mov	w19, w0
    400075dc:	a90363f7 	stp	x23, x24, [sp, #48]
    400075e0:	b0000617 	adrp	x23, 400c8000 <s_cspace_pool+0xd48>
    400075e4:	a9046bf9 	stp	x25, x26, [sp, #64]
    400075e8:	910ee2fa 	add	x26, x23, #0x3b8
    400075ec:	aa1a03e0 	mov	x0, x26
    400075f0:	aa0203f8 	mov	x24, x2
    400075f4:	a9025bf5 	stp	x21, x22, [sp, #32]
    400075f8:	aa0103f6 	mov	x22, x1

    desc = &s_irq_descs[irq];

    /* 检查是否已被占用 */
    if (desc->in_use)
    400075fc:	2a1303f5 	mov	w21, w19
    ticket_lock_acquire(&s_irq_lock);
    40007600:	97fff3d0 	bl	40004540 <ticket_lock_acquire>
    if (desc->in_use)
    40007604:	8b334aa0 	add	x0, x21, w19, uxtw #2
    40007608:	b0000619 	adrp	x25, 400c8000 <s_cspace_pool+0xd48>
    4000760c:	910f2321 	add	x1, x25, #0x3c8
    40007610:	8b000c20 	add	x0, x1, x0, lsl #3
    40007614:	39409000 	ldrb	w0, [x0, #36]
    40007618:	37000820 	tbnz	w0, #0, 4000771c <interrupt_register+0x15c>
        ticket_lock_release(&s_irq_lock);
        return -(int32_t)EBUSY;
    }

    /* 配置 GIC 默认优先级 */
    ret = gic_set_priority(irq, (uint8_t)IRQ_PRIORITY_DEFAULT);
    4000761c:	2a1303e0 	mov	w0, w19
    40007620:	12800fe1 	mov	w1, #0xffffff80            	// #-128
    40007624:	97ffee3f 	bl	40002f20 <gic_set_priority>
    40007628:	2a0003f4 	mov	w20, w0
    if (ret != KERNEL_OK)
    4000762c:	35000620 	cbnz	w0, 400076f0 <interrupt_register+0x130>
        ticket_lock_release(&s_irq_lock);
        return ret;
    }

    /* 配置 GIC 亲和性：默认绑定到 CPU 0 */
    if (irq >= GIC_SPI_BASE)
    40007630:	71007e7f 	cmp	w19, #0x1f
    40007634:	540000c9 	b.ls	4000764c <interrupt_register+0x8c>  // b.plast
    {
        ret = gic_set_affinity(irq, 0x01U);
    40007638:	2a1303e0 	mov	w0, w19
    4000763c:	52800021 	mov	w1, #0x1                   	// #1
    40007640:	97ffee44 	bl	40002f50 <gic_set_affinity>
    40007644:	2a0003f4 	mov	w20, w0
        if (ret != KERNEL_OK)
    40007648:	35000540 	cbnz	w0, 400076f0 <interrupt_register+0x130>
            return ret;
        }
    }

    /* 填充描述符 */
    desc->irq             = irq;
    4000764c:	8b150ab5 	add	x21, x21, x21, lsl #2
    40007650:	910f233a 	add	x26, x25, #0x3c8
    desc->cpu_id          = 0U;
    desc->trigger_mode    = IRQ_TRIGGER_LEVEL_HIGH;
    40007654:	128fffc1 	mov	w1, #0xffff8001            	// #-32767
    desc->priority        = (uint8_t)IRQ_PRIORITY_DEFAULT;
    desc->handler         = handler;
    desc->handler_arg     = arg;
    desc->notification_id = KOBJ_ID_INVALID;
    desc->in_use          = true;
    40007658:	52800020 	mov	w0, #0x1                   	// #1
    desc->irq             = irq;
    4000765c:	d37df2b5 	lsl	x21, x21, #3
    desc->cpu_id          = 0U;
    40007660:	8b150359 	add	x25, x26, x21
    desc->irq             = irq;
    40007664:	b8356b53 	str	w19, [x26, x21]
    desc->cpu_id          = 0U;
    40007668:	b900073f 	str	wzr, [x25, #4]
    desc->trigger_mode    = IRQ_TRIGGER_LEVEL_HIGH;
    4000766c:	79001321 	strh	w1, [x25, #8]
    desc->handler_arg     = arg;
    40007670:	a9016336 	stp	x22, x24, [x25, #16]
    desc->notification_id = KOBJ_ID_INVALID;
    40007674:	b900233f 	str	wzr, [x25, #32]
    desc->in_use          = true;
    40007678:	39009320 	strb	w0, [x25, #36]
    barrier();
    4000767c:	d5033fbf 	dmb	sy

    /* 使能中断 */
    ret = gic_enable_irq(irq);
    40007680:	2a1303e0 	mov	w0, w19
    40007684:	97ffee17 	bl	40002ee0 <gic_enable_irq>
    40007688:	2a0003f4 	mov	w20, w0
    if (ret != KERNEL_OK)
    4000768c:	35000140 	cbnz	w0, 400076b4 <interrupt_register+0xf4>
        ticket_lock_release(&s_irq_lock);
        return ret;
    }

    /* 释放锁 */
    ticket_lock_release(&s_irq_lock);
    40007690:	910ee2e0 	add	x0, x23, #0x3b8
    40007694:	97fff3cf 	bl	400045d0 <ticket_lock_release>

    return KERNEL_OK;
    40007698:	a9425bf5 	ldp	x21, x22, [sp, #32]
    4000769c:	a94363f7 	ldp	x23, x24, [sp, #48]
    400076a0:	a9446bf9 	ldp	x25, x26, [sp, #64]
}
    400076a4:	2a1403e0 	mov	w0, w20
    400076a8:	a94153f3 	ldp	x19, x20, [sp, #16]
    400076ac:	a8c57bfd 	ldp	x29, x30, [sp], #80
    400076b0:	d65f03c0 	ret
        desc->irq             = 0U;
    400076b4:	f8356b5f 	str	xzr, [x26, x21]
        desc->trigger_mode    = 0U;
    400076b8:	128fffe1 	mov	w1, #0xffff8000            	// #-32768
    400076bc:	79001321 	strh	w1, [x25, #8]
        ticket_lock_release(&s_irq_lock);
    400076c0:	910ee2e0 	add	x0, x23, #0x3b8
        desc->handler_arg     = NULL;
    400076c4:	a9017f3f 	stp	xzr, xzr, [x25, #16]
        desc->notification_id = KOBJ_ID_INVALID;
    400076c8:	b900233f 	str	wzr, [x25, #32]
        desc->in_use          = false;
    400076cc:	3900933f 	strb	wzr, [x25, #36]
        ticket_lock_release(&s_irq_lock);
    400076d0:	97fff3c0 	bl	400045d0 <ticket_lock_release>
        return ret;
    400076d4:	a9425bf5 	ldp	x21, x22, [sp, #32]
}
    400076d8:	2a1403e0 	mov	w0, w20
    400076dc:	a94153f3 	ldp	x19, x20, [sp, #16]
        return ret;
    400076e0:	a94363f7 	ldp	x23, x24, [sp, #48]
    400076e4:	a9446bf9 	ldp	x25, x26, [sp, #64]
}
    400076e8:	a8c57bfd 	ldp	x29, x30, [sp], #80
    400076ec:	d65f03c0 	ret
            ticket_lock_release(&s_irq_lock);
    400076f0:	aa1a03e0 	mov	x0, x26
    400076f4:	97fff3b7 	bl	400045d0 <ticket_lock_release>
            return ret;
    400076f8:	a9425bf5 	ldp	x21, x22, [sp, #32]
}
    400076fc:	2a1403e0 	mov	w0, w20
    40007700:	a94153f3 	ldp	x19, x20, [sp, #16]
            return ret;
    40007704:	a94363f7 	ldp	x23, x24, [sp, #48]
    40007708:	a9446bf9 	ldp	x25, x26, [sp, #64]
}
    4000770c:	a8c57bfd 	ldp	x29, x30, [sp], #80
    40007710:	d65f03c0 	ret
        return -(int32_t)EINVAL;
    40007714:	128002b4 	mov	w20, #0xffffffea            	// #-22
    40007718:	17ffffe3 	b	400076a4 <interrupt_register+0xe4>
        ticket_lock_release(&s_irq_lock);
    4000771c:	aa1a03e0 	mov	x0, x26
        return -(int32_t)EBUSY;
    40007720:	128001f4 	mov	w20, #0xfffffff0            	// #-16
        ticket_lock_release(&s_irq_lock);
    40007724:	97fff3ab 	bl	400045d0 <ticket_lock_release>
        return -(int32_t)EBUSY;
    40007728:	a9425bf5 	ldp	x21, x22, [sp, #32]
    4000772c:	a94363f7 	ldp	x23, x24, [sp, #48]
    40007730:	a9446bf9 	ldp	x25, x26, [sp, #64]
    40007734:	17ffffdc 	b	400076a4 <interrupt_register+0xe4>
	...

0000000040007740 <syscall_handler>:
void syscall_handler(syscall_frame_t *frame)
{
    uint32_t nr;
    uint8_t category;

    if (frame == NULL)
    40007740:	b4000680 	cbz	x0, 40007810 <syscall_handler+0xd0>
{
    40007744:	a9bc7bfd 	stp	x29, x30, [sp, #-64]!
    40007748:	910003fd 	mov	x29, sp
    4000774c:	a90153f3 	stp	x19, x20, [sp, #16]
    40007750:	aa0003f3 	mov	x19, x0
    {
        return;
    }

    nr = (uint32_t)frame->x8;
    40007754:	f9402000 	ldr	x0, [x0, #64]
    category = (uint8_t)((nr >> 8U) & 0xFFU);

    /* 按类别分发 */
    switch ((uint32_t)category)
    40007758:	53083c01 	ubfx	w1, w0, #8, #8
    4000775c:	71000c3f 	cmp	w1, #0x3
    40007760:	540008a0 	b.eq	40007874 <syscall_handler+0x134>  // b.none
    40007764:	f276141f 	tst	x0, #0xfc00
    40007768:	54000121 	b.ne	4000778c <syscall_handler+0x4c>  // b.any
    4000776c:	34000541 	cbz	w1, 40007814 <syscall_handler+0xd4>
    40007770:	7100043f 	cmp	w1, #0x1
    40007774:	540003c0 	b.eq	400077ec <syscall_handler+0xac>  // b.none
            frame->x0 = (uint64_t)(-(int64_t)ENOSYS);
    40007778:	928004a0 	mov	x0, #0xffffffffffffffda    	// #-38
    4000777c:	f9000260 	str	x0, [x19]
            /* 未识别的系统调用类别 */
            frame->x0 = (uint64_t)(-(int64_t)ENOSYS);
            break;
        }
    }
}
    40007780:	a94153f3 	ldp	x19, x20, [sp, #16]
    40007784:	a8c47bfd 	ldp	x29, x30, [sp], #64
    40007788:	d65f03c0 	ret
    switch ((uint32_t)category)
    4000778c:	7100143f 	cmp	w1, #0x5
    40007790:	54ffff41 	b.ne	40007778 <syscall_handler+0x38>  // b.any
    switch (nr)
    40007794:	7114001f 	cmp	w0, #0x500
    40007798:	54ffff01 	b.ne	40007778 <syscall_handler+0x38>  // b.any
            const char *str = (const char *)(uintptr_t)frame->x0;
    4000779c:	a9025bf5 	stp	x21, x22, [sp, #32]
    400077a0:	f9400275 	ldr	x21, [x19]
            if (str != NULL)
    400077a4:	b40018b5 	cbz	x21, 40007ab8 <syscall_handler+0x378>
            uint64_t len = frame->x1;
    400077a8:	f9400660 	ldr	x0, [x19, #8]
                uint64_t max_len = (len > 256U) ? 256U : len;
    400077ac:	d2802016 	mov	x22, #0x100                 	// #256
    400077b0:	eb16001f 	cmp	x0, x22
    400077b4:	9a969016 	csel	x22, x0, x22, ls	// ls = plast
                for (i = 0U; i < max_len; i++)
    400077b8:	b4000140 	cbz	x0, 400077e0 <syscall_handler+0xa0>
    400077bc:	d2800014 	mov	x20, #0x0                   	// #0
    400077c0:	14000006 	b	400077d8 <syscall_handler+0x98>
                    hal_uart_putc((uint64_t)QEMU_UART0_BASE, c);
    400077c4:	d2a12000 	mov	x0, #0x9000000             	// #150994944
                for (i = 0U; i < max_len; i++)
    400077c8:	91000694 	add	x20, x20, #0x1
                    hal_uart_putc((uint64_t)QEMU_UART0_BASE, c);
    400077cc:	97ffea6d 	bl	40002180 <hal_uart_putc>
                for (i = 0U; i < max_len; i++)
    400077d0:	eb1402df 	cmp	x22, x20
    400077d4:	54000069 	b.ls	400077e0 <syscall_handler+0xa0>  // b.plast
                    char c = str[i];
    400077d8:	38746aa1 	ldrb	w1, [x21, x20]
                    if (c == '\0')
    400077dc:	35ffff41 	cbnz	w1, 400077c4 <syscall_handler+0x84>
                frame->x0 = 0U;
    400077e0:	a9425bf5 	ldp	x21, x22, [sp, #32]
    400077e4:	f900027f 	str	xzr, [x19]
    400077e8:	17ffffe6 	b	40007780 <syscall_handler+0x40>
    switch (nr)
    400077ec:	51040000 	sub	w0, w0, #0x100
    400077f0:	7100281f 	cmp	w0, #0xa
    400077f4:	54fffc28 	b.hi	40007778 <syscall_handler+0x38>  // b.pmore
    400077f8:	d0000001 	adrp	x1, 40009000 <__text_end>
    400077fc:	9115e021 	add	x1, x1, #0x578
    40007800:	78605821 	ldrh	w1, [x1, w0, uxtw #1]
    40007804:	10000060 	adr	x0, 40007810 <syscall_handler+0xd0>
    40007808:	8b21a801 	add	x1, x0, w1, sxth #2
    4000780c:	d61f0020 	br	x1
    40007810:	d65f03c0 	ret
    switch (nr)
    40007814:	7100101f 	cmp	w0, #0x4
    40007818:	54001a40 	b.eq	40007b60 <syscall_handler+0x420>  // b.none
    4000781c:	540004a8 	b.hi	400078b0 <syscall_handler+0x170>  // b.pmore
    40007820:	7100081f 	cmp	w0, #0x2
    40007824:	540007e0 	b.eq	40007920 <syscall_handler+0x1e0>  // b.none
    40007828:	71000c1f 	cmp	w0, #0x3
    4000782c:	54001900 	b.eq	40007b4c <syscall_handler+0x40c>  // b.none
    40007830:	7100041f 	cmp	w0, #0x1
    40007834:	54fffa21 	b.ne	40007778 <syscall_handler+0x38>  // b.any
            kthread_entry_t entry = (kthread_entry_t)(uintptr_t)frame->x0;
    40007838:	f9400261 	ldr	x1, [x19]
            if (entry == NULL)
    4000783c:	b4001401 	cbz	x1, 40007abc <syscall_handler+0x37c>
            tid = kthread_create("user_thr", entry, arg, prio,
    40007840:	f9400662 	ldr	x2, [x19, #8]
    40007844:	d0000000 	adrp	x0, 40009000 <__text_end>
    40007848:	39404263 	ldrb	w3, [x19, #16]
    4000784c:	910ec000 	add	x0, x0, #0x3b0
    40007850:	52840005 	mov	w5, #0x2000                	// #8192
    40007854:	52800024 	mov	w4, #0x1                   	// #1
    40007858:	97fff17e 	bl	40003e50 <kthread_create>
                frame->x0 = (uint64_t)tid;
    4000785c:	3100041f 	cmn	w0, #0x1
    40007860:	2a0003e0 	mov	w0, w0
    40007864:	92800161 	mov	x1, #0xfffffffffffffff4    	// #-12
    40007868:	9a811000 	csel	x0, x0, x1, ne	// ne = any
    4000786c:	f9000260 	str	x0, [x19]
    40007870:	17ffffc4 	b	40007780 <syscall_handler+0x40>
    switch (nr)
    40007874:	710c081f 	cmp	w0, #0x302
    40007878:	54001480 	b.eq	40007b08 <syscall_handler+0x3c8>  // b.none
    4000787c:	54000329 	b.ls	400078e0 <syscall_handler+0x1a0>  // b.plast
    40007880:	710c0c1f 	cmp	w0, #0x303
    40007884:	54001320 	b.eq	40007ae8 <syscall_handler+0x3a8>  // b.none
    40007888:	710c101f 	cmp	w0, #0x304
    4000788c:	54fff761 	b.ne	40007778 <syscall_handler+0x38>  // b.any
            ret = cap_delete(cs_root, slot);
    40007890:	b9400260 	ldr	w0, [x19]
    40007894:	b9400a61 	ldr	w1, [x19, #8]
    40007898:	97fffdc2 	bl	40006fa0 <cap_delete>
            frame->x0 = (uint64_t)((ret == KERNEL_OK) ? 0ULL : (uint64_t)(-(int64_t)ret));
    4000789c:	7100001f 	cmp	w0, #0x0
    400078a0:	93407c00 	sxtw	x0, w0
    400078a4:	da8007e0 	csneg	x0, xzr, x0, eq	// eq = none
    400078a8:	f9000260 	str	x0, [x19]
            break;
    400078ac:	17ffffb5 	b	40007780 <syscall_handler+0x40>
    switch (nr)
    400078b0:	71001c1f 	cmp	w0, #0x7
    400078b4:	54000300 	b.eq	40007914 <syscall_handler+0x1d4>  // b.none
    400078b8:	7100201f 	cmp	w0, #0x8
    400078bc:	540013a0 	b.eq	40007b30 <syscall_handler+0x3f0>  // b.none
    400078c0:	7100141f 	cmp	w0, #0x5
    400078c4:	54fff5a1 	b.ne	40007778 <syscall_handler+0x38>  // b.any
            kernel_status_t ret = kthread_set_priority(tid, prio);
    400078c8:	39402261 	ldrb	w1, [x19, #8]
    400078cc:	b9400260 	ldr	w0, [x19]
    400078d0:	97fff220 	bl	40004150 <kthread_set_priority>
            frame->x0 = (uint64_t)(int64_t)ret;
    400078d4:	93407c00 	sxtw	x0, w0
    400078d8:	f9000260 	str	x0, [x19]
            break;
    400078dc:	17ffffa9 	b	40007780 <syscall_handler+0x40>
    switch (nr)
    400078e0:	710c001f 	cmp	w0, #0x300
    400078e4:	54000f20 	b.eq	40007ac8 <syscall_handler+0x388>  // b.none
            ret = cap_copy(src_cs, src_slot, dst_cs, (cap_slot_t)1U, 0U);
    400078e8:	b9400260 	ldr	w0, [x19]
    400078ec:	52800004 	mov	w4, #0x0                   	// #0
    400078f0:	b9400a61 	ldr	w1, [x19, #8]
    400078f4:	52800023 	mov	w3, #0x1                   	// #1
    400078f8:	b9401262 	ldr	w2, [x19, #16]
    400078fc:	97fffbf9 	bl	400068e0 <cap_copy>
            frame->x0 = (uint64_t)((ret == KERNEL_OK) ? 0ULL : (uint64_t)(-(int64_t)ret));
    40007900:	7100001f 	cmp	w0, #0x0
    40007904:	93407c00 	sxtw	x0, w0
    40007908:	da8007e0 	csneg	x0, xzr, x0, eq	// eq = none
    4000790c:	f9000260 	str	x0, [x19]
            break;
    40007910:	17ffff9c 	b	40007780 <syscall_handler+0x40>
            schedule();
    40007914:	97fff073 	bl	40003ae0 <schedule>
            frame->x0 = 0U;
    40007918:	f900027f 	str	xzr, [x19]
            break;
    4000791c:	17ffff99 	b	40007780 <syscall_handler+0x40>
            kthread_exit();
    40007920:	97fff1b8 	bl	40004000 <kthread_exit>
            frame->x0 = 0U;
    40007924:	f900027f 	str	xzr, [x19]
            break;
    40007928:	17ffff96 	b	40007780 <syscall_handler+0x40>
            thread_id_t tid = (thread_id_t)frame->x0;
    4000792c:	f9400261 	ldr	x1, [x19]
    40007930:	2a0103e0 	mov	w0, w1
            if (tid == 0U)
    40007934:	34001321 	cbz	w1, 40007b98 <syscall_handler+0x458>
            ret = ipc_endpoint_create(tid, &ep_id);
    40007938:	9100e3e1 	add	x1, sp, #0x38
    4000793c:	97fff6cd 	bl	40005470 <ipc_endpoint_create>
                frame->x0 = (uint64_t)conn_id;
    40007940:	b9403be1 	ldr	w1, [sp, #56]
    40007944:	7100001f 	cmp	w0, #0x0
    40007948:	93407c00 	sxtw	x0, w0
    4000794c:	da800420 	csneg	x0, x1, x0, eq	// eq = none
    40007950:	f9000260 	str	x0, [x19]
            break;
    40007954:	17ffff8b 	b	40007780 <syscall_handler+0x40>
            ret = ipc_connect_detach(conn_id);
    40007958:	b9400260 	ldr	w0, [x19]
    4000795c:	97fff995 	bl	40005fb0 <ipc_connect_detach>
            frame->x0 = (uint64_t)((ret == KERNEL_OK) ? 0ULL : (uint64_t)(-(int64_t)ret));
    40007960:	7100001f 	cmp	w0, #0x0
    40007964:	93407c00 	sxtw	x0, w0
    40007968:	da8007e0 	csneg	x0, xzr, x0, eq	// eq = none
    4000796c:	f9000260 	str	x0, [x19]
            break;
    40007970:	17ffff84 	b	40007780 <syscall_handler+0x40>
            ret = ipc_pulse_send(conn_id, (priority_t)128U, code, value);
    40007974:	b9400260 	ldr	w0, [x19]
    40007978:	12800fe1 	mov	w1, #0xffffff80            	// #-128
    4000797c:	b9400a62 	ldr	w2, [x19, #8]
    40007980:	b9401263 	ldr	w3, [x19, #16]
    40007984:	97fff9df 	bl	40006100 <ipc_pulse_send>
            frame->x0 = (uint64_t)((ret == KERNEL_OK) ? 0ULL : (uint64_t)(-(int64_t)ret));
    40007988:	7100001f 	cmp	w0, #0x0
    4000798c:	93407c00 	sxtw	x0, w0
    40007990:	da8007e0 	csneg	x0, xzr, x0, eq	// eq = none
    40007994:	f9000260 	str	x0, [x19]
            break;
    40007998:	17ffff7a 	b	40007780 <syscall_handler+0x40>
            ret = ipc_msg_reply(ep_id, 0, reply_buf, reply_size);
    4000799c:	f9400662 	ldr	x2, [x19, #8]
    400079a0:	52800001 	mov	w1, #0x0                   	// #0
    400079a4:	b9400260 	ldr	w0, [x19]
    400079a8:	b9401263 	ldr	w3, [x19, #16]
    400079ac:	97fff7ed 	bl	40005960 <ipc_msg_reply>
            frame->x0 = (uint64_t)((ret == KERNEL_OK) ? 0ULL : (uint64_t)(-(int64_t)ret));
    400079b0:	7100001f 	cmp	w0, #0x0
    400079b4:	93407c00 	sxtw	x0, w0
    400079b8:	da8007e0 	csneg	x0, xzr, x0, eq	// eq = none
    400079bc:	f9000260 	str	x0, [x19]
            break;
    400079c0:	17ffff70 	b	40007780 <syscall_handler+0x40>
            ret = ipc_msg_receive(ep_id, &tag, recv_buf, recv_size);
    400079c4:	f9400662 	ldr	x2, [x19, #8]
    400079c8:	9100e3e1 	add	x1, sp, #0x38
    400079cc:	b9400260 	ldr	w0, [x19]
    400079d0:	b9401263 	ldr	w3, [x19, #16]
            tag.value = 0ULL;
    400079d4:	f9001fff 	str	xzr, [sp, #56]
            ret = ipc_msg_receive(ep_id, &tag, recv_buf, recv_size);
    400079d8:	97fff776 	bl	400057b0 <ipc_msg_receive>
            frame->x0 = (uint64_t)((ret == KERNEL_OK) ? 0ULL : (uint64_t)(-(int64_t)ret));
    400079dc:	7100001f 	cmp	w0, #0x0
    400079e0:	93407c00 	sxtw	x0, w0
    400079e4:	da8007e0 	csneg	x0, xzr, x0, eq	// eq = none
    400079e8:	f9000260 	str	x0, [x19]
            break;
    400079ec:	17ffff65 	b	40007780 <syscall_handler+0x40>
            ret = ipc_msg_send(ep_id, tag, send_buf, send_size, recv_buf, recv_size);
    400079f0:	f9400662 	ldr	x2, [x19, #8]
    400079f4:	d2800001 	mov	x1, #0x0                   	// #0
    400079f8:	f9400e64 	ldr	x4, [x19, #24]
    400079fc:	b9400260 	ldr	w0, [x19]
    40007a00:	b9401263 	ldr	w3, [x19, #16]
    40007a04:	b9402265 	ldr	w5, [x19, #32]
    40007a08:	97fff6f2 	bl	400055d0 <ipc_msg_send>
            frame->x0 = (uint64_t)((ret == KERNEL_OK) ? 0ULL : (uint64_t)(-(int64_t)ret));
    40007a0c:	7100001f 	cmp	w0, #0x0
    40007a10:	93407c00 	sxtw	x0, w0
    40007a14:	da8007e0 	csneg	x0, xzr, x0, eq	// eq = none
    40007a18:	f9000260 	str	x0, [x19]
            break;
    40007a1c:	17ffff59 	b	40007780 <syscall_handler+0x40>
            ret = ipc_notification_wait(notif_id, 0xFFFFFFFFFFFFFFFFULL, &triggered);
    40007a20:	b9400260 	ldr	w0, [x19]
    40007a24:	9100e3e2 	add	x2, sp, #0x38
            uint64_t *signals_ptr = (uint64_t *)(uintptr_t)frame->x1;
    40007a28:	f9400674 	ldr	x20, [x19, #8]
            ret = ipc_notification_wait(notif_id, 0xFFFFFFFFFFFFFFFFULL, &triggered);
    40007a2c:	92800001 	mov	x1, #0xffffffffffffffff    	// #-1
            uint64_t triggered = 0ULL;
    40007a30:	f9001fff 	str	xzr, [sp, #56]
            ret = ipc_notification_wait(notif_id, 0xFFFFFFFFFFFFFFFFULL, &triggered);
    40007a34:	97fffb0f 	bl	40006670 <ipc_notification_wait>
            if ((ret == KERNEL_OK) && (signals_ptr != NULL))
    40007a38:	7100001f 	cmp	w0, #0x0
    40007a3c:	fa400a84 	ccmp	x20, #0x0, #0x4, eq	// eq = none
    40007a40:	54000a20 	b.eq	40007b84 <syscall_handler+0x444>  // b.none
                *signals_ptr = triggered;
    40007a44:	f9401fe0 	ldr	x0, [sp, #56]
    40007a48:	f9000280 	str	x0, [x20]
            frame->x0 = (uint64_t)((ret == KERNEL_OK) ? 0ULL : (uint64_t)(-(int64_t)ret));
    40007a4c:	d2800001 	mov	x1, #0x0                   	// #0
    40007a50:	f9000261 	str	x1, [x19]
            break;
    40007a54:	17ffff4b 	b	40007780 <syscall_handler+0x40>
            ret = ipc_notification_signal(notif_id, signals);
    40007a58:	f9400661 	ldr	x1, [x19, #8]
    40007a5c:	b9400260 	ldr	w0, [x19]
    40007a60:	97fffac8 	bl	40006580 <ipc_notification_signal>
            frame->x0 = (uint64_t)((ret == KERNEL_OK) ? 0ULL : (uint64_t)(-(int64_t)ret));
    40007a64:	7100001f 	cmp	w0, #0x0
    40007a68:	93407c00 	sxtw	x0, w0
    40007a6c:	da8007e0 	csneg	x0, xzr, x0, eq	// eq = none
    40007a70:	f9000260 	str	x0, [x19]
            break;
    40007a74:	17ffff43 	b	40007780 <syscall_handler+0x40>
            ret = ipc_channel_destroy(ch_id);
    40007a78:	b9400260 	ldr	w0, [x19]
    40007a7c:	97fff85d 	bl	40005bf0 <ipc_channel_destroy>
            frame->x0 = (uint64_t)((ret == KERNEL_OK) ? 0ULL : (uint64_t)(-(int64_t)ret));
    40007a80:	7100001f 	cmp	w0, #0x0
    40007a84:	93407c00 	sxtw	x0, w0
    40007a88:	da8007e0 	csneg	x0, xzr, x0, eq	// eq = none
    40007a8c:	f9000260 	str	x0, [x19]
            break;
    40007a90:	17ffff3c 	b	40007780 <syscall_handler+0x40>
            ret = ipc_channel_create(tid, &ch_id);
    40007a94:	b9400260 	ldr	w0, [x19]
    40007a98:	9100e3e1 	add	x1, sp, #0x38
    40007a9c:	97fff811 	bl	40005ae0 <ipc_channel_create>
            if (ret == KERNEL_OK)
    40007aa0:	17ffffa8 	b	40007940 <syscall_handler+0x200>
            ret = ipc_connect_attach(client_tid, ch_id, &conn_id);
    40007aa4:	b9400260 	ldr	w0, [x19]
    40007aa8:	9100e3e2 	add	x2, sp, #0x38
    40007aac:	b9400a61 	ldr	w1, [x19, #8]
    40007ab0:	97fff8cc 	bl	40005de0 <ipc_connect_attach>
    40007ab4:	17ffffa3 	b	40007940 <syscall_handler+0x200>
    40007ab8:	a9425bf5 	ldp	x21, x22, [sp, #32]
                frame->x0 = (uint64_t)(-(int64_t)EINVAL);
    40007abc:	928002a0 	mov	x0, #0xffffffffffffffea    	// #-22
    40007ac0:	f9000260 	str	x0, [x19]
                break;
    40007ac4:	17ffff2f 	b	40007780 <syscall_handler+0x40>
            ret = cspace_create(capacity, &cs);
    40007ac8:	b9400260 	ldr	w0, [x19]
    40007acc:	9100e3e1 	add	x1, sp, #0x38
    40007ad0:	97fffd84 	bl	400070e0 <cspace_create>
            if (ret == KERNEL_OK)
    40007ad4:	35000500 	cbnz	w0, 40007b74 <syscall_handler+0x434>
                frame->x0 = (uint64_t)cs->header.id;
    40007ad8:	f9401fe0 	ldr	x0, [sp, #56]
    40007adc:	b9400400 	ldr	w0, [x0, #4]
            frame->x0 = (uint64_t)((ret == KERNEL_OK) ? 0ULL : (uint64_t)(-(int64_t)ret));
    40007ae0:	f9000260 	str	x0, [x19]
            break;
    40007ae4:	17ffff27 	b	40007780 <syscall_handler+0x40>
            ret = cap_revoke(cs_root, slot);
    40007ae8:	b9400260 	ldr	w0, [x19]
    40007aec:	b9400a61 	ldr	w1, [x19, #8]
    40007af0:	97fffcc4 	bl	40006e00 <cap_revoke>
            frame->x0 = (uint64_t)((ret == KERNEL_OK) ? 0ULL : (uint64_t)(-(int64_t)ret));
    40007af4:	7100001f 	cmp	w0, #0x0
    40007af8:	93407c00 	sxtw	x0, w0
    40007afc:	da8007e0 	csneg	x0, xzr, x0, eq	// eq = none
    40007b00:	f9000260 	str	x0, [x19]
            break;
    40007b04:	17ffff1f 	b	40007780 <syscall_handler+0x40>
            ret = cap_move(src_cs, src_slot, dst_cs, (cap_slot_t)1U);
    40007b08:	b9400260 	ldr	w0, [x19]
    40007b0c:	52800023 	mov	w3, #0x1                   	// #1
    40007b10:	b9400a61 	ldr	w1, [x19, #8]
    40007b14:	b9401262 	ldr	w2, [x19, #16]
    40007b18:	97fffc02 	bl	40006b20 <cap_move>
            frame->x0 = (uint64_t)((ret == KERNEL_OK) ? 0ULL : (uint64_t)(-(int64_t)ret));
    40007b1c:	7100001f 	cmp	w0, #0x0
    40007b20:	93407c00 	sxtw	x0, w0
    40007b24:	da8007e0 	csneg	x0, xzr, x0, eq	// eq = none
    40007b28:	f9000260 	str	x0, [x19]
            break;
    40007b2c:	17ffff15 	b	40007780 <syscall_handler+0x40>
            thread_id_t tid = kthread_get_current_tid();
    40007b30:	97fff1c0 	bl	40004230 <kthread_get_current_tid>
                frame->x0 = (uint64_t)tid;
    40007b34:	3100041f 	cmn	w0, #0x1
    40007b38:	2a0003e0 	mov	w0, w0
    40007b3c:	928004a1 	mov	x1, #0xffffffffffffffda    	// #-38
    40007b40:	9a811000 	csel	x0, x0, x1, ne	// ne = any
    40007b44:	f9000260 	str	x0, [x19]
    40007b48:	17ffff0e 	b	40007780 <syscall_handler+0x40>
            kernel_status_t ret = kthread_suspend(tid);
    40007b4c:	b9400260 	ldr	w0, [x19]
    40007b50:	97fff144 	bl	40004060 <kthread_suspend>
            frame->x0 = (uint64_t)(int64_t)ret;
    40007b54:	93407c00 	sxtw	x0, w0
    40007b58:	f9000260 	str	x0, [x19]
            break;
    40007b5c:	17ffff09 	b	40007780 <syscall_handler+0x40>
            kernel_status_t ret = kthread_resume(tid);
    40007b60:	b9400260 	ldr	w0, [x19]
    40007b64:	97fff15f 	bl	400040e0 <kthread_resume>
            frame->x0 = (uint64_t)(int64_t)ret;
    40007b68:	93407c00 	sxtw	x0, w0
    40007b6c:	f9000260 	str	x0, [x19]
            break;
    40007b70:	17ffff04 	b	40007780 <syscall_handler+0x40>
                frame->x0 = (uint64_t)(-(int64_t)ret);
    40007b74:	93407c00 	sxtw	x0, w0
    40007b78:	cb0003e0 	neg	x0, x0
            frame->x0 = (uint64_t)((ret == KERNEL_OK) ? 0ULL : (uint64_t)(-(int64_t)ret));
    40007b7c:	f9000260 	str	x0, [x19]
            break;
    40007b80:	17ffff00 	b	40007780 <syscall_handler+0x40>
            frame->x0 = (uint64_t)((ret == KERNEL_OK) ? 0ULL : (uint64_t)(-(int64_t)ret));
    40007b84:	93407c01 	sxtw	x1, w0
    40007b88:	cb0103e1 	neg	x1, x1
    40007b8c:	34fff600 	cbz	w0, 40007a4c <syscall_handler+0x30c>
    40007b90:	f9000261 	str	x1, [x19]
            break;
    40007b94:	17fffefb 	b	40007780 <syscall_handler+0x40>
                tid = kthread_get_current_tid();
    40007b98:	97fff1a6 	bl	40004230 <kthread_get_current_tid>
    40007b9c:	17ffff67 	b	40007938 <syscall_handler+0x1f8>

0000000040007ba0 <driver_subsys_init>:
 * @brief 初始化驱动子系统
 *
 * @details 清零静态池，初始化链表头和自旋锁
 */
kernel_status_t driver_subsys_init(void)
{
    40007ba0:	a9be7bfd 	stp	x29, x30, [sp, #-32]!
    uint32_t i;

    /* 清零驱动池 */
    kernel_memzero(s_drivers, sizeof(s_drivers));
    40007ba4:	90000620 	adrp	x0, 400cb000 <s_devices+0x3e8>
    40007ba8:	d2813001 	mov	x1, #0x980                 	// #2432
{
    40007bac:	910003fd 	mov	x29, sp
    40007bb0:	f9000bf3 	str	x19, [sp, #16]
    kernel_memzero(s_drivers, sizeof(s_drivers));
    40007bb4:	912c6013 	add	x19, x0, #0xb18
    40007bb8:	aa1303e0 	mov	x0, x19
    40007bbc:	94000491 	bl	40008e00 <kernel_memzero>
    for (i = 0U; i < CONFIG_MAX_DRIVERS; i++)
    40007bc0:	90000621 	adrp	x1, 400cb000 <s_devices+0x3e8>
    40007bc4:	91284260 	add	x0, x19, #0xa10
    40007bc8:	912ea021 	add	x1, x1, #0xba8
    40007bcc:	d503201f 	nop
    {
        s_drivers[i].in_use = 0U;
    40007bd0:	3809843f 	strb	wzr, [x1], #152
    for (i = 0U; i < CONFIG_MAX_DRIVERS; i++)
    40007bd4:	eb00003f 	cmp	x1, x0
    40007bd8:	54ffffc1 	b.ne	40007bd0 <driver_subsys_init+0x30>  // b.any
    }

    /* 清零设备池 */
    kernel_memzero(s_devices, sizeof(s_devices));
    40007bdc:	d281e001 	mov	x1, #0xf00                 	// #3840
    40007be0:	f0000600 	adrp	x0, 400ca000 <s_irq_descs+0x1c38>
    40007be4:	91306000 	add	x0, x0, #0xc18
    40007be8:	94000486 	bl	40008e00 <kernel_memzero>
        ptr->next = ptr;
    40007bec:	f0000602 	adrp	x2, 400ca000 <s_irq_descs+0x1c38>
    40007bf0:	f0000601 	adrp	x1, 400ca000 <s_irq_descs+0x1c38>
    40007bf4:	91302042 	add	x2, x2, #0xc08
    40007bf8:	912fe021 	add	x1, x1, #0xbf8
    /* 初始化链表头 */
    INIT_LIST_HEAD(&s_driver_list);
    INIT_LIST_HEAD(&s_device_list);

    /* 初始化自旋锁 */
    ticket_lock_init(&s_driver_lock);
    40007bfc:	f0000600 	adrp	x0, 400ca000 <s_irq_descs+0x1c38>
    40007c00:	912fa000 	add	x0, x0, #0xbe8
        ptr->prev = ptr;
    40007c04:	a9000421 	stp	x1, x1, [x1]
    40007c08:	a9000842 	stp	x2, x2, [x2]
    40007c0c:	97fff245 	bl	40004520 <ticket_lock_init>

    /* 重置计数器 */
    s_next_drv_id = 1U;
    40007c10:	f0000603 	adrp	x3, 400ca000 <s_irq_descs+0x1c38>
    s_next_dev_id = 1U;
    40007c14:	f0000602 	adrp	x2, 400ca000 <s_irq_descs+0x1c38>
    s_next_drv_id = 1U;
    40007c18:	52800021 	mov	w1, #0x1                   	// #1

    /* 清零统计 */
    kernel_memzero(&s_stats, sizeof(s_stats));
    40007c1c:	f0000600 	adrp	x0, 400ca000 <s_irq_descs+0x1c38>
    40007c20:	912f2000 	add	x0, x0, #0xbc8
    s_next_drv_id = 1U;
    40007c24:	b90be061 	str	w1, [x3, #3040]
    s_next_dev_id = 1U;
    40007c28:	b90bdc41 	str	w1, [x2, #3036]
    kernel_memzero(&s_stats, sizeof(s_stats));
    40007c2c:	d2800281 	mov	x1, #0x14                  	// #20
    40007c30:	94000474 	bl	40008e00 <kernel_memzero>

    /* 初始化模块加载器 */
    driver_module_init();
    40007c34:	94000153 	bl	40008180 <driver_module_init>

    return KERNEL_OK;
}
    40007c38:	f9400bf3 	ldr	x19, [sp, #16]
    40007c3c:	52800000 	mov	w0, #0x0                   	// #0
    40007c40:	a8c27bfd 	ldp	x29, x30, [sp], #32
    40007c44:	d65f03c0 	ret
	...

0000000040007c50 <driver_register_kern>:
 * @details 从静态池分配一个空闲槽位，填充驱动信息并加入全局链表
 */
kernel_status_t driver_register_kern(const char *name, uint32_t type,
                                      const driver_match_t *match,
                                      const driver_ops_t *ops)
{
    40007c50:	a9ba7bfd 	stp	x29, x30, [sp, #-96]!
    if ((name == NULL) || (match == NULL) || (ops == NULL))
    {
        return -22; /* EINVAL */
    }

    if (type >= DRIVER_TYPE_COUNT)
    40007c54:	f100007f 	cmp	x3, #0x0
    40007c58:	7a451822 	ccmp	w1, #0x5, #0x2, ne	// ne = any
{
    40007c5c:	910003fd 	mov	x29, sp
    40007c60:	a90153f3 	stp	x19, x20, [sp, #16]
    40007c64:	aa0003f4 	mov	x20, x0
    if (type >= DRIVER_TYPE_COUNT)
    40007c68:	1a9f97e0 	cset	w0, hi	// hi = pmore
    40007c6c:	f100029f 	cmp	x20, #0x0
{
    40007c70:	a9025bf5 	stp	x21, x22, [sp, #32]
    if (type >= DRIVER_TYPE_COUNT)
    40007c74:	fa401844 	ccmp	x2, #0x0, #0x4, ne	// ne = any
{
    40007c78:	2a0103f6 	mov	w22, w1
    if (type >= DRIVER_TYPE_COUNT)
    40007c7c:	1a9f17e1 	cset	w1, eq	// eq = none
    40007c80:	2a010000 	orr	w0, w0, w1
    40007c84:	35000de0 	cbnz	w0, 40007e40 <driver_register_kern+0x1f0>
    40007c88:	a90363f7 	stp	x23, x24, [sp, #48]
    if (name == NULL)
    {
        return NULL;
    }

    list_for_each(pos, &s_driver_list)
    40007c8c:	f0000618 	adrp	x24, 400ca000 <s_irq_descs+0x1c38>
    40007c90:	aa0303f5 	mov	x21, x3
    40007c94:	f9460713 	ldr	x19, [x24, #3080]
    40007c98:	a9046bf9 	stp	x25, x26, [sp, #64]
    40007c9c:	91302319 	add	x25, x24, #0xc08
    40007ca0:	aa0203f7 	mov	x23, x2
    40007ca4:	eb19027f 	cmp	x19, x25
    40007ca8:	540000a1 	b.ne	40007cbc <driver_register_kern+0x6c>  // b.any
    40007cac:	14000010 	b	40007cec <driver_register_kern+0x9c>
    40007cb0:	f9400273 	ldr	x19, [x19]
    40007cb4:	eb19027f 	cmp	x19, x25
    40007cb8:	540001a0 	b.eq	40007cec <driver_register_kern+0x9c>  // b.none
    {
        driver_desc_t *drv;

        drv = container_of(pos, driver_desc_t, node);
        if (kernel_strncmp(drv->name, name, sizeof(drv->name) - 1U) == 0)
    40007cbc:	aa1403e1 	mov	x1, x20
    40007cc0:	d101f260 	sub	x0, x19, #0x7c
    40007cc4:	d28003e2 	mov	x2, #0x1f                  	// #31
    40007cc8:	94000476 	bl	40008ea0 <kernel_strncmp>
    40007ccc:	35ffff20 	cbnz	w0, 40007cb0 <driver_register_kern+0x60>
}
    40007cd0:	a94153f3 	ldp	x19, x20, [sp, #16]
        return -17; /* EEXIST */
    40007cd4:	12800200 	mov	w0, #0xffffffef            	// #-17
}
    40007cd8:	a9425bf5 	ldp	x21, x22, [sp, #32]
        return -17; /* EEXIST */
    40007cdc:	a94363f7 	ldp	x23, x24, [sp, #48]
    40007ce0:	a9446bf9 	ldp	x25, x26, [sp, #64]
}
    40007ce4:	a8c67bfd 	ldp	x29, x30, [sp], #96
    40007ce8:	d65f03c0 	ret
    name_len = kernel_strlen(name);
    40007cec:	aa1403e0 	mov	x0, x20
    40007cf0:	9400044c 	bl	40008e20 <kernel_strlen>
    if (name_len == 0U)
    40007cf4:	b4000a20 	cbz	x0, 40007e38 <driver_register_kern+0x1e8>
    40007cf8:	90000624 	adrp	x4, 400cb000 <s_devices+0x3e8>
    40007cfc:	912ea084 	add	x4, x4, #0xba8
 */
static driver_desc_t *alloc_driver_slot(void)
{
    uint32_t i;

    for (i = 0U; i < CONFIG_MAX_DRIVERS; i++)
    40007d00:	52800005 	mov	w5, #0x0                   	// #0
    40007d04:	d503201f 	nop
    {
        if (s_drivers[i].in_use == 0U)
    40007d08:	39400080 	ldrb	w0, [x4]
    for (i = 0U; i < CONFIG_MAX_DRIVERS; i++)
    40007d0c:	91026084 	add	x4, x4, #0x98
        if (s_drivers[i].in_use == 0U)
    40007d10:	34000160 	cbz	w0, 40007d3c <driver_register_kern+0xec>
    for (i = 0U; i < CONFIG_MAX_DRIVERS; i++)
    40007d14:	110004a5 	add	w5, w5, #0x1
    40007d18:	710040bf 	cmp	w5, #0x10
    40007d1c:	54ffff61 	b.ne	40007d08 <driver_register_kern+0xb8>  // b.any
    40007d20:	a94363f7 	ldp	x23, x24, [sp, #48]
        return -12; /* ENOMEM */
    40007d24:	12800160 	mov	w0, #0xfffffff4            	// #-12
    40007d28:	a9446bf9 	ldp	x25, x26, [sp, #64]
}
    40007d2c:	a94153f3 	ldp	x19, x20, [sp, #16]
    40007d30:	a9425bf5 	ldp	x21, x22, [sp, #32]
    40007d34:	a8c67bfd 	ldp	x29, x30, [sp], #96
    40007d38:	d65f03c0 	ret
    drv->drv_id = s_next_drv_id++;
    40007d3c:	2a0503e0 	mov	w0, w5
    40007d40:	f0000604 	adrp	x4, 400ca000 <s_irq_descs+0x1c38>
    40007d44:	8b254802 	add	x2, x0, w5, uxtw #2
    40007d48:	52801301 	mov	w1, #0x98                  	// #152
    40007d4c:	b94be083 	ldr	w3, [x4, #3040]
        {
            return &s_drivers[i];
    40007d50:	90000639 	adrp	x25, 400cb000 <s_devices+0x3e8>
    drv->drv_id = s_next_drv_id++;
    40007d54:	d37ef442 	lsl	x2, x2, #2
    40007d58:	9ba17cb3 	umull	x19, w5, w1
    40007d5c:	cb000042 	sub	x2, x2, x0
            return &s_drivers[i];
    40007d60:	912c6339 	add	x25, x25, #0xb18
    kernel_strncpy(drv->name, name, DRIVER_NAME_MAX_LEN);
    40007d64:	aa1403e1 	mov	x1, x20
    40007d68:	91001260 	add	x0, x19, #0x4
    drv->drv_id = s_next_drv_id++;
    40007d6c:	d37df054 	lsl	x20, x2, #3
    40007d70:	11000462 	add	w2, w3, #0x1
    drv->name[DRIVER_NAME_MAX_LEN] = '\0';
    40007d74:	8b14033a 	add	x26, x25, x20
    40007d78:	f9002bfb 	str	x27, [sp, #80]
    drv->drv_id = s_next_drv_id++;
    40007d7c:	b90be082 	str	w2, [x4, #3040]
    kernel_strncpy(drv->name, name, DRIVER_NAME_MAX_LEN);
    40007d80:	8b000320 	add	x0, x25, x0
    40007d84:	d28003e2 	mov	x2, #0x1f                  	// #31
    drv->drv_id = s_next_drv_id++;
    40007d88:	b8346b23 	str	w3, [x25, x20]
    kernel_strncpy(drv->name, name, DRIVER_NAME_MAX_LEN);
    40007d8c:	94000431 	bl	40008e50 <kernel_strncpy>
    drv->state = DRIVER_STATE_INITIALIZED;
    40007d90:	91018294 	add	x20, x20, #0x60
    kernel_memcpy(&drv->match, match, sizeof(driver_match_t));
    40007d94:	9100a260 	add	x0, x19, #0x28
    40007d98:	aa1703e1 	mov	x1, x23
    40007d9c:	d2800582 	mov	x2, #0x2c                  	// #44
            return &s_drivers[i];
    40007da0:	8b19027b 	add	x27, x19, x25
    kernel_memcpy(&drv->match, match, sizeof(driver_match_t));
    40007da4:	8b000320 	add	x0, x25, x0
    drv->name[DRIVER_NAME_MAX_LEN] = '\0';
    40007da8:	39008f5f 	strb	wzr, [x26, #35]
    drv->type = type;
    40007dac:	b9002756 	str	w22, [x26, #36]
    kernel_memcpy(&drv->match, match, sizeof(driver_match_t));
    40007db0:	940003d0 	bl	40008cf0 <kernel_memcpy>
    drv->ops = ops;
    40007db4:	f9002f55 	str	x21, [x26, #88]
    drv->state = DRIVER_STATE_INITIALIZED;
    40007db8:	d2800022 	mov	x2, #0x1                   	// #1
    INIT_LIST_HEAD(&drv->devices);
    40007dbc:	9101c261 	add	x1, x19, #0x70
    drv->state = DRIVER_STATE_INITIALIZED;
    40007dc0:	f8346b22 	str	x2, [x25, x20]
    INIT_LIST_HEAD(&drv->devices);
    40007dc4:	8b190021 	add	x1, x1, x25
    drv->device_count = 0U;
    40007dc8:	b9006b5f 	str	wzr, [x26, #104]
    __list_add(new_node, head->prev, head);
    40007dcc:	91302318 	add	x24, x24, #0xc08
        ptr->prev = ptr;
    40007dd0:	a9070761 	stp	x1, x1, [x27, #112]
    ticket_lock_acquire(&s_driver_lock);
    40007dd4:	f0000615 	adrp	x21, 400ca000 <s_irq_descs+0x1c38>
    40007dd8:	912fa2a0 	add	x0, x21, #0xbe8
    drv->in_use = 1U;
    40007ddc:	39024342 	strb	w2, [x26, #144]
    ticket_lock_acquire(&s_driver_lock);
    40007de0:	97fff1d8 	bl	40004540 <ticket_lock_acquire>
    __list_add(new_node, head->prev, head);
    40007de4:	f9400701 	ldr	x1, [x24, #8]
    if ((new_node == NULL) || (prev == NULL) || (next == NULL))
    40007de8:	b40000c1 	cbz	x1, 40007e00 <driver_register_kern+0x1b0>
    list_add_tail(&drv->node, &s_driver_list);
    40007dec:	91020260 	add	x0, x19, #0x80
    new_node->prev = prev;
    40007df0:	a9080758 	stp	x24, x1, [x26, #128]
    40007df4:	8b190000 	add	x0, x0, x25
    next->prev = new_node;
    40007df8:	f9000700 	str	x0, [x24, #8]
    prev->next = new_node;
    40007dfc:	f9000020 	str	x0, [x1]
    s_stats.total_drivers++;
    40007e00:	f0000602 	adrp	x2, 400ca000 <s_irq_descs+0x1c38>
    ticket_lock_release(&s_driver_lock);
    40007e04:	912fa2a0 	add	x0, x21, #0xbe8
    s_stats.total_drivers++;
    40007e08:	b94bc841 	ldr	w1, [x2, #3016]
    40007e0c:	11000421 	add	w1, w1, #0x1
    40007e10:	b90bc841 	str	w1, [x2, #3016]
    ticket_lock_release(&s_driver_lock);
    40007e14:	97fff1ef 	bl	400045d0 <ticket_lock_release>
}
    40007e18:	a94153f3 	ldp	x19, x20, [sp, #16]
    return KERNEL_OK;
    40007e1c:	52800000 	mov	w0, #0x0                   	// #0
}
    40007e20:	a9425bf5 	ldp	x21, x22, [sp, #32]
    return KERNEL_OK;
    40007e24:	a94363f7 	ldp	x23, x24, [sp, #48]
    40007e28:	a9446bf9 	ldp	x25, x26, [sp, #64]
    40007e2c:	f9402bfb 	ldr	x27, [sp, #80]
}
    40007e30:	a8c67bfd 	ldp	x29, x30, [sp], #96
    40007e34:	d65f03c0 	ret
    40007e38:	a94363f7 	ldp	x23, x24, [sp, #48]
    40007e3c:	a9446bf9 	ldp	x25, x26, [sp, #64]
        return -22; /* EINVAL */
    40007e40:	128002a0 	mov	w0, #0xffffffea            	// #-22
    40007e44:	17ffffba 	b	40007d2c <driver_register_kern+0xdc>
	...

0000000040007e50 <device_register>:
    if (type >= DRIVER_TYPE_COUNT)
    40007e50:	f100001f 	cmp	x0, #0x0
    40007e54:	7a451822 	ccmp	w1, #0x5, #0x2, ne	// ne = any
    40007e58:	54000bc8 	b.hi	40007fd0 <device_register+0x180>  // b.pmore
{
    40007e5c:	a9b97bfd 	stp	x29, x30, [sp, #-112]!
    40007e60:	910003fd 	mov	x29, sp
    40007e64:	a9025bf5 	stp	x21, x22, [sp, #32]
    40007e68:	2a0103f5 	mov	w21, w1
    40007e6c:	aa0503f6 	mov	x22, x5
    40007e70:	a90363f7 	stp	x23, x24, [sp, #48]
    40007e74:	aa0303f8 	mov	x24, x3
    40007e78:	2a0403f7 	mov	w23, w4
    40007e7c:	a9046bf9 	stp	x25, x26, [sp, #64]
    40007e80:	aa0003fa 	mov	x26, x0
    40007e84:	aa0203f9 	mov	x25, x2
    name_len = kernel_strlen(name);
    40007e88:	940003e6 	bl	40008e20 <kernel_strlen>
    if (name_len == 0U)
    40007e8c:	b40009e0 	cbz	x0, 40007fc8 <device_register+0x178>
 */
static device_desc_t *alloc_device_slot(void)
{
    uint32_t i;

    for (i = 0U; i < CONFIG_MAX_DEVICES; i++)
    40007e90:	52800006 	mov	w6, #0x0                   	// #0
    40007e94:	a90573fb 	stp	x27, x28, [sp, #80]
    40007e98:	f000061c 	adrp	x28, 400ca000 <s_irq_descs+0x1c38>
    40007e9c:	91306387 	add	x7, x28, #0xc18
    40007ea0:	14000004 	b	40007eb0 <device_register+0x60>
    40007ea4:	110004c6 	add	w6, w6, #0x1
    40007ea8:	710080df 	cmp	w6, #0x20
    40007eac:	54000800 	b.eq	40007fac <device_register+0x15c>  // b.none
    {
        if (s_devices[i].dev_id == 0U)
    40007eb0:	b94000e8 	ldr	w8, [x7]
    for (i = 0U; i < CONFIG_MAX_DEVICES; i++)
    40007eb4:	9101e0e7 	add	x7, x7, #0x78
        if (s_devices[i].dev_id == 0U)
    40007eb8:	35ffff68 	cbnz	w8, 40007ea4 <device_register+0x54>
    dev->dev_id = s_next_dev_id++;
    40007ebc:	f0000602 	adrp	x2, 400ca000 <s_irq_descs+0x1c38>
    40007ec0:	a90153f3 	stp	x19, x20, [sp, #16]
    40007ec4:	d37c7cd4 	ubfiz	x20, x6, #4, #32
    40007ec8:	cb264294 	sub	x20, x20, w6, uxtw
    40007ecc:	52800f00 	mov	w0, #0x78                  	// #120
    40007ed0:	b94bdc44 	ldr	w4, [x2, #3036]
        {
            return &s_devices[i];
    40007ed4:	9130639b 	add	x27, x28, #0xc18
    40007ed8:	9ba07cd3 	umull	x19, w6, w0
    dev->dev_id = s_next_dev_id++;
    40007edc:	d37df294 	lsl	x20, x20, #3
    40007ee0:	11000483 	add	w3, w4, #0x1
    kernel_strncpy(dev->name, name, DRIVER_NAME_MAX_LEN);
    40007ee4:	aa1a03e1 	mov	x1, x26
    dev->dev_id = s_next_dev_id++;
    40007ee8:	b90bdc43 	str	w3, [x2, #3036]
    dev->name[DRIVER_NAME_MAX_LEN] = '\0';
    40007eec:	8b14037a 	add	x26, x27, x20
            return &s_devices[i];
    40007ef0:	8b1b0263 	add	x3, x19, x27
    dev->dev_id = s_next_dev_id++;
    40007ef4:	b8346b64 	str	w4, [x27, x20]
    dev->state = DRIVER_STATE_UNINITIALIZED;
    40007ef8:	91014294 	add	x20, x20, #0x50
    kernel_strncpy(dev->name, name, DRIVER_NAME_MAX_LEN);
    40007efc:	91001260 	add	x0, x19, #0x4
    40007f00:	d28003e2 	mov	x2, #0x1f                  	// #31
    40007f04:	8b000360 	add	x0, x27, x0
            return &s_devices[i];
    40007f08:	f90037e3 	str	x3, [sp, #104]
    kernel_strncpy(dev->name, name, DRIVER_NAME_MAX_LEN);
    40007f0c:	940003d1 	bl	40008e50 <kernel_strncpy>
    dev->name[DRIVER_NAME_MAX_LEN] = '\0';
    40007f10:	39008f5f 	strb	wzr, [x26, #35]
    ticket_lock_acquire(&s_driver_lock);
    40007f14:	f0000602 	adrp	x2, 400ca000 <s_irq_descs+0x1c38>
    dev->type = type;
    40007f18:	b9002755 	str	w21, [x26, #36]
    ticket_lock_acquire(&s_driver_lock);
    40007f1c:	912fa040 	add	x0, x2, #0xbe8
    dev->mmio_size = mmio_size;
    40007f20:	a9036359 	stp	x25, x24, [x26, #48]
    dev->irq = irq;
    40007f24:	b9004357 	str	w23, [x26, #64]
    dev->priv = priv;
    40007f28:	f9002756 	str	x22, [x26, #72]
    dev->state = DRIVER_STATE_UNINITIALIZED;
    40007f2c:	f8346b7f 	str	xzr, [x27, x20]
    ticket_lock_acquire(&s_driver_lock);
    40007f30:	97fff184 	bl	40004540 <ticket_lock_acquire>
    __list_add(new_node, head->prev, head);
    40007f34:	f0000600 	adrp	x0, 400ca000 <s_irq_descs+0x1c38>
    40007f38:	912fe000 	add	x0, x0, #0xbf8
    if ((new_node == NULL) || (prev == NULL) || (next == NULL))
    40007f3c:	f94037e3 	ldr	x3, [sp, #104]
    40007f40:	f0000602 	adrp	x2, 400ca000 <s_irq_descs+0x1c38>
    __list_add(new_node, head->prev, head);
    40007f44:	f9400404 	ldr	x4, [x0, #8]
    if ((new_node == NULL) || (prev == NULL) || (next == NULL))
    40007f48:	b40000c4 	cbz	x4, 40007f60 <device_register+0x110>
    list_add_tail(&dev->node, &s_device_list);
    40007f4c:	91016261 	add	x1, x19, #0x58
    new_node->prev = prev;
    40007f50:	a9059340 	stp	x0, x4, [x26, #88]
    40007f54:	8b1b0021 	add	x1, x1, x27
    next->prev = new_node;
    40007f58:	f9000401 	str	x1, [x0, #8]
    prev->next = new_node;
    40007f5c:	f9000081 	str	x1, [x4]
    s_stats.total_devices++;
    40007f60:	f0000601 	adrp	x1, 400ca000 <s_irq_descs+0x1c38>
    40007f64:	912f2021 	add	x1, x1, #0xbc8
    INIT_LIST_HEAD(&dev->drv_node);
    40007f68:	91306380 	add	x0, x28, #0xc18
    40007f6c:	9101a266 	add	x6, x19, #0x68
    40007f70:	8b0000c6 	add	x6, x6, x0
    ticket_lock_release(&s_driver_lock);
    40007f74:	912fa040 	add	x0, x2, #0xbe8
    s_stats.total_devices++;
    40007f78:	b9400422 	ldr	w2, [x1, #4]
        ptr->prev = ptr;
    40007f7c:	a9069866 	stp	x6, x6, [x3, #104]
    40007f80:	11000442 	add	w2, w2, #0x1
    40007f84:	b9000422 	str	w2, [x1, #4]
    ticket_lock_release(&s_driver_lock);
    40007f88:	97fff192 	bl	400045d0 <ticket_lock_release>
    return KERNEL_OK;
    40007f8c:	a94153f3 	ldp	x19, x20, [sp, #16]
    40007f90:	52800000 	mov	w0, #0x0                   	// #0
    40007f94:	a94573fb 	ldp	x27, x28, [sp, #80]
}
    40007f98:	a9425bf5 	ldp	x21, x22, [sp, #32]
    40007f9c:	a94363f7 	ldp	x23, x24, [sp, #48]
    40007fa0:	a9446bf9 	ldp	x25, x26, [sp, #64]
    40007fa4:	a8c77bfd 	ldp	x29, x30, [sp], #112
    40007fa8:	d65f03c0 	ret
    40007fac:	a9425bf5 	ldp	x21, x22, [sp, #32]
        return -12; /* ENOMEM */
    40007fb0:	12800160 	mov	w0, #0xfffffff4            	// #-12
}
    40007fb4:	a94363f7 	ldp	x23, x24, [sp, #48]
    40007fb8:	a9446bf9 	ldp	x25, x26, [sp, #64]
        return -12; /* ENOMEM */
    40007fbc:	a94573fb 	ldp	x27, x28, [sp, #80]
}
    40007fc0:	a8c77bfd 	ldp	x29, x30, [sp], #112
    40007fc4:	d65f03c0 	ret
        return -22; /* EINVAL */
    40007fc8:	128002a0 	mov	w0, #0xffffffea            	// #-22
    40007fcc:	17fffff3 	b	40007f98 <device_register+0x148>
    40007fd0:	128002a0 	mov	w0, #0xffffffea            	// #-22
}
    40007fd4:	d65f03c0 	ret
	...

0000000040007fe0 <device_probe_all>:
{
    40007fe0:	a9ba7bfd 	stp	x29, x30, [sp, #-96]!
    40007fe4:	910003fd 	mov	x29, sp
    40007fe8:	a90363f7 	stp	x23, x24, [sp, #48]
    40007fec:	a9046bf9 	stp	x25, x26, [sp, #64]
    ticket_lock_acquire(&s_driver_lock);
    40007ff0:	f0000619 	adrp	x25, 400ca000 <s_irq_descs+0x1c38>
    40007ff4:	912fa320 	add	x0, x25, #0xbe8
{
    40007ff8:	f9002bfb 	str	x27, [sp, #80]
    ticket_lock_acquire(&s_driver_lock);
    40007ffc:	97fff151 	bl	40004540 <ticket_lock_acquire>
    list_for_each_safe(pos, n, &s_device_list)
    40008000:	d0000600 	adrp	x0, 400ca000 <s_irq_descs+0x1c38>
    40008004:	912fe01b 	add	x27, x0, #0xbf8
    40008008:	f945fc17 	ldr	x23, [x0, #3064]
    4000800c:	f94002f8 	ldr	x24, [x23]
    40008010:	eb1b02ff 	cmp	x23, x27
    40008014:	540007a0 	b.eq	40008108 <device_probe_all+0x128>  // b.none
    40008018:	a9025bf5 	stp	x21, x22, [sp, #32]
 */
static driver_desc_t *find_driver_for_device(const device_desc_t *dev)
{
    struct list_head *pos;

    list_for_each(pos, &s_driver_list)
    4000801c:	d0000616 	adrp	x22, 400ca000 <s_irq_descs+0x1c38>
    40008020:	913022d6 	add	x22, x22, #0xc08
    40008024:	a90153f3 	stp	x19, x20, [sp, #16]
        if (dev->drv_id != 0U)
    40008028:	b85fc2e0 	ldur	w0, [x23, #-4]
    4000802c:	d10162f5 	sub	x21, x23, #0x58
    40008030:	350005c0 	cbnz	w0, 400080e8 <device_probe_all+0x108>
        if (dev->state != DRIVER_STATE_UNINITIALIZED)
    40008034:	b94052a0 	ldr	w0, [x21, #80]
    40008038:	35000580 	cbnz	w0, 400080e8 <device_probe_all+0x108>
    list_for_each(pos, &s_driver_list)
    4000803c:	f94002d3 	ldr	x19, [x22]
    40008040:	eb16027f 	cmp	x19, x22
    40008044:	54000520 	b.eq	400080e8 <device_probe_all+0x108>  // b.none
        if (kernel_strncmp(drv->match.compatible, dev->name,
    40008048:	d10152fa 	sub	x26, x23, #0x54
    4000804c:	1400000c 	b	4000807c <device_probe_all+0x9c>
    if ((drv->match.vendor_id != 0U) && (drv->match.device_id != 0U))
    40008050:	b9404a80 	ldr	w0, [x20, #72]
    40008054:	340000a0 	cbz	w0, 40008068 <device_probe_all+0x88>
    40008058:	b9404e80 	ldr	w0, [x20, #76]
    4000805c:	34000060 	cbz	w0, 40008068 <device_probe_all+0x88>
        if ((dev->pci_id.bus != 0U) || (dev->pci_id.device != 0U))
    40008060:	794052a0 	ldrh	w0, [x21, #40]
    40008064:	b5000240 	cbnz	x0, 400080ac <device_probe_all+0xcc>
    if (drv->match.class_code != 0U)
    40008068:	b9405280 	ldr	w0, [x20, #80]
    4000806c:	35000200 	cbnz	w0, 400080ac <device_probe_all+0xcc>
    list_for_each(pos, &s_driver_list)
    40008070:	f9400273 	ldr	x19, [x19]
    40008074:	eb16027f 	cmp	x19, x22
    40008078:	54000380 	b.eq	400080e8 <device_probe_all+0x108>  // b.none
    if (drv->type != dev->type)
    4000807c:	b94026a0 	ldr	w0, [x21, #36]
    40008080:	d1020274 	sub	x20, x19, #0x80
    40008084:	b9402681 	ldr	w1, [x20, #36]
    40008088:	6b00003f 	cmp	w1, w0
    4000808c:	54ffff21 	b.ne	40008070 <device_probe_all+0x90>  // b.any
    if (drv->match.compatible[0] != '\0')
    40008090:	3940a280 	ldrb	w0, [x20, #40]
    40008094:	34fffde0 	cbz	w0, 40008050 <device_probe_all+0x70>
        if (kernel_strncmp(drv->match.compatible, dev->name,
    40008098:	aa1a03e1 	mov	x1, x26
    4000809c:	d1016260 	sub	x0, x19, #0x58
    400080a0:	d28003e2 	mov	x2, #0x1f                  	// #31
    400080a4:	9400037f 	bl	40008ea0 <kernel_strncmp>
    400080a8:	35fffd40 	cbnz	w0, 40008050 <device_probe_all+0x70>
        if ((drv->ops != NULL) && (drv->ops->probe != NULL))
    400080ac:	f9402e80 	ldr	x0, [x20, #88]
    400080b0:	b40001c0 	cbz	x0, 400080e8 <device_probe_all+0x108>
    400080b4:	f9400001 	ldr	x1, [x0]
    400080b8:	b4000181 	cbz	x1, 400080e8 <device_probe_all+0x108>
            ret = drv->ops->probe((void *)dev);
    400080bc:	aa1503e0 	mov	x0, x21
    400080c0:	d63f0020 	blr	x1
            if (ret == KERNEL_OK)
    400080c4:	34000320 	cbz	w0, 40008128 <device_probe_all+0x148>
                s_stats.probe_fail_count++;
    400080c8:	d0000600 	adrp	x0, 400ca000 <s_irq_descs+0x1c38>
    400080cc:	912f2000 	add	x0, x0, #0xbc8
                dev->state = DRIVER_STATE_FAILED;
    400080d0:	52800081 	mov	w1, #0x4                   	// #4
    400080d4:	b90052a1 	str	w1, [x21, #80]
                s_stats.probe_fail_count++;
    400080d8:	b9400c01 	ldr	w1, [x0, #12]
    400080dc:	11000421 	add	w1, w1, #0x1
    400080e0:	b9000c01 	str	w1, [x0, #12]
    400080e4:	d503201f 	nop
    list_for_each_safe(pos, n, &s_device_list)
    400080e8:	f9400300 	ldr	x0, [x24]
    400080ec:	aa1803f7 	mov	x23, x24
    400080f0:	eb1b031f 	cmp	x24, x27
    400080f4:	54000060 	b.eq	40008100 <device_probe_all+0x120>  // b.none
    400080f8:	aa0003f8 	mov	x24, x0
    400080fc:	17ffffcb 	b	40008028 <device_probe_all+0x48>
    40008100:	a94153f3 	ldp	x19, x20, [sp, #16]
    40008104:	a9425bf5 	ldp	x21, x22, [sp, #32]
    ticket_lock_release(&s_driver_lock);
    40008108:	912fa320 	add	x0, x25, #0xbe8
    4000810c:	97fff131 	bl	400045d0 <ticket_lock_release>
}
    40008110:	a94363f7 	ldp	x23, x24, [sp, #48]
    40008114:	52800000 	mov	w0, #0x0                   	// #0
    40008118:	a9446bf9 	ldp	x25, x26, [sp, #64]
    4000811c:	f9402bfb 	ldr	x27, [sp, #80]
    40008120:	a8c67bfd 	ldp	x29, x30, [sp], #96
    40008124:	d65f03c0 	ret
    __list_add(new_node, head->prev, head);
    40008128:	f85f8260 	ldur	x0, [x19, #-8]
                dev->state = DRIVER_STATE_RUNNING;
    4000812c:	52800042 	mov	w2, #0x2                   	// #2
                dev->drv_id = drv->drv_id;
    40008130:	b9400281 	ldr	w1, [x20]
    40008134:	290a06a2 	stp	w2, w1, [x21, #80]
    if ((new_node == NULL) || (prev == NULL) || (next == NULL))
    40008138:	b40000c0 	cbz	x0, 40008150 <device_probe_all+0x170>
                list_add_tail(&dev->drv_node, &drv->devices);
    4000813c:	910042e1 	add	x1, x23, #0x10
    next->prev = new_node;
    40008140:	f81f8261 	stur	x1, [x19, #-8]
    40008144:	d1004273 	sub	x19, x19, #0x10
    new_node->prev = prev;
    40008148:	a90102f3 	stp	x19, x0, [x23, #16]
    prev->next = new_node;
    4000814c:	f9000001 	str	x1, [x0]
                s_stats.probe_count++;
    40008150:	d0000600 	adrp	x0, 400ca000 <s_irq_descs+0x1c38>
    40008154:	912f2000 	add	x0, x0, #0xbc8
                drv->device_count++;
    40008158:	294c8a83 	ldp	w3, w2, [x20, #100]
                s_stats.probe_count++;
    4000815c:	b9400801 	ldr	w1, [x0, #8]
                drv->ref_count++;
    40008160:	11000463 	add	w3, w3, #0x1
                drv->device_count++;
    40008164:	11000442 	add	w2, w2, #0x1
    40008168:	290c8a83 	stp	w3, w2, [x20, #100]
                s_stats.probe_count++;
    4000816c:	11000421 	add	w1, w1, #0x1
    40008170:	b9000801 	str	w1, [x0, #8]
    40008174:	17ffffdd 	b	400080e8 <device_probe_all+0x108>
	...

0000000040008180 <driver_module_init>:

/**
 * @brief 初始化模块加载器
 */
void driver_module_init(void)
{
    40008180:	a9bf7bfd 	stp	x29, x30, [sp, #-16]!
    kernel_memzero(s_modules, sizeof(s_modules));
    40008184:	d2801801 	mov	x1, #0xc0                  	// #192
    40008188:	90000620 	adrp	x0, 400cc000 <s_drivers+0x4e8>
{
    4000818c:	910003fd 	mov	x29, sp
    kernel_memzero(s_modules, sizeof(s_modules));
    40008190:	9112a000 	add	x0, x0, #0x4a8
    40008194:	9400031b 	bl	40008e00 <kernel_memzero>
    ticket_lock_init(&s_module_lock);
}
    40008198:	a8c17bfd 	ldp	x29, x30, [sp], #16
    ticket_lock_init(&s_module_lock);
    4000819c:	90000620 	adrp	x0, 400cc000 <s_drivers+0x4e8>
    400081a0:	91126000 	add	x0, x0, #0x498
    400081a4:	17fff0df 	b	40004520 <ticket_lock_init>
	...

00000000400081b0 <uart_probe>:
 */
static kernel_status_t uart_probe(void *dev_data)
{
    device_desc_t *dev = (device_desc_t *)dev_data;

    if (dev == NULL)
    400081b0:	b4000120 	cbz	x0, 400081d4 <uart_probe+0x24>
    {
        return -22; /* EINVAL */
    }

    s_uart_priv.base = (uint64_t)dev->mmio_base;
    400081b4:	90000622 	adrp	x2, 400cc000 <s_drivers+0x4e8>
    400081b8:	9115a041 	add	x1, x2, #0x568
    400081bc:	f9401803 	ldr	x3, [x0, #48]
    400081c0:	f902b443 	str	x3, [x2, #1384]
    s_uart_priv.irq = dev->irq;
    400081c4:	b9404002 	ldr	w2, [x0, #64]
    s_uart_priv.opened = 0U;

    /* 通过 HAL 初始化 UART（已在 kernel_main 中初始化，此处不重复） */
    return KERNEL_OK;
    400081c8:	52800000 	mov	w0, #0x0                   	// #0
    s_uart_priv.opened = 0U;
    400081cc:	29017c22 	stp	w2, wzr, [x1, #8]
}
    400081d0:	d65f03c0 	ret
        return -22; /* EINVAL */
    400081d4:	128002a0 	mov	w0, #0xffffffea            	// #-22
}
    400081d8:	d65f03c0 	ret
    400081dc:	00000000 	udf	#0

00000000400081e0 <uart_remove>:
 * @brief 移除 UART 设备
 */
static kernel_status_t uart_remove(void *dev_data)
{
    (void)dev_data;
    s_uart_priv.opened = 0U;
    400081e0:	90000621 	adrp	x1, 400cc000 <s_drivers+0x4e8>
    return KERNEL_OK;
}
    400081e4:	52800000 	mov	w0, #0x0                   	// #0
    s_uart_priv.opened = 0U;
    400081e8:	b905743f 	str	wzr, [x1, #1396]
}
    400081ec:	d65f03c0 	ret

00000000400081f0 <uart_ioctl>:
 */
static kernel_status_t uart_ioctl(void *dev_data, uint32_t cmd, void *arg)
{
    (void)dev_data;

    if (cmd == 0U) /* GET_BASE */
    400081f0:	350000e1 	cbnz	w1, 4000820c <uart_ioctl+0x1c>
    {
        if (arg != NULL)
    400081f4:	b4000082 	cbz	x2, 40008204 <uart_ioctl+0x14>
        {
            *((uint64_t *)arg) = s_uart_priv.base;
    400081f8:	90000620 	adrp	x0, 400cc000 <s_drivers+0x4e8>
    400081fc:	f942b400 	ldr	x0, [x0, #1384]
    40008200:	f9000040 	str	x0, [x2]
        }
        return KERNEL_OK;
    40008204:	52800000 	mov	w0, #0x0                   	// #0
    }

    return -22; /* EINVAL */
}
    40008208:	d65f03c0 	ret
    return -22; /* EINVAL */
    4000820c:	128002a0 	mov	w0, #0xffffffea            	// #-22
}
    40008210:	d65f03c0 	ret
	...

0000000040008220 <uart_irq>:
static void uart_irq(uint32_t irq, void *dev_data)
{
    (void)irq;
    (void)dev_data;
    /* 简化实现：实际应读取 UART 数据并投递到 IPC 通道 */
}
    40008220:	d65f03c0 	ret
	...

0000000040008230 <uart_write>:
    if (buf == NULL)
    40008230:	b4000281 	cbz	x1, 40008280 <uart_write+0x50>
{
    40008234:	a9bd7bfd 	stp	x29, x30, [sp, #-48]!
    40008238:	910003fd 	mov	x29, sp
    4000823c:	a9025bf5 	stp	x21, x22, [sp, #32]
    40008240:	aa0203f6 	mov	x22, x2
    for (i = 0U; i < size; i++)
    40008244:	b4000162 	cbz	x2, 40008270 <uart_write+0x40>
    40008248:	a90153f3 	stp	x19, x20, [sp, #16]
    4000824c:	aa0103f3 	mov	x19, x1
    40008250:	8b020034 	add	x20, x1, x2
    40008254:	90000635 	adrp	x21, 400cc000 <s_drivers+0x4e8>
        hal_uart_putc(s_uart_priv.base,
    40008258:	38401661 	ldrb	w1, [x19], #1
    4000825c:	f942b6a0 	ldr	x0, [x21, #1384]
    40008260:	97ffe7c8 	bl	40002180 <hal_uart_putc>
    for (i = 0U; i < size; i++)
    40008264:	eb14027f 	cmp	x19, x20
    40008268:	54ffff81 	b.ne	40008258 <uart_write+0x28>  // b.any
    4000826c:	a94153f3 	ldp	x19, x20, [sp, #16]
    return (int64_t)size;
    40008270:	aa1603e0 	mov	x0, x22
}
    40008274:	a9425bf5 	ldp	x21, x22, [sp, #32]
    40008278:	a8c37bfd 	ldp	x29, x30, [sp], #48
    4000827c:	d65f03c0 	ret
        return -22;
    40008280:	928002a0 	mov	x0, #0xffffffffffffffea    	// #-22
}
    40008284:	d65f03c0 	ret
	...

0000000040008290 <uart_read>:
    if (buf == NULL)
    40008290:	b4000461 	cbz	x1, 4000831c <uart_read+0x8c>
{
    40008294:	a9bb7bfd 	stp	x29, x30, [sp, #-80]!
    for (i = 0U; i < size; i++)
    40008298:	d2800000 	mov	x0, #0x0                   	// #0
{
    4000829c:	910003fd 	mov	x29, sp
    400082a0:	a90153f3 	stp	x19, x20, [sp, #16]
    400082a4:	aa0203f4 	mov	x20, x2
    for (i = 0U; i < size; i++)
    400082a8:	d2800013 	mov	x19, #0x0                   	// #0
{
    400082ac:	a9025bf5 	stp	x21, x22, [sp, #32]
    400082b0:	aa0103f5 	mov	x21, x1
    400082b4:	90000636 	adrp	x22, 400cc000 <s_drivers+0x4e8>
    400082b8:	f9001bf7 	str	x23, [sp, #48]
    400082bc:	91013ff7 	add	x23, sp, #0x4f
    for (i = 0U; i < size; i++)
    400082c0:	b50000e2 	cbnz	x2, 400082dc <uart_read+0x4c>
    400082c4:	1400000b 	b	400082f0 <uart_read+0x60>
        ((uint8_t *)buf)[i] = (uint8_t)ch;
    400082c8:	39413fe0 	ldrb	w0, [sp, #79]
    400082cc:	38336aa0 	strb	w0, [x21, x19]
    for (i = 0U; i < size; i++)
    400082d0:	91000673 	add	x19, x19, #0x1
    400082d4:	eb13029f 	cmp	x20, x19
    400082d8:	54000160 	b.eq	40008304 <uart_read+0x74>  // b.none
        rc = hal_uart_getc(s_uart_priv.base, &ch);
    400082dc:	f942b6c0 	ldr	x0, [x22, #1384]
    400082e0:	aa1703e1 	mov	x1, x23
    400082e4:	97ffe7df 	bl	40002260 <hal_uart_getc>
        if (rc != 0)
    400082e8:	34ffff00 	cbz	w0, 400082c8 <uart_read+0x38>
    return (int64_t)i;
    400082ec:	aa1303e0 	mov	x0, x19
}
    400082f0:	a94153f3 	ldp	x19, x20, [sp, #16]
    400082f4:	a9425bf5 	ldp	x21, x22, [sp, #32]
    400082f8:	f9401bf7 	ldr	x23, [sp, #48]
    400082fc:	a8c57bfd 	ldp	x29, x30, [sp], #80
    40008300:	d65f03c0 	ret
    40008304:	a9425bf5 	ldp	x21, x22, [sp, #32]
    return (int64_t)i;
    40008308:	aa1403e0 	mov	x0, x20
}
    4000830c:	a94153f3 	ldp	x19, x20, [sp, #16]
    40008310:	f9401bf7 	ldr	x23, [sp, #48]
    40008314:	a8c57bfd 	ldp	x29, x30, [sp], #80
    40008318:	d65f03c0 	ret
        return -22;
    4000831c:	928002a0 	mov	x0, #0xffffffffffffffea    	// #-22
}
    40008320:	d65f03c0 	ret
	...

0000000040008330 <drv_uart_register>:
    uint32_t i;

    /* 清零 match 结构 */
    for (i = 0U; i < sizeof(match.compatible); i++)
    {
        match.compatible[i] = '\0';
    40008330:	d28d8e04 	mov	x4, #0x6c70                	// #27760
{
    40008334:	a9bc7bfd 	stp	x29, x30, [sp, #-64]!
        match.compatible[i] = '\0';
    40008338:	f2a62604 	movk	x4, #0x3130, lsl #16
    4000833c:	f2c00624 	movk	x4, #0x31, lsl #32
{
    40008340:	910003fd 	mov	x29, sp
    match.compatible[4U] = '1';
    match.vendor_id = 0U;
    match.device_id = 0U;
    match.class_code = 0U;

    return driver_register_kern("uart-pl011", DRIVER_TYPE_UART,
    40008344:	910043e2 	add	x2, sp, #0x10
    40008348:	52800001 	mov	w1, #0x0                   	// #0
    4000834c:	d0000003 	adrp	x3, 4000a000 <__dtb_ptr>
    40008350:	b0000000 	adrp	x0, 40009000 <__text_end>
    40008354:	91002063 	add	x3, x3, #0x8
    40008358:	910f0000 	add	x0, x0, #0x3c0
        match.compatible[i] = '\0';
    4000835c:	a9017fe4 	stp	x4, xzr, [sp, #16]
    40008360:	a9027fff 	stp	xzr, xzr, [sp, #32]
    match.vendor_id = 0U;
    40008364:	f9001bff 	str	xzr, [sp, #48]
    match.class_code = 0U;
    40008368:	b9003bff 	str	wzr, [sp, #56]
    return driver_register_kern("uart-pl011", DRIVER_TYPE_UART,
    4000836c:	97fffe39 	bl	40007c50 <driver_register_kern>
                                 &match, &s_drv_uart_ops);
}
    40008370:	a8c47bfd 	ldp	x29, x30, [sp], #64
    40008374:	d65f03c0 	ret
	...

0000000040008380 <virtio_blk_ioctl>:
static kernel_status_t virtio_blk_ioctl(void *dev_data, uint32_t cmd,
                                         void *arg)
{
    (void)dev_data;

    if (arg == NULL)
    40008380:	b40001c2 	cbz	x2, 400083b8 <virtio_blk_ioctl+0x38>
    {
        return -22;
    }

    if (cmd == 0U) /* GET_CAPACITY */
    40008384:	34000101 	cbz	w1, 400083a4 <virtio_blk_ioctl+0x24>
    {
        *((uint64_t *)arg) = s_blk_priv.capacity;
        return KERNEL_OK;
    }

    if (cmd == 1U) /* GET_SECTOR_SIZE */
    40008388:	7100043f 	cmp	w1, #0x1
    4000838c:	54000161 	b.ne	400083b8 <virtio_blk_ioctl+0x38>  // b.any
    {
        *((uint32_t *)arg) = s_blk_priv.sector_size;
    40008390:	b0000620 	adrp	x0, 400cd000 <s_blk_priv>
    40008394:	b9401800 	ldr	w0, [x0, #24]
    40008398:	b9000040 	str	w0, [x2]
        return KERNEL_OK;
    4000839c:	52800000 	mov	w0, #0x0                   	// #0
        return KERNEL_OK;
    }

    return -22;
}
    400083a0:	d65f03c0 	ret
        *((uint64_t *)arg) = s_blk_priv.capacity;
    400083a4:	b0000620 	adrp	x0, 400cd000 <s_blk_priv>
    400083a8:	f9400800 	ldr	x0, [x0, #16]
    400083ac:	f9000040 	str	x0, [x2]
        return KERNEL_OK;
    400083b0:	52800000 	mov	w0, #0x0                   	// #0
    400083b4:	17fffffb 	b	400083a0 <virtio_blk_ioctl+0x20>
        return -22;
    400083b8:	128002a0 	mov	w0, #0xffffffea            	// #-22
}
    400083bc:	d65f03c0 	ret

00000000400083c0 <virtio_blk_irq>:
{
    uint32_t int_status;
    (void)irq;
    (void)dev_data;

    int_status = mmio_read32(s_blk_priv.mmio_base, VIRTIO_MMIO_INTERRUPT_STATUS);
    400083c0:	b0000620 	adrp	x0, 400cd000 <s_blk_priv>
    400083c4:	91000001 	add	x1, x0, #0x0
    400083c8:	f9400000 	ldr	x0, [x0]
    return *reg;
    400083cc:	b9406002 	ldr	w2, [x0, #96]
    if (int_status != 0U)
    400083d0:	340000a2 	cbz	w2, 400083e4 <virtio_blk_irq+0x24>
        /* ACK 中断 */
        mmio_write32(s_blk_priv.mmio_base, VIRTIO_MMIO_INTERRUPT_ACK,
                     int_status);

        /* 触发通知唤醒等待线程 */
        if (s_blk_priv.notify_id != 0U)
    400083d4:	91401021 	add	x1, x1, #0x4, lsl #12
    *reg = value;
    400083d8:	b9006402 	str	w2, [x0, #100]
        if (s_blk_priv.notify_id != 0U)
    400083dc:	b9405820 	ldr	w0, [x1, #88]
    400083e0:	35000040 	cbnz	w0, 400083e8 <virtio_blk_irq+0x28>
        {
            (void)ipc_notification_signal(s_blk_priv.notify_id, 1U);
        }
    }
}
    400083e4:	d65f03c0 	ret
            (void)ipc_notification_signal(s_blk_priv.notify_id, 1U);
    400083e8:	d2800021 	mov	x1, #0x1                   	// #1
    400083ec:	17fff865 	b	40006580 <ipc_notification_signal>

00000000400083f0 <virtio_blk_remove>:
{
    400083f0:	a9be7bfd 	stp	x29, x30, [sp, #-32]!
    400083f4:	910003fd 	mov	x29, sp
    400083f8:	a90153f3 	stp	x19, x20, [sp, #16]
    if (s_blk_priv.initialized != 0U)
    400083fc:	b0000633 	adrp	x19, 400cd000 <s_blk_priv>
    40008400:	91000260 	add	x0, x19, #0x0
    40008404:	b9401c01 	ldr	w1, [x0, #28]
    40008408:	34000101 	cbz	w1, 40008428 <virtio_blk_remove+0x38>
        if (s_blk_priv.notify_id != 0U)
    4000840c:	91401014 	add	x20, x0, #0x4, lsl #12
    40008410:	b9405a80 	ldr	w0, [x20, #88]
    40008414:	35000120 	cbnz	w0, 40008438 <virtio_blk_remove+0x48>
    reg = (volatile uint32_t *)(base + (uint64_t)offset);
    40008418:	f9400260 	ldr	x0, [x19]
        mmio_write32(s_blk_priv.mmio_base, VIRTIO_MMIO_STATUS, 0U);
    4000841c:	91000273 	add	x19, x19, #0x0
    *reg = value;
    40008420:	b900701f 	str	wzr, [x0, #112]
        s_blk_priv.initialized = 0U;
    40008424:	b9001e7f 	str	wzr, [x19, #28]
}
    40008428:	a94153f3 	ldp	x19, x20, [sp, #16]
    4000842c:	52800000 	mov	w0, #0x0                   	// #0
    40008430:	a8c27bfd 	ldp	x29, x30, [sp], #32
    40008434:	d65f03c0 	ret
            (void)ipc_notification_destroy(s_blk_priv.notify_id);
    40008438:	97fff80e 	bl	40006470 <ipc_notification_destroy>
            s_blk_priv.notify_id = 0U;
    4000843c:	b9005a9f 	str	wzr, [x20, #88]
    40008440:	17fffff6 	b	40008418 <virtio_blk_remove+0x28>
	...

0000000040008450 <virtio_blk_probe>:
    if (dev == NULL)
    40008450:	b40014a0 	cbz	x0, 400086e4 <virtio_blk_probe+0x294>
{
    40008454:	a9bd7bfd 	stp	x29, x30, [sp, #-48]!
            if ((mg == VIRTIO_MAGIC) && (did == VIRTIO_BLK_DEVICE_ID))
    40008458:	528d2ec5 	mov	w5, #0x6976                	// #26998
    s_blk_priv.sector_size = VIRTIO_BLK_SECTOR_SIZE;
    4000845c:	d2804003 	mov	x3, #0x200                 	// #512
{
    40008460:	910003fd 	mov	x29, sp
    40008464:	a90153f3 	stp	x19, x20, [sp, #16]
    s_blk_priv.mmio_base = (uint64_t)dev->mmio_base;
    40008468:	b0000634 	adrp	x20, 400cd000 <s_blk_priv>
    4000846c:	91000281 	add	x1, x20, #0x0
    40008470:	f9401802 	ldr	x2, [x0, #48]
    40008474:	f9000282 	str	x2, [x20]
    s_blk_priv.irq = dev->irq;
    40008478:	b9404004 	ldr	w4, [x0, #64]
            if ((mg == VIRTIO_MAGIC) && (did == VIRTIO_BLK_DEVICE_ID))
    4000847c:	72ae8e45 	movk	w5, #0x7472, lsl #16
    s_blk_priv.sector_size = VIRTIO_BLK_SECTOR_SIZE;
    40008480:	d2a14002 	mov	x2, #0xa000000             	// #167772160
        for (slot = 0U; slot < 32U; slot++)
    40008484:	52800000 	mov	w0, #0x0                   	// #0
    s_blk_priv.irq = dev->irq;
    40008488:	b9000824 	str	w4, [x1, #8]
    s_blk_priv.sector_size = VIRTIO_BLK_SECTOR_SIZE;
    4000848c:	f9000c23 	str	x3, [x1, #24]
        for (slot = 0U; slot < 32U; slot++)
    40008490:	14000005 	b	400084a4 <virtio_blk_probe+0x54>
    40008494:	11000400 	add	w0, w0, #0x1
    40008498:	91080042 	add	x2, x2, #0x200
    4000849c:	7100801f 	cmp	w0, #0x20
    400084a0:	54001080 	b.eq	400086b0 <virtio_blk_probe+0x260>  // b.none
    return *reg;
    400084a4:	aa0203e1 	mov	x1, x2
    400084a8:	b8408424 	ldr	w4, [x1], #8
    400084ac:	b9400843 	ldr	w3, [x2, #8]
            if ((mg == VIRTIO_MAGIC) && (did == VIRTIO_BLK_DEVICE_ID))
    400084b0:	6b05009f 	cmp	w4, w5
    400084b4:	7a420860 	ccmp	w3, #0x2, #0x0, eq	// eq = none
    400084b8:	54fffee1 	b.ne	40008494 <virtio_blk_probe+0x44>  // b.any
                s_blk_priv.mmio_base = addr;
    400084bc:	91000286 	add	x6, x20, #0x0
                s_blk_priv.irq = VIRTIO_MMIO_IRQ_BASE + slot;
    400084c0:	1100c000 	add	w0, w0, #0x30
                s_blk_priv.mmio_base = addr;
    400084c4:	f9000282 	str	x2, [x20]
                s_blk_priv.irq = VIRTIO_MMIO_IRQ_BASE + slot;
    400084c8:	b90008c0 	str	w0, [x6, #8]
    return *reg;
    400084cc:	b9400040 	ldr	w0, [x2]
    if (magic != VIRTIO_MAGIC)
    400084d0:	6b05001f 	cmp	w0, w5
    400084d4:	54000ee1 	b.ne	400086b0 <virtio_blk_probe+0x260>  // b.any
    return *reg;
    400084d8:	b9400020 	ldr	w0, [x1]
    if (device_id != VIRTIO_BLK_DEVICE_ID)
    400084dc:	7100081f 	cmp	w0, #0x2
    400084e0:	54000e81 	b.ne	400086b0 <virtio_blk_probe+0x260>  // b.any
    *reg = value;
    400084e4:	52800020 	mov	w0, #0x1                   	// #1
    400084e8:	b9007040 	str	w0, [x2, #112]
    400084ec:	52800060 	mov	w0, #0x3                   	// #3
    400084f0:	b9007040 	str	w0, [x2, #112]
    400084f4:	b900205f 	str	wzr, [x2, #32]
    400084f8:	52820000 	mov	w0, #0x1000                	// #4096
    400084fc:	b9002840 	str	w0, [x2, #40]
    reg = (volatile uint32_t *)(base + (uint64_t)offset);
    40008500:	9100c047 	add	x7, x2, #0x30
    *reg = value;
    40008504:	b900305f 	str	wzr, [x2, #48]
    return *reg;
    40008508:	b9403441 	ldr	w1, [x2, #52]
    if (q_num_max == 0U)
    4000850c:	34000da1 	cbz	w1, 400086c0 <virtio_blk_probe+0x270>
    base = (uint8_t *)(((uintptr_t)priv->vq_mem + 4095U) & ~4095ULL);
    40008510:	d0000620 	adrp	x0, 400ce000 <s_blk_priv+0x1000>
    40008514:	91000000 	add	x0, x0, #0x0
    40008518:	913ffc13 	add	x19, x0, #0xfff
    priv->vq_state.queue_size = queue_size;
    4000851c:	914008cc 	add	x12, x6, #0x2, lsl #12
    base = (uint8_t *)(((uintptr_t)priv->vq_mem + 4095U) & ~4095ULL);
    40008520:	9274ce73 	and	x19, x19, #0xfffffffffffff000
    if ((uint32_t)queue_size > q_num_max)
    40008524:	7100203f 	cmp	w1, #0x8
    40008528:	52800103 	mov	w3, #0x8                   	// #8
    4000852c:	1a839025 	csel	w5, w1, w3, ls	// ls = plast
    40008530:	f90013f5 	str	x21, [sp, #32]
    priv->used_ring_entries = (virtq_used_elem_t *)(void *)(base + offset +
    40008534:	d2820081 	mov	x1, #0x1004                	// #4100
    priv->avail_ring = (virtq_avail_hdr_t *)(void *)(base + offset);
    40008538:	9102026b 	add	x11, x19, #0x80
    priv->used_ring_entries = (virtq_used_elem_t *)(void *)(base + offset +
    4000853c:	8b010268 	add	x8, x19, x1
    priv->avail_ring_entries = (uint16_t *)(void *)(base + offset +
    40008540:	9102126a 	add	x10, x19, #0x84
    priv->used_ring = (virtq_used_hdr_t *)(void *)(base + offset);
    40008544:	91400669 	add	x9, x19, #0x1, lsl #12
    40008548:	12003ca4 	and	w4, w5, #0xffff
    priv->used_ring->flags = 0U;
    4000854c:	aa1303e3 	mov	x3, x19
    priv->vq_state.queue_size = queue_size;
    40008550:	79205d84 	strh	w4, [x12, #4142]
    for (i = 0U; i < priv->vq_state.queue_size; i++)
    40008554:	52800001 	mov	w1, #0x0                   	// #0
    priv->desc_table = (virtq_desc_t *)(void *)base;
    40008558:	f91800d3 	str	x19, [x6, #12288]
    priv->avail_ring = (virtq_avail_hdr_t *)(void *)(base + offset);
    4000855c:	f91804cb 	str	x11, [x6, #12296]
    priv->avail_ring_entries = (uint16_t *)(void *)(base + offset +
    40008560:	f91808ca 	str	x10, [x6, #12304]
    priv->used_ring = (virtq_used_hdr_t *)(void *)(base + offset);
    40008564:	f9180cc9 	str	x9, [x6, #12312]
    priv->used_ring_entries = (virtq_used_elem_t *)(void *)(base + offset +
    40008568:	f91810c8 	str	x8, [x6, #12320]
    priv->avail_ring->flags = 0U;
    4000856c:	b900827f 	str	wzr, [x19, #128]
    priv->used_ring->flags = 0U;
    40008570:	b910027f 	str	wzr, [x19, #4096]
    for (i = 0U; i < priv->vq_state.queue_size; i++)
    40008574:	d503201f 	nop
        desc[i].next = (uint16_t)(i + 1U);
    40008578:	11000421 	add	w1, w1, #0x1
        desc[i].addr = 0U;
    4000857c:	f900007f 	str	xzr, [x3]
        desc[i].next = (uint16_t)(i + 1U);
    40008580:	12003c21 	and	w1, w1, #0xffff
        desc[i].len = 0U;
    40008584:	b900087f 	str	wzr, [x3, #8]
        desc[i].flags = 0U;
    40008588:	7900187f 	strh	wzr, [x3, #12]
    for (i = 0U; i < priv->vq_state.queue_size; i++)
    4000858c:	91004063 	add	x3, x3, #0x10
        desc[i].next = (uint16_t)(i + 1U);
    40008590:	781fe061 	sturh	w1, [x3, #-2]
    for (i = 0U; i < priv->vq_state.queue_size; i++)
    40008594:	6b01009f 	cmp	w4, w1
    40008598:	54ffff08 	b.hi	40008578 <virtio_blk_probe+0x128>  // b.pmore
    desc[priv->vq_state.queue_size - 1U].next = VIRTQ_DESC_INVALID;
    4000859c:	510004a6 	sub	w6, w5, #0x1
    priv->vq_state.free_head = 0U;
    400085a0:	91000295 	add	x21, x20, #0x0
    400085a4:	91400aa3 	add	x3, x21, #0x2, lsl #12
    desc[priv->vq_state.queue_size - 1U].next = VIRTQ_DESC_INVALID;
    400085a8:	12800008 	mov	w8, #0xffffffff            	// #-1
    400085ac:	8b061266 	add	x6, x19, x6, lsl #4
    hal_dcache_clean((uint64_t)(uintptr_t)priv->vq_mem,
    400085b0:	d2840001 	mov	x1, #0x2000                	// #8192
    desc[priv->vq_state.queue_size - 1U].next = VIRTQ_DESC_INVALID;
    400085b4:	79001cc8 	strh	w8, [x6, #14]
    priv->vq_state.free_head = 0U;
    400085b8:	7920507f 	strh	wzr, [x3, #4136]
    priv->vq_state.num_free = priv->vq_state.queue_size;
    400085bc:	79205464 	strh	w4, [x3, #4138]
    priv->vq_state.last_used_idx = 0U;
    400085c0:	7920587f 	strh	wzr, [x3, #4140]
    *reg = value;
    400085c4:	b90000ff 	str	wzr, [x7]
    400085c8:	b9003845 	str	w5, [x2, #56]
    hal_dcache_clean((uint64_t)(uintptr_t)priv->vq_mem,
    400085cc:	97ffe709 	bl	400021f0 <hal_dcache_clean>
    virtio_dsb();
    400085d0:	97ffe720 	bl	40002250 <hal_dsb_ish>
    version = mmio_read32(priv->mmio_base, VIRTIO_MMIO_VERSION);
    400085d4:	f9400280 	ldr	x0, [x20]
    return *reg;
    400085d8:	b9400401 	ldr	w1, [x0, #4]
    if (version == 1U)
    400085dc:	7100043f 	cmp	w1, #0x1
    400085e0:	540005e0 	b.eq	4000869c <virtio_blk_probe+0x24c>  // b.none
        avail_addr = (uint64_t)(uintptr_t)priv->avail_ring;
    400085e4:	f95806a2 	ldr	x2, [x21, #12296]
                     (uint32_t)(desc_addr >> 32U));
    400085e8:	d360fe63 	lsr	x3, x19, #32
        used_addr = (uint64_t)(uintptr_t)priv->used_ring;
    400085ec:	f9580ea1 	ldr	x1, [x21, #12312]
    *reg = value;
    400085f0:	b9008013 	str	w19, [x0, #128]
    400085f4:	b9008403 	str	w3, [x0, #132]
                     (uint32_t)(avail_addr >> 32U));
    400085f8:	d360fc43 	lsr	x3, x2, #32
    *reg = value;
    400085fc:	b9009002 	str	w2, [x0, #144]
    40008600:	52800022 	mov	w2, #0x1                   	// #1
    40008604:	b9009403 	str	w3, [x0, #148]
                     (uint32_t)(used_addr >> 32U));
    40008608:	d360fc23 	lsr	x3, x1, #32
    *reg = value;
    4000860c:	b900a001 	str	w1, [x0, #160]
    40008610:	b900a403 	str	w3, [x0, #164]
    40008614:	b9004402 	str	w2, [x0, #68]
    40008618:	52800161 	mov	w1, #0xb                   	// #11
    4000861c:	b9007001 	str	w1, [x0, #112]
    return *reg;
    40008620:	b9407001 	ldr	w1, [x0, #112]
    if ((mmio_read32(s_blk_priv.mmio_base, VIRTIO_MMIO_STATUS)
    40008624:	36180561 	tbz	w1, #3, 400086d0 <virtio_blk_probe+0x280>
    (void)gic_set_priority(s_blk_priv.irq, (uint8_t)GIC_PRIORITY_DEFAULT);
    40008628:	91000293 	add	x19, x20, #0x0
    *reg = value;
    4000862c:	528001e1 	mov	w1, #0xf                   	// #15
    40008630:	b9007001 	str	w1, [x0, #112]
    (void)gic_set_priority(s_blk_priv.irq, (uint8_t)GIC_PRIORITY_DEFAULT);
    40008634:	12800fe1 	mov	w1, #0xffffff80            	// #-128
    40008638:	b9400a60 	ldr	w0, [x19, #8]
    4000863c:	97ffea39 	bl	40002f20 <gic_set_priority>
    (void)gic_set_target(s_blk_priv.irq, 0x01U);   /* 路由到 CPU 0 */
    40008640:	b9400a60 	ldr	w0, [x19, #8]
    40008644:	52800021 	mov	w1, #0x1                   	// #1
    40008648:	97ffea6e 	bl	40003000 <gic_set_target>
    (void)gic_enable_irq(s_blk_priv.irq);
    4000864c:	b9400a60 	ldr	w0, [x19, #8]
    40008650:	97ffea24 	bl	40002ee0 <gic_enable_irq>
    (void)interrupt_register(s_blk_priv.irq, virtio_blk_irq, NULL);
    40008654:	b9400a60 	ldr	w0, [x19, #8]
    40008658:	d2800002 	mov	x2, #0x0                   	// #0
    4000865c:	90000001 	adrp	x1, 40008000 <device_probe_all+0x20>
    40008660:	910f0021 	add	x1, x1, #0x3c0
    40008664:	97fffbd7 	bl	400075c0 <interrupt_register>
    s_blk_priv.capacity = (uint64_t)mmio_read32(
    40008668:	f9400281 	ldr	x1, [x20]
    s_blk_priv.initialized = 1U;
    4000866c:	52800023 	mov	w3, #0x1                   	// #1
    return KERNEL_OK;
    40008670:	f94013f5 	ldr	x21, [sp, #32]
    40008674:	52800000 	mov	w0, #0x0                   	// #0
    return *reg;
    40008678:	b9410022 	ldr	w2, [x1, #256]
    4000867c:	b9410421 	ldr	w1, [x1, #260]
    s_blk_priv.capacity = (uint64_t)mmio_read32(
    40008680:	2a0203e2 	mov	w2, w2
    s_blk_priv.initialized = 1U;
    40008684:	b9001e63 	str	w3, [x19, #28]
    s_blk_priv.capacity |= ((uint64_t)mmio_read32(
    40008688:	aa018041 	orr	x1, x2, x1, lsl #32
    4000868c:	f9000a61 	str	x1, [x19, #16]
}
    40008690:	a94153f3 	ldp	x19, x20, [sp, #16]
    40008694:	a8c37bfd 	ldp	x29, x30, [sp], #48
    40008698:	d65f03c0 	ret
    *reg = value;
    4000869c:	52820001 	mov	w1, #0x1000                	// #4096
    400086a0:	b9003c01 	str	w1, [x0, #60]
        uint32_t pfn = (uint32_t)(desc_addr >> 12U);
    400086a4:	d34cfe73 	lsr	x19, x19, #12
    *reg = value;
    400086a8:	b9004013 	str	w19, [x0, #64]
}
    400086ac:	17ffffdb 	b	40008618 <virtio_blk_probe+0x1c8>
}
    400086b0:	a94153f3 	ldp	x19, x20, [sp, #16]
            return -6; /* ENXIO */
    400086b4:	128000a0 	mov	w0, #0xfffffffa            	// #-6
}
    400086b8:	a8c37bfd 	ldp	x29, x30, [sp], #48
    400086bc:	d65f03c0 	ret
    *reg = value;
    400086c0:	52801000 	mov	w0, #0x80                  	// #128
    400086c4:	b9007040 	str	w0, [x2, #112]
        return -5; /* EIO: 设备不支持任何队列 */
    400086c8:	12800080 	mov	w0, #0xfffffffb            	// #-5
    400086cc:	17fffff1 	b	40008690 <virtio_blk_probe+0x240>
    *reg = value;
    400086d0:	f94013f5 	ldr	x21, [sp, #32]
    400086d4:	52801001 	mov	w1, #0x80                  	// #128
    400086d8:	b9007001 	str	w1, [x0, #112]
        return -5; /* EIO: 设备不支持任何队列 */
    400086dc:	12800080 	mov	w0, #0xfffffffb            	// #-5
    400086e0:	17ffffec 	b	40008690 <virtio_blk_probe+0x240>
        return -22; /* EINVAL */
    400086e4:	128002a0 	mov	w0, #0xffffffea            	// #-22
}
    400086e8:	d65f03c0 	ret
    400086ec:	00000000 	udf	#0

00000000400086f0 <virtq_wait_completion.constprop.0>:
static kernel_status_t virtq_wait_completion(virtio_blk_priv_t *priv)
    400086f0:	a9bb7bfd 	stp	x29, x30, [sp, #-80]!
    400086f4:	910003fd 	mov	x29, sp
    400086f8:	a90153f3 	stp	x19, x20, [sp, #16]
    if (priv->notify_id == 0U)
    400086fc:	b0000634 	adrp	x20, 400cd000 <s_blk_priv>
    40008700:	91000293 	add	x19, x20, #0x0
    40008704:	91401273 	add	x19, x19, #0x4, lsl #12
static kernel_status_t virtq_wait_completion(virtio_blk_priv_t *priv)
    40008708:	a9025bf5 	stp	x21, x22, [sp, #32]
    if (priv->notify_id == 0U)
    4000870c:	b9405a76 	ldr	w22, [x19, #88]
    40008710:	340008b6 	cbz	w22, 40008824 <virtq_wait_completion.constprop.0+0x134>
    priv->completed = false;
    40008714:	91000295 	add	x21, x20, #0x0
    ret = ipc_notification_wait(priv->notify_id, 1U, &triggered);
    40008718:	2a1603e0 	mov	w0, w22
    priv->completed = false;
    4000871c:	914012a3 	add	x3, x21, #0x4, lsl #12
    ret = ipc_notification_wait(priv->notify_id, 1U, &triggered);
    40008720:	910123e2 	add	x2, sp, #0x48
    40008724:	d2800021 	mov	x1, #0x1                   	// #1
    priv->completed = false;
    40008728:	3901707f 	strb	wzr, [x3, #92]
    ret = ipc_notification_wait(priv->notify_id, 1U, &triggered);
    4000872c:	97fff7d1 	bl	40006670 <ipc_notification_wait>
    if (ret != KERNEL_OK)
    40008730:	340000a0 	cbz	w0, 40008744 <virtq_wait_completion.constprop.0+0x54>
}
    40008734:	a94153f3 	ldp	x19, x20, [sp, #16]
    40008738:	a9425bf5 	ldp	x21, x22, [sp, #32]
    4000873c:	a8c57bfd 	ldp	x29, x30, [sp], #80
    40008740:	d65f03c0 	ret
    used_idx = priv->vq_state.last_used_idx % priv->vq_state.queue_size;
    40008744:	91400ab3 	add	x19, x21, #0x2, lsl #12
    hal_dcache_invalidate(
    40008748:	d2800101 	mov	x1, #0x8                   	// #8
        (uint64_t)(uintptr_t)&priv->used_ring_entries[used_idx],
    4000874c:	f95812a0 	ldr	x0, [x21, #12320]
    used_idx = priv->vq_state.last_used_idx % priv->vq_state.queue_size;
    40008750:	79605a63 	ldrh	w3, [x19, #4140]
    40008754:	79605e62 	ldrh	w2, [x19, #4142]
    40008758:	1ac20876 	udiv	w22, w3, w2
    4000875c:	1b028ed6 	msub	w22, w22, w2, w3
        (uint64_t)(uintptr_t)&priv->used_ring_entries[used_idx],
    40008760:	d37d3ed6 	ubfiz	x22, x22, #3, #16
    hal_dcache_invalidate(
    40008764:	8b160000 	add	x0, x0, x22
    40008768:	97ffe6ae 	bl	40002220 <hal_dcache_invalidate>
    virtio_dsb();
    4000876c:	97ffe6b9 	bl	40002250 <hal_dsb_ish>
    desc_id = priv->used_ring_entries[used_idx].id;
    40008770:	f95812a0 	ldr	x0, [x21, #12320]
    count = 0U;
    40008774:	52800003 	mov	w3, #0x0                   	// #0
    desc = priv->desc_table;
    40008778:	f95802a5 	ldr	x5, [x21, #12288]
    while (idx != VIRTQ_DESC_INVALID)
    4000877c:	529fffe7 	mov	w7, #0xffff                	// #65535
        if (count > (uint32_t)priv->vq_state.queue_size)
    40008780:	79605e68 	ldrh	w8, [x19, #4142]
    virtq_free_chain(priv, (uint16_t)desc_id);
    40008784:	78766801 	ldrh	w1, [x0, x22]
    while (idx != VIRTQ_DESC_INVALID)
    40008788:	1400000e 	b	400087c0 <virtq_wait_completion.constprop.0+0xd0>
        desc[idx].next = priv->vq_state.free_head;
    4000878c:	79605262 	ldrh	w2, [x19, #4136]
        next = desc[idx].next;
    40008790:	79401c06 	ldrh	w6, [x0, #14]
        desc[idx].flags = 0U;
    40008794:	7900181f 	strh	wzr, [x0, #12]
        desc[idx].next = priv->vq_state.free_head;
    40008798:	79001c02 	strh	w2, [x0, #14]
        priv->vq_state.num_free = (uint16_t)(priv->vq_state.num_free + 1U);
    4000879c:	79605662 	ldrh	w2, [x19, #4138]
        desc[idx].addr = 0U;
    400087a0:	f82468bf 	str	xzr, [x5, x4]
        desc[idx].len = 0U;
    400087a4:	b900081f 	str	wzr, [x0, #8]
        priv->vq_state.num_free = (uint16_t)(priv->vq_state.num_free + 1U);
    400087a8:	11000440 	add	w0, w2, #0x1
        priv->vq_state.free_head = idx;
    400087ac:	79205261 	strh	w1, [x19, #4136]
        idx = next;
    400087b0:	2a0603e1 	mov	w1, w6
        priv->vq_state.num_free = (uint16_t)(priv->vq_state.num_free + 1U);
    400087b4:	79205660 	strh	w0, [x19, #4138]
        if (count > (uint32_t)priv->vq_state.queue_size)
    400087b8:	6b08007f 	cmp	w3, w8
    400087bc:	540000c8 	b.hi	400087d4 <virtq_wait_completion.constprop.0+0xe4>  // b.pmore
        next = desc[idx].next;
    400087c0:	d37c3c24 	ubfiz	x4, x1, #4, #16
        count++;
    400087c4:	11000463 	add	w3, w3, #0x1
        next = desc[idx].next;
    400087c8:	8b0400a0 	add	x0, x5, x4
    while (idx != VIRTQ_DESC_INVALID)
    400087cc:	6b07003f 	cmp	w1, w7
    400087d0:	54fffde1 	b.ne	4000878c <virtq_wait_completion.constprop.0+0x9c>  // b.any
    priv->vq_state.last_used_idx =
    400087d4:	91000294 	add	x20, x20, #0x0
    hal_dcache_invalidate((uint64_t)(uintptr_t)&priv->req_buf,
    400087d8:	90000640 	adrp	x0, 400d0000 <s_blk_priv+0x3000>
    priv->vq_state.last_used_idx =
    400087dc:	91400a83 	add	x3, x20, #0x2, lsl #12
    hal_dcache_invalidate((uint64_t)(uintptr_t)&priv->req_buf,
    400087e0:	91010000 	add	x0, x0, #0x40
    400087e4:	d2820301 	mov	x1, #0x1018                	// #4120
    if (priv->req_buf.resp.status == VIRTIO_BLK_S_OK)
    400087e8:	91401294 	add	x20, x20, #0x4, lsl #12
        (uint16_t)(priv->vq_state.last_used_idx + 1U);
    400087ec:	79605862 	ldrh	w2, [x3, #4140]
    400087f0:	11000442 	add	w2, w2, #0x1
    priv->vq_state.last_used_idx =
    400087f4:	79205862 	strh	w2, [x3, #4140]
    hal_dcache_invalidate((uint64_t)(uintptr_t)&priv->req_buf,
    400087f8:	97ffe68a 	bl	40002220 <hal_dcache_invalidate>
    virtio_dsb();
    400087fc:	97ffe695 	bl	40002250 <hal_dsb_ish>
    if (priv->req_buf.resp.status == VIRTIO_BLK_S_OK)
    40008800:	39414280 	ldrb	w0, [x20, #80]
    40008804:	34000d00 	cbz	w0, 400089a4 <virtq_wait_completion.constprop.0+0x2b4>
                else if (priv->req_buf.resp.status == VIRTIO_BLK_S_UNSUPP)
    40008808:	7100081f 	cmp	w0, #0x2
    4000880c:	54000d60 	b.eq	400089b8 <virtq_wait_completion.constprop.0+0x2c8>  // b.none
}
    40008810:	a94153f3 	ldp	x19, x20, [sp, #16]
                    return -5; /* EIO */
    40008814:	12800080 	mov	w0, #0xfffffffb            	// #-5
}
    40008818:	a9425bf5 	ldp	x21, x22, [sp, #32]
    4000881c:	a8c57bfd 	ldp	x29, x30, [sp], #80
    40008820:	d65f03c0 	ret
        thread_id_t current_tid = kthread_get_current_tid();
    40008824:	a90363f7 	stp	x23, x24, [sp, #48]
    40008828:	97ffee82 	bl	40004230 <kthread_get_current_tid>
        if (current_tid == THREAD_ID_INVALID)
    4000882c:	3100041f 	cmn	w0, #0x1
    40008830:	54000100 	b.eq	40008850 <virtq_wait_completion.constprop.0+0x160>  // b.none
        kernel_status_t ret = ipc_notification_create(current_tid, &priv->notify_id);
    40008834:	b0000641 	adrp	x1, 400d1000 <s_blk_priv+0x4000>
    40008838:	91016021 	add	x1, x1, #0x58
    4000883c:	97fff6dd 	bl	400063b0 <ipc_notification_create>
        if (ret != KERNEL_OK)
    40008840:	35000080 	cbnz	w0, 40008850 <virtq_wait_completion.constprop.0+0x160>
    40008844:	a94363f7 	ldp	x23, x24, [sp, #48]
    ret = ipc_notification_wait(priv->notify_id, 1U, &triggered);
    40008848:	b9405a76 	ldr	w22, [x19, #88]
    4000884c:	17ffffb2 	b	40008714 <virtq_wait_completion.constprop.0+0x24>
    uint64_t daif = sysreg_read(DAIF);
    40008850:	d53b4237 	mrs	x23, daif
    return (uint32_t)((daif >> 9U) & 0xFU);
    40008854:	530932f7 	ubfx	w23, w23, #9, #4
    __asm__ volatile("msr daifclr, #2" ::: "memory");
    40008858:	d50342ff 	msr	daifclr, #0x2
        hal_dcache_invalidate((uint64_t)(uintptr_t)priv->used_ring,
    4000885c:	91000295 	add	x21, x20, #0x0
    40008860:	52884813 	mov	w19, #0x4240                	// #16960
        if (priv->vq_state.last_used_idx != priv->used_ring->idx)
    40008864:	91400ab8 	add	x24, x21, #0x2, lsl #12
        hal_dcache_invalidate((uint64_t)(uintptr_t)priv->used_ring,
    40008868:	72a001f3 	movk	w19, #0xf, lsl #16
    4000886c:	f9580ea0 	ldr	x0, [x21, #12312]
    40008870:	14000003 	b	4000887c <virtq_wait_completion.constprop.0+0x18c>
    reg = (volatile uint32_t *)(base + (uint64_t)offset);
    40008874:	f94002a1 	ldr	x1, [x21]
    return *reg;
    40008878:	b9406021 	ldr	w1, [x1, #96]
        hal_dcache_invalidate((uint64_t)(uintptr_t)priv->used_ring,
    4000887c:	d2800081 	mov	x1, #0x4                   	// #4
    40008880:	97ffe668 	bl	40002220 <hal_dcache_invalidate>
        virtio_dsb();
    40008884:	97ffe673 	bl	40002250 <hal_dsb_ish>
        if (priv->vq_state.last_used_idx != priv->used_ring->idx)
    40008888:	f9580ea0 	ldr	x0, [x21, #12312]
    4000888c:	79605b02 	ldrh	w2, [x24, #4140]
    40008890:	79400401 	ldrh	w1, [x0, #2]
    40008894:	6b02003f 	cmp	w1, w2
    40008898:	540001c1 	b.ne	400088d0 <virtq_wait_completion.constprop.0+0x1e0>  // b.any
        if (timeout < VIRTQ_YIELD_THRESH)
    4000889c:	71000673 	subs	w19, w19, #0x1
    400088a0:	54fffea1 	b.ne	40008874 <virtq_wait_completion.constprop.0+0x184>  // b.any
            virtio_wfi();
    400088a4:	97ffe697 	bl	40002300 <hal_wfi>
    uint64_t daif = sysreg_read(DAIF);
    400088a8:	d53b4220 	mrs	x0, daif
    daif |= ((uint64_t)state << 9U);
    400088ac:	b3770ee0 	bfi	x0, x23, #9, #4
    sysreg_write(daif, daif);
    400088b0:	d51b4220 	msr	daif, x0
    400088b4:	d5033fdf 	isb
}
    400088b8:	a94153f3 	ldp	x19, x20, [sp, #16]
    return -110; /* ETIMEDOUT */
    400088bc:	12800da0 	mov	w0, #0xffffff92            	// #-110
}
    400088c0:	a9425bf5 	ldp	x21, x22, [sp, #32]
    return -110; /* ETIMEDOUT */
    400088c4:	a94363f7 	ldp	x23, x24, [sp, #48]
}
    400088c8:	a8c57bfd 	ldp	x29, x30, [sp], #80
    400088cc:	d65f03c0 	ret
            used_idx = priv->vq_state.last_used_idx % priv->vq_state.queue_size;
    400088d0:	79605f03 	ldrh	w3, [x24, #4142]
            hal_dcache_invalidate(
    400088d4:	d2800101 	mov	x1, #0x8                   	// #8
                (uint64_t)(uintptr_t)&priv->used_ring_entries[used_idx],
    400088d8:	f95812a0 	ldr	x0, [x21, #12320]
            used_idx = priv->vq_state.last_used_idx % priv->vq_state.queue_size;
    400088dc:	1ac30853 	udiv	w19, w2, w3
    400088e0:	1b038a73 	msub	w19, w19, w3, w2
                (uint64_t)(uintptr_t)&priv->used_ring_entries[used_idx],
    400088e4:	d37d3e73 	ubfiz	x19, x19, #3, #16
            hal_dcache_invalidate(
    400088e8:	8b130000 	add	x0, x0, x19
    400088ec:	97ffe64d 	bl	40002220 <hal_dcache_invalidate>
            virtio_dsb();
    400088f0:	97ffe658 	bl	40002250 <hal_dsb_ish>
            desc_id = priv->used_ring_entries[used_idx].id;
    400088f4:	f95812a0 	ldr	x0, [x21, #12320]
        desc[idx].next = priv->vq_state.free_head;
    400088f8:	91000281 	add	x1, x20, #0x0
    desc = priv->desc_table;
    400088fc:	f95802a5 	ldr	x5, [x21, #12288]
        desc[idx].next = priv->vq_state.free_head;
    40008900:	91400821 	add	x1, x1, #0x2, lsl #12
        if (count > (uint32_t)priv->vq_state.queue_size)
    40008904:	79605f08 	ldrh	w8, [x24, #4142]
    while (idx != VIRTQ_DESC_INVALID)
    40008908:	529fffe7 	mov	w7, #0xffff                	// #65535
            virtq_free_chain(priv, (uint16_t)desc_id);
    4000890c:	78736802 	ldrh	w2, [x0, x19]
    while (idx != VIRTQ_DESC_INVALID)
    40008910:	1400000e 	b	40008948 <virtq_wait_completion.constprop.0+0x258>
        desc[idx].next = priv->vq_state.free_head;
    40008914:	79605023 	ldrh	w3, [x1, #4136]
        next = desc[idx].next;
    40008918:	79401c06 	ldrh	w6, [x0, #14]
        desc[idx].flags = 0U;
    4000891c:	7900181f 	strh	wzr, [x0, #12]
        desc[idx].next = priv->vq_state.free_head;
    40008920:	79001c03 	strh	w3, [x0, #14]
        priv->vq_state.num_free = (uint16_t)(priv->vq_state.num_free + 1U);
    40008924:	79605423 	ldrh	w3, [x1, #4138]
        desc[idx].addr = 0U;
    40008928:	f82468bf 	str	xzr, [x5, x4]
        desc[idx].len = 0U;
    4000892c:	b900081f 	str	wzr, [x0, #8]
        priv->vq_state.num_free = (uint16_t)(priv->vq_state.num_free + 1U);
    40008930:	11000460 	add	w0, w3, #0x1
        priv->vq_state.free_head = idx;
    40008934:	79205022 	strh	w2, [x1, #4136]
        idx = next;
    40008938:	2a0603e2 	mov	w2, w6
        priv->vq_state.num_free = (uint16_t)(priv->vq_state.num_free + 1U);
    4000893c:	79205420 	strh	w0, [x1, #4138]
        if (count > (uint32_t)priv->vq_state.queue_size)
    40008940:	6b0802df 	cmp	w22, w8
    40008944:	540000c8 	b.hi	4000895c <virtq_wait_completion.constprop.0+0x26c>  // b.pmore
        next = desc[idx].next;
    40008948:	d37c3c44 	ubfiz	x4, x2, #4, #16
        count++;
    4000894c:	110006d6 	add	w22, w22, #0x1
        next = desc[idx].next;
    40008950:	8b0400a0 	add	x0, x5, x4
    while (idx != VIRTQ_DESC_INVALID)
    40008954:	6b07005f 	cmp	w2, w7
    40008958:	54fffde1 	b.ne	40008914 <virtq_wait_completion.constprop.0+0x224>  // b.any
            priv->vq_state.last_used_idx =
    4000895c:	91000294 	add	x20, x20, #0x0
            hal_dcache_invalidate((uint64_t)(uintptr_t)&priv->req_buf,
    40008960:	90000640 	adrp	x0, 400d0000 <s_blk_priv+0x3000>
            priv->vq_state.last_used_idx =
    40008964:	91400a83 	add	x3, x20, #0x2, lsl #12
            hal_dcache_invalidate((uint64_t)(uintptr_t)&priv->req_buf,
    40008968:	91010000 	add	x0, x0, #0x40
    4000896c:	d2820301 	mov	x1, #0x1018                	// #4120
                (uint16_t)(priv->vq_state.last_used_idx + 1U);
    40008970:	79605862 	ldrh	w2, [x3, #4140]
    40008974:	11000442 	add	w2, w2, #0x1
            priv->vq_state.last_used_idx =
    40008978:	79205862 	strh	w2, [x3, #4140]
            hal_dcache_invalidate((uint64_t)(uintptr_t)&priv->req_buf,
    4000897c:	97ffe629 	bl	40002220 <hal_dcache_invalidate>
            virtio_dsb();
    40008980:	97ffe634 	bl	40002250 <hal_dsb_ish>
    uint64_t daif = sysreg_read(DAIF);
    40008984:	d53b4220 	mrs	x0, daif
    daif |= ((uint64_t)state << 9U);
    40008988:	b3770ee0 	bfi	x0, x23, #9, #4
    sysreg_write(daif, daif);
    4000898c:	d51b4220 	msr	daif, x0
    40008990:	d5033fdf 	isb
            if (priv->req_buf.resp.status == VIRTIO_BLK_S_OK)
    40008994:	91401294 	add	x20, x20, #0x4, lsl #12
    40008998:	a94363f7 	ldp	x23, x24, [sp, #48]
    4000899c:	39414280 	ldrb	w0, [x20, #80]
    400089a0:	35fff340 	cbnz	w0, 40008808 <virtq_wait_completion.constprop.0+0x118>
}
    400089a4:	a94153f3 	ldp	x19, x20, [sp, #16]
                return KERNEL_OK;
    400089a8:	52800000 	mov	w0, #0x0                   	// #0
}
    400089ac:	a9425bf5 	ldp	x21, x22, [sp, #32]
    400089b0:	a8c57bfd 	ldp	x29, x30, [sp], #80
    400089b4:	d65f03c0 	ret
                    return -95; /* ENOTSUP */
    400089b8:	12800bc0 	mov	w0, #0xffffffa1            	// #-95
    400089bc:	17ffff5e 	b	40008734 <virtq_wait_completion.constprop.0+0x44>

00000000400089c0 <virtq_submit_request.constprop.0>:
static kernel_status_t virtq_submit_request(virtio_blk_priv_t *priv,
    400089c0:	a9bc7bfd 	stp	x29, x30, [sp, #-64]!
    400089c4:	2a0003e6 	mov	w6, w0
    400089c8:	910003fd 	mov	x29, sp
    400089cc:	a90153f3 	stp	x19, x20, [sp, #16]
    400089d0:	a9025bf5 	stp	x21, x22, [sp, #32]
    desc = priv->desc_table;
    400089d4:	b0000636 	adrp	x22, 400cd000 <s_blk_priv>
    400089d8:	910002d3 	add	x19, x22, #0x0
    if (priv->vq_state.num_free < 3U)
    400089dc:	91400a74 	add	x20, x19, #0x2, lsl #12
    desc = priv->desc_table;
    400089e0:	f9580263 	ldr	x3, [x19, #12288]
    if (priv->vq_state.num_free < 3U)
    400089e4:	79605680 	ldrh	w0, [x20, #4138]
    400089e8:	7100081f 	cmp	w0, #0x2
    400089ec:	540009c9 	b.ls	40008b24 <virtq_submit_request.constprop.0+0x164>  // b.plast
    desc_idx = priv->vq_state.free_head;
    400089f0:	f9001bf7 	str	x23, [sp, #48]
    desc[desc_idx].next = VIRTQ_DESC_INVALID;
    400089f4:	1280000c 	mov	w12, #0xffffffff            	// #-1
    desc_idx = priv->vq_state.free_head;
    400089f8:	79605297 	ldrh	w23, [x20, #4136]
    priv->vq_state.num_free = (uint16_t)(priv->vq_state.num_free - 1U);
    400089fc:	51000c00 	sub	w0, w0, #0x3
    desc[desc_hdr].addr = (uint64_t)(uintptr_t)&priv->req_buf.hdr;
    40008a00:	90000655 	adrp	x21, 400d0000 <s_blk_priv+0x3000>
    40008a04:	910102b5 	add	x21, x21, #0x40
    40008a08:	aa0103ef 	mov	x15, x1
    desc[desc_hdr].len = (uint32_t)sizeof(virtio_blk_req_hdr_t);
    40008a0c:	52800210 	mov	w16, #0x10                  	// #16
    priv->vq_state.free_head = desc[desc_idx].next;
    40008a10:	d37c3ee7 	ubfiz	x7, x23, #4, #16
    desc[desc_hdr].flags = (uint16_t)(VIRTQ_DESC_F_NEXT);
    40008a14:	52800021 	mov	w1, #0x1                   	// #1
    priv->vq_state.free_head = desc[desc_idx].next;
    40008a18:	8b070065 	add	x5, x3, x7
        desc[desc_data].flags = (uint16_t)(VIRTQ_DESC_F_NEXT | VIRTQ_DESC_F_WRITE);
    40008a1c:	710000df 	cmp	w6, #0x0
    desc[desc_data].addr = (uint64_t)(uintptr_t)priv->req_buf.data;
    40008a20:	90000648 	adrp	x8, 400d0000 <s_blk_priv+0x3000>
    40008a24:	91014108 	add	x8, x8, #0x50
    priv->vq_state.free_head = desc[desc_idx].next;
    40008a28:	79401cab 	ldrh	w11, [x5, #14]
    desc[desc_idx].next = VIRTQ_DESC_INVALID;
    40008a2c:	79001cac 	strh	w12, [x5, #14]
    priv->vq_state.free_head = desc[desc_idx].next;
    40008a30:	d37c3d6a 	ubfiz	x10, x11, #4, #16
    40008a34:	8b0a0064 	add	x4, x3, x10
    40008a38:	79401c89 	ldrh	w9, [x4, #14]
    desc[desc_idx].next = VIRTQ_DESC_INVALID;
    40008a3c:	79001c8c 	strh	w12, [x4, #14]
    priv->vq_state.free_head = desc[desc_idx].next;
    40008a40:	d37c3d2e 	ubfiz	x14, x9, #4, #16
    40008a44:	8b0e006d 	add	x13, x3, x14
    40008a48:	79401db1 	ldrh	w17, [x13, #14]
    40008a4c:	79205291 	strh	w17, [x20, #4136]
    priv->vq_state.num_free = (uint16_t)(priv->vq_state.num_free - 1U);
    40008a50:	79205680 	strh	w0, [x20, #4138]
    desc[desc_resp].addr = (uint64_t)(uintptr_t)&priv->req_buf.resp;
    40008a54:	b0000640 	adrp	x0, 400d1000 <s_blk_priv+0x4000>
    desc[desc_hdr].addr = (uint64_t)(uintptr_t)&priv->req_buf.hdr;
    40008a58:	f8276875 	str	x21, [x3, x7]
        desc[desc_data].flags = (uint16_t)(VIRTQ_DESC_F_NEXT | VIRTQ_DESC_F_WRITE);
    40008a5c:	52800067 	mov	w7, #0x3                   	// #3
    desc[desc_hdr].len = (uint32_t)sizeof(virtio_blk_req_hdr_t);
    40008a60:	b90008b0 	str	w16, [x5, #8]
        desc[desc_data].flags = (uint16_t)(VIRTQ_DESC_F_NEXT | VIRTQ_DESC_F_WRITE);
    40008a64:	1a9f04e7 	csinc	w7, w7, wzr, eq	// eq = none
    desc[desc_hdr].flags = (uint16_t)(VIRTQ_DESC_F_NEXT);
    40008a68:	790018a1 	strh	w1, [x5, #12]
    hal_dcache_clean((uint64_t)(uintptr_t)priv->desc_table,
    40008a6c:	d2801001 	mov	x1, #0x80                  	// #128
    desc[desc_hdr].next = desc_data;
    40008a70:	79001cab 	strh	w11, [x5, #14]
    desc[desc_resp].addr = (uint64_t)(uintptr_t)&priv->req_buf.resp;
    40008a74:	91014005 	add	x5, x0, #0x50
    desc[desc_data].addr = (uint64_t)(uintptr_t)priv->req_buf.data;
    40008a78:	f82a6868 	str	x8, [x3, x10]
    priv->req_buf.resp.status = 0xFFU;
    40008a7c:	91401268 	add	x8, x19, #0x4, lsl #12
    desc[desc_data].len = data_len;
    40008a80:	b9000882 	str	w2, [x4, #8]
    desc[desc_resp].len = (uint32_t)sizeof(virtio_blk_resp_t);
    40008a84:	b25043e2 	mov	x2, #0xffff000000000001    	// #-281474976710655
    40008a88:	79001887 	strh	w7, [x4, #12]
    40008a8c:	f2c00042 	movk	x2, #0x2, lsl #32
    desc[desc_data].next = desc_resp;
    40008a90:	79001c89 	strh	w9, [x4, #14]
    hal_dcache_clean((uint64_t)(uintptr_t)priv->desc_table,
    40008a94:	aa0303e0 	mov	x0, x3
    desc[desc_resp].addr = (uint64_t)(uintptr_t)&priv->req_buf.resp;
    40008a98:	f82e6865 	str	x5, [x3, x14]
    desc[desc_resp].len = (uint32_t)sizeof(virtio_blk_resp_t);
    40008a9c:	f90005a2 	str	x2, [x13, #8]
    priv->req_buf.resp.status = 0xFFU;
    40008aa0:	3901410c 	strb	w12, [x8, #80]
    priv->req_buf.hdr.type = req_type;
    40008aa4:	b9304266 	str	w6, [x19, #12352]
    priv->req_buf.hdr.reserved = 0U;
    40008aa8:	b930467f 	str	wzr, [x19, #12356]
    priv->req_buf.hdr.sector = sector;
    40008aac:	f918266f 	str	x15, [x19, #12360]
    hal_dcache_clean((uint64_t)(uintptr_t)priv->desc_table,
    40008ab0:	97ffe5d0 	bl	400021f0 <hal_dcache_clean>
    hal_dcache_clean((uint64_t)(uintptr_t)&priv->req_buf,
    40008ab4:	aa1503e0 	mov	x0, x21
    40008ab8:	d2820301 	mov	x1, #0x1018                	// #4120
    40008abc:	97ffe5cd 	bl	400021f0 <hal_dcache_clean>
    virtio_dsb();
    40008ac0:	97ffe5e4 	bl	40002250 <hal_dsb_ish>
    avail_idx = priv->avail_ring->idx % priv->vq_state.queue_size;
    40008ac4:	f9580660 	ldr	x0, [x19, #12296]
    40008ac8:	79605e81 	ldrh	w1, [x20, #4142]
    priv->avail_ring_entries[avail_idx] = desc_hdr;
    40008acc:	f9580a63 	ldr	x3, [x19, #12304]
    avail_idx = priv->avail_ring->idx % priv->vq_state.queue_size;
    40008ad0:	79400402 	ldrh	w2, [x0, #2]
    40008ad4:	1ac10840 	udiv	w0, w2, w1
    40008ad8:	1b018800 	msub	w0, w0, w1, w2
    priv->avail_ring_entries[avail_idx] = desc_hdr;
    40008adc:	d37f3c00 	ubfiz	x0, x0, #1, #16
    40008ae0:	78206877 	strh	w23, [x3, x0]
    hal_dmb_ishst();
    40008ae4:	97ffe5ff 	bl	400022e0 <hal_dmb_ishst>
    priv->avail_ring->idx = (uint16_t)(priv->avail_ring->idx + 1U);
    40008ae8:	f9580660 	ldr	x0, [x19, #12296]
    hal_dcache_clean((uint64_t)(uintptr_t)priv->avail_ring,
    40008aec:	d28002c1 	mov	x1, #0x16                  	// #22
    priv->avail_ring->idx = (uint16_t)(priv->avail_ring->idx + 1U);
    40008af0:	79400402 	ldrh	w2, [x0, #2]
    40008af4:	11000442 	add	w2, w2, #0x1
    40008af8:	79000402 	strh	w2, [x0, #2]
    hal_dcache_clean((uint64_t)(uintptr_t)priv->avail_ring,
    40008afc:	97ffe5bd 	bl	400021f0 <hal_dcache_clean>
    virtio_dsb();
    40008b00:	97ffe5d4 	bl	40002250 <hal_dsb_ish>
    reg = (volatile uint32_t *)(base + (uint64_t)offset);
    40008b04:	f94002c1 	ldr	x1, [x22]
    return KERNEL_OK;
    40008b08:	52800000 	mov	w0, #0x0                   	// #0
    40008b0c:	f9401bf7 	ldr	x23, [sp, #48]
    *reg = value;
    40008b10:	b900503f 	str	wzr, [x1, #80]
}
    40008b14:	a94153f3 	ldp	x19, x20, [sp, #16]
    40008b18:	a9425bf5 	ldp	x21, x22, [sp, #32]
    40008b1c:	a8c47bfd 	ldp	x29, x30, [sp], #64
    40008b20:	d65f03c0 	ret
        return -12; /* ENOMEM */
    40008b24:	12800160 	mov	w0, #0xfffffff4            	// #-12
    40008b28:	17fffffb 	b	40008b14 <virtq_submit_request.constprop.0+0x154>
    40008b2c:	00000000 	udf	#0

0000000040008b30 <virtio_blk_read>:
    if ((buf == NULL) || (size == 0U))
    40008b30:	f100003f 	cmp	x1, #0x0
    40008b34:	fa401844 	ccmp	x2, #0x0, #0x4, ne	// ne = any
    40008b38:	54000540 	b.eq	40008be0 <virtio_blk_read+0xb0>  // b.none
    if (s_blk_priv.initialized == 0U)
    40008b3c:	b0000620 	adrp	x0, 400cd000 <s_blk_priv>
    40008b40:	b9401c00 	ldr	w0, [x0, #28]
    40008b44:	340004a0 	cbz	w0, 40008bd8 <virtio_blk_read+0xa8>
{
    40008b48:	a9bd7bfd 	stp	x29, x30, [sp, #-48]!
    40008b4c:	910003fd 	mov	x29, sp
    40008b50:	a90153f3 	stp	x19, x20, [sp, #16]
    40008b54:	aa0203f3 	mov	x19, x2
    if (size > VIRTIO_BLK_MAX_IO_SIZE)
    40008b58:	f140045f 	cmp	x2, #0x1, lsl #12
    40008b5c:	540003a8 	b.hi	40008bd0 <virtio_blk_read+0xa0>  // b.pmore
    data_len = (uint32_t)size;
    40008b60:	aa0103f4 	mov	x20, x1
    ret = virtq_submit_request(&s_blk_priv, VIRTIO_BLK_T_IN,
    40008b64:	52800000 	mov	w0, #0x0                   	// #0
    40008b68:	d349fc61 	lsr	x1, x3, #9
    40008b6c:	f90013f5 	str	x21, [sp, #32]
    data_len = (uint32_t)size;
    40008b70:	2a0203f5 	mov	w21, w2
    ret = virtq_submit_request(&s_blk_priv, VIRTIO_BLK_T_IN,
    40008b74:	97ffff93 	bl	400089c0 <virtq_submit_request.constprop.0>
    if (ret != KERNEL_OK)
    40008b78:	340000c0 	cbz	w0, 40008b90 <virtio_blk_read+0x60>
        return (int64_t)ret;
    40008b7c:	f94013f5 	ldr	x21, [sp, #32]
    40008b80:	93407c00 	sxtw	x0, w0
}
    40008b84:	a94153f3 	ldp	x19, x20, [sp, #16]
    40008b88:	a8c37bfd 	ldp	x29, x30, [sp], #48
    40008b8c:	d65f03c0 	ret
    ret = virtq_wait_completion(&s_blk_priv);
    40008b90:	97fffed8 	bl	400086f0 <virtq_wait_completion.constprop.0>
    if (ret != KERNEL_OK)
    40008b94:	90000641 	adrp	x1, 400d0000 <s_blk_priv+0x3000>
    40008b98:	d2800003 	mov	x3, #0x0                   	// #0
        dst[i] = src[i];
    40008b9c:	91014021 	add	x1, x1, #0x50
    if (ret != KERNEL_OK)
    40008ba0:	35fffee0 	cbnz	w0, 40008b7c <virtio_blk_read+0x4c>
    40008ba4:	d503201f 	nop
        dst[i] = src[i];
    40008ba8:	38636820 	ldrb	w0, [x1, x3]
    40008bac:	38236a80 	strb	w0, [x20, x3]
    for (i = 0U; i < data_len; i++)
    40008bb0:	91000463 	add	x3, x3, #0x1
    40008bb4:	6b0302bf 	cmp	w21, w3
    40008bb8:	54ffff88 	b.hi	40008ba8 <virtio_blk_read+0x78>  // b.pmore
    return (int64_t)size;
    40008bbc:	f94013f5 	ldr	x21, [sp, #32]
    40008bc0:	aa1303e0 	mov	x0, x19
}
    40008bc4:	a94153f3 	ldp	x19, x20, [sp, #16]
    40008bc8:	a8c37bfd 	ldp	x29, x30, [sp], #48
    40008bcc:	d65f03c0 	ret
        return -22; /* EINVAL */
    40008bd0:	928002a0 	mov	x0, #0xffffffffffffffea    	// #-22
    40008bd4:	17ffffec 	b	40008b84 <virtio_blk_read+0x54>
        return -6; /* ENXIO */
    40008bd8:	928000a0 	mov	x0, #0xfffffffffffffffa    	// #-6
}
    40008bdc:	d65f03c0 	ret
        return -22; /* EINVAL */
    40008be0:	928002a0 	mov	x0, #0xffffffffffffffea    	// #-22
    40008be4:	d65f03c0 	ret
	...

0000000040008bf0 <virtio_blk_write>:
    if ((buf == NULL) || (size == 0U))
    40008bf0:	f100003f 	cmp	x1, #0x0
    40008bf4:	fa401844 	ccmp	x2, #0x0, #0x4, ne	// ne = any
    40008bf8:	54000480 	b.eq	40008c88 <virtio_blk_write+0x98>  // b.none
    if (s_blk_priv.initialized == 0U)
    40008bfc:	b0000620 	adrp	x0, 400cd000 <s_blk_priv>
    40008c00:	b9401c00 	ldr	w0, [x0, #28]
    40008c04:	340004a0 	cbz	w0, 40008c98 <virtio_blk_write+0xa8>
{
    40008c08:	a9be7bfd 	stp	x29, x30, [sp, #-32]!
    40008c0c:	910003fd 	mov	x29, sp
    40008c10:	f9000bf3 	str	x19, [sp, #16]
    40008c14:	aa0203f3 	mov	x19, x2
    if (size > VIRTIO_BLK_MAX_IO_SIZE)
    40008c18:	f140045f 	cmp	x2, #0x1, lsl #12
    40008c1c:	540003a8 	b.hi	40008c90 <virtio_blk_write+0xa0>  // b.pmore
    40008c20:	90000646 	adrp	x6, 400d0000 <s_blk_priv+0x3000>
    data_len = (uint32_t)size;
    40008c24:	2a0203e0 	mov	w0, w2
        dst[i] = src[i];
    40008c28:	910140c6 	add	x6, x6, #0x50
    40008c2c:	aa0103e5 	mov	x5, x1
    sector = offset / VIRTIO_BLK_SECTOR_SIZE;
    40008c30:	d349fc61 	lsr	x1, x3, #9
    data_len = (uint32_t)size;
    40008c34:	d2800003 	mov	x3, #0x0                   	// #0
        dst[i] = src[i];
    40008c38:	386368a4 	ldrb	w4, [x5, x3]
    40008c3c:	382368c4 	strb	w4, [x6, x3]
    for (i = 0U; i < data_len; i++)
    40008c40:	91000463 	add	x3, x3, #0x1
    40008c44:	6b03001f 	cmp	w0, w3
    40008c48:	54ffff88 	b.hi	40008c38 <virtio_blk_write+0x48>  // b.pmore
    ret = virtq_submit_request(&s_blk_priv, VIRTIO_BLK_T_OUT,
    40008c4c:	2a1303e2 	mov	w2, w19
    40008c50:	52800020 	mov	w0, #0x1                   	// #1
    40008c54:	97ffff5b 	bl	400089c0 <virtq_submit_request.constprop.0>
    if (ret != KERNEL_OK)
    40008c58:	340000a0 	cbz	w0, 40008c6c <virtio_blk_write+0x7c>
        return (int64_t)ret;
    40008c5c:	93407c00 	sxtw	x0, w0
}
    40008c60:	f9400bf3 	ldr	x19, [sp, #16]
    40008c64:	a8c27bfd 	ldp	x29, x30, [sp], #32
    40008c68:	d65f03c0 	ret
    ret = virtq_wait_completion(&s_blk_priv);
    40008c6c:	97fffea1 	bl	400086f0 <virtq_wait_completion.constprop.0>
        return (int64_t)ret;
    40008c70:	7100001f 	cmp	w0, #0x0
    40008c74:	93407c00 	sxtw	x0, w0
    40008c78:	9a931000 	csel	x0, x0, x19, ne	// ne = any
}
    40008c7c:	f9400bf3 	ldr	x19, [sp, #16]
    40008c80:	a8c27bfd 	ldp	x29, x30, [sp], #32
    40008c84:	d65f03c0 	ret
        return -22; /* EINVAL */
    40008c88:	928002a0 	mov	x0, #0xffffffffffffffea    	// #-22
    40008c8c:	d65f03c0 	ret
    40008c90:	928002a0 	mov	x0, #0xffffffffffffffea    	// #-22
    40008c94:	17fffff3 	b	40008c60 <virtio_blk_write+0x70>
        return -6; /* ENXIO */
    40008c98:	928000a0 	mov	x0, #0xfffffffffffffffa    	// #-6
}
    40008c9c:	d65f03c0 	ret

0000000040008ca0 <drv_virtio_blk_register>:
    {
        match.compatible[i] = '\0';
    }

    /* compatible = "virtio,blk" */
    match.compatible[0U] = 'v';
    40008ca0:	d28d2ec5 	mov	x5, #0x6976                	// #26998
{
    40008ca4:	a9bc7bfd 	stp	x29, x30, [sp, #-64]!
    match.compatible[0U] = 'v';
    40008ca8:	f2ae8e45 	movk	x5, #0x7472, lsl #16
    40008cac:	f2cded25 	movk	x5, #0x6f69, lsl #32
        match.compatible[i] = '\0';
    40008cb0:	d28d6d84 	mov	x4, #0x6b6c                	// #27500
    match.compatible[0U] = 'v';
    40008cb4:	f2ec4585 	movk	x5, #0x622c, lsl #48
{
    40008cb8:	910003fd 	mov	x29, sp
    match.compatible[9U] = 'k';
    match.vendor_id = 0U;
    match.device_id = 0U;
    match.class_code = 0U;

    return driver_register_kern("virtio-blk", DRIVER_TYPE_BLOCK,
    40008cbc:	910043e2 	add	x2, sp, #0x10
    40008cc0:	52800021 	mov	w1, #0x1                   	// #1
    40008cc4:	d0000003 	adrp	x3, 4000a000 <__dtb_ptr>
    40008cc8:	b0000000 	adrp	x0, 40009000 <__text_end>
    40008ccc:	91012063 	add	x3, x3, #0x48
    40008cd0:	910f4000 	add	x0, x0, #0x3d0
        match.compatible[i] = '\0';
    40008cd4:	a90113e5 	stp	x5, x4, [sp, #16]
    40008cd8:	a9027fff 	stp	xzr, xzr, [sp, #32]
    match.vendor_id = 0U;
    40008cdc:	f9001bff 	str	xzr, [sp, #48]
    match.class_code = 0U;
    40008ce0:	b9003bff 	str	wzr, [sp, #56]
    return driver_register_kern("virtio-blk", DRIVER_TYPE_BLOCK,
    40008ce4:	97fffbdb 	bl	40007c50 <driver_register_kern>
                                 &match, &s_drv_virtio_blk_ops);
}
    40008ce8:	a8c47bfd 	ldp	x29, x30, [sp], #64
    40008cec:	d65f03c0 	ret

0000000040008cf0 <kernel_memcpy>:
{
    uint8_t       *d;
    const uint8_t *s;
    size_t         i;

    if ((dest == NULL) || (src == NULL))
    40008cf0:	f100001f 	cmp	x0, #0x0
    40008cf4:	fa401824 	ccmp	x1, #0x0, #0x4, ne	// ne = any
    40008cf8:	540005a0 	b.eq	40008dac <kernel_memcpy+0xbc>  // b.none

    d = (uint8_t *)dest;
    s = (const uint8_t *)src;

    /* 使用 8 字节对齐复制优化 */
    while ((n >= sizeof(uint64_t)) &&
    40008cfc:	f1001c5f 	cmp	x2, #0x7
    40008d00:	540005c9 	b.ls	40008db8 <kernel_memcpy+0xc8>  // b.plast
           (((uintptr_t)d & 0x7U) == ((uintptr_t)s & 0x7U)))
    40008d04:	ca000023 	eor	x3, x1, x0
    40008d08:	aa0103e6 	mov	x6, x1
    while ((n >= sizeof(uint64_t)) &&
    40008d0c:	f240087f 	tst	x3, #0x7
    40008d10:	54000501 	b.ne	40008db0 <kernel_memcpy+0xc0>  // b.any
    {
        if (((uintptr_t)d & 0x7U) == 0U)
    40008d14:	f240081f 	tst	x0, #0x7
    40008d18:	540004c0 	b.eq	40008db0 <kernel_memcpy+0xc0>  // b.none
    40008d1c:	d1001c45 	sub	x5, x2, #0x7
    d = (uint8_t *)dest;
    40008d20:	aa0003e3 	mov	x3, x0
    40008d24:	8b050025 	add	x5, x1, x5
    40008d28:	14000006 	b	40008d40 <kernel_memcpy+0x50>
           (((uintptr_t)d & 0x7U) == ((uintptr_t)s & 0x7U)))
    40008d2c:	ca030024 	eor	x4, x1, x3
    while ((n >= sizeof(uint64_t)) &&
    40008d30:	f240089f 	tst	x4, #0x7
    40008d34:	540000e1 	b.ne	40008d50 <kernel_memcpy+0x60>  // b.any
        if (((uintptr_t)d & 0x7U) == 0U)
    40008d38:	f240087f 	tst	x3, #0x7
    40008d3c:	540000a0 	b.eq	40008d50 <kernel_memcpy+0x60>  // b.none
        {
            break;
        }
        *d++ = *s++;
    40008d40:	38401424 	ldrb	w4, [x1], #1
    40008d44:	38001464 	strb	w4, [x3], #1
    while ((n >= sizeof(uint64_t)) &&
    40008d48:	eb05003f 	cmp	x1, x5
    40008d4c:	54ffff01 	b.ne	40008d2c <kernel_memcpy+0x3c>  // b.any
    40008d50:	cb010042 	sub	x2, x2, x1
        n--;
    40008d54:	8b060042 	add	x2, x2, x6
    }

    /* 8 字节块复制 */
    while (n >= sizeof(uint64_t))
    40008d58:	f1001c5f 	cmp	x2, #0x7
    40008d5c:	540001c0 	b.eq	40008d94 <kernel_memcpy+0xa4>  // b.none
    40008d60:	d1002046 	sub	x6, x2, #0x8
    d = (uint8_t *)dest;
    40008d64:	d2800004 	mov	x4, #0x0                   	// #0
    40008d68:	927df0c6 	and	x6, x6, #0xfffffffffffffff8
    40008d6c:	910020c6 	add	x6, x6, #0x8
    {
        uint64_t val;
        const uint64_t *src64 = (const uint64_t *)(uintptr_t)s;
        uint64_t *dst64 = (uint64_t *)(uintptr_t)d;

        val = *src64;
    40008d70:	f8646825 	ldr	x5, [x1, x4]
        *dst64 = val;
    40008d74:	f8246865 	str	x5, [x3, x4]
    while (n >= sizeof(uint64_t))
    40008d78:	91002084 	add	x4, x4, #0x8
    40008d7c:	eb06009f 	cmp	x4, x6
    40008d80:	54ffff81 	b.ne	40008d70 <kernel_memcpy+0x80>  // b.any
        s += sizeof(uint64_t);
        n -= sizeof(uint64_t);
    }

    /* 剩余字节复制 */
    for (i = 0U; i < n; i++)
    40008d84:	92400842 	and	x2, x2, #0x7
    40008d88:	8b040063 	add	x3, x3, x4
    40008d8c:	8b040021 	add	x1, x1, x4
    40008d90:	b40000e2 	cbz	x2, 40008dac <kernel_memcpy+0xbc>
    40008d94:	d2800004 	mov	x4, #0x0                   	// #0
    {
        d[i] = s[i];
    40008d98:	38646825 	ldrb	w5, [x1, x4]
    40008d9c:	38246865 	strb	w5, [x3, x4]
    for (i = 0U; i < n; i++)
    40008da0:	91000484 	add	x4, x4, #0x1
    40008da4:	eb04005f 	cmp	x2, x4
    40008da8:	54ffff81 	b.ne	40008d98 <kernel_memcpy+0xa8>  // b.any
    }

    return dest;
}
    40008dac:	d65f03c0 	ret
    d = (uint8_t *)dest;
    40008db0:	aa0003e3 	mov	x3, x0
    40008db4:	17ffffeb 	b	40008d60 <kernel_memcpy+0x70>
    40008db8:	aa0003e3 	mov	x3, x0
    for (i = 0U; i < n; i++)
    40008dbc:	b5fffec2 	cbnz	x2, 40008d94 <kernel_memcpy+0xa4>
    40008dc0:	17fffffb 	b	40008dac <kernel_memcpy+0xbc>
	...

0000000040008dd0 <kernel_memset>:
{
    uint8_t *p;
    uint8_t  val;
    size_t   i;

    if (s == NULL)
    40008dd0:	b4000120 	cbz	x0, 40008df4 <kernel_memset+0x24>
    {
        return s;
    }

    p = (uint8_t *)s;
    val = (uint8_t)(c & 0xFFU);
    40008dd4:	12001c23 	and	w3, w1, #0xff

    for (i = 0U; i < n; i++)
    40008dd8:	b40000e2 	cbz	x2, 40008df4 <kernel_memset+0x24>
    40008ddc:	8b000042 	add	x2, x2, x0
    40008de0:	aa0003e1 	mov	x1, x0
    40008de4:	d503201f 	nop
    {
        p[i] = val;
    40008de8:	38001423 	strb	w3, [x1], #1
    for (i = 0U; i < n; i++)
    40008dec:	eb02003f 	cmp	x1, x2
    40008df0:	54ffffc1 	b.ne	40008de8 <kernel_memset+0x18>  // b.any
    }

    return s;
}
    40008df4:	d65f03c0 	ret
	...

0000000040008e00 <kernel_memzero>:
    if (s == NULL)
    40008e00:	b40000e0 	cbz	x0, 40008e1c <kernel_memzero+0x1c>
    for (i = 0U; i < n; i++)
    40008e04:	b40000c1 	cbz	x1, 40008e1c <kernel_memzero+0x1c>
    40008e08:	8b010001 	add	x1, x0, x1
    40008e0c:	d503201f 	nop
        p[i] = val;
    40008e10:	3800141f 	strb	wzr, [x0], #1
    for (i = 0U; i < n; i++)
    40008e14:	eb01001f 	cmp	x0, x1
    40008e18:	54ffffc1 	b.ne	40008e10 <kernel_memzero+0x10>  // b.any
 * @param n 清零字节数
 */
void kernel_memzero(void *s, size_t n)
{
    (void)kernel_memset(s, 0, n);
}
    40008e1c:	d65f03c0 	ret

0000000040008e20 <kernel_strlen>:
 * @param s 字符串
 *
 * @return 字符串长度（不含终止符）
 */
size_t kernel_strlen(const char *s)
{
    40008e20:	aa0003e2 	mov	x2, x0
    size_t len;

    if (s == NULL)
    40008e24:	b4000120 	cbz	x0, 40008e48 <kernel_strlen+0x28>
    {
        return 0U;
    }

    len = 0U;
    while (s[len] != '\0')
    40008e28:	39400000 	ldrb	w0, [x0]
    40008e2c:	340000e0 	cbz	w0, 40008e48 <kernel_strlen+0x28>
    len = 0U;
    40008e30:	d2800000 	mov	x0, #0x0                   	// #0
    40008e34:	d503201f 	nop
    {
        len++;
    40008e38:	91000400 	add	x0, x0, #0x1
    while (s[len] != '\0')
    40008e3c:	38606841 	ldrb	w1, [x2, x0]
    40008e40:	35ffffc1 	cbnz	w1, 40008e38 <kernel_strlen+0x18>
    }

    return len;
}
    40008e44:	d65f03c0 	ret
        return 0U;
    40008e48:	d2800000 	mov	x0, #0x0                   	// #0
}
    40008e4c:	d65f03c0 	ret

0000000040008e50 <kernel_strncpy>:
 */
char *kernel_strncpy(char *dest, const char *src, size_t n)
{
    size_t i;

    if ((dest == NULL) || (src == NULL))
    40008e50:	f100001f 	cmp	x0, #0x0
    40008e54:	fa401824 	ccmp	x1, #0x0, #0x4, ne	// ne = any
    40008e58:	54000220 	b.eq	40008e9c <kernel_strncpy+0x4c>  // b.none
    {
        return dest;
    }

    for (i = 0U; (i < n) && (src[i] != '\0'); i++)
    40008e5c:	d2800003 	mov	x3, #0x0                   	// #0
    40008e60:	b50000c2 	cbnz	x2, 40008e78 <kernel_strncpy+0x28>
    40008e64:	1400000e 	b	40008e9c <kernel_strncpy+0x4c>
    {
        dest[i] = src[i];
    40008e68:	38236804 	strb	w4, [x0, x3]
    for (i = 0U; (i < n) && (src[i] != '\0'); i++)
    40008e6c:	91000463 	add	x3, x3, #0x1
    40008e70:	eb03005f 	cmp	x2, x3
    40008e74:	54000140 	b.eq	40008e9c <kernel_strncpy+0x4c>  // b.none
    40008e78:	38636824 	ldrb	w4, [x1, x3]
    40008e7c:	35ffff64 	cbnz	w4, 40008e68 <kernel_strncpy+0x18>
    }

    for (; i < n; i++)
    40008e80:	eb03005f 	cmp	x2, x3
    40008e84:	540000c9 	b.ls	40008e9c <kernel_strncpy+0x4c>  // b.plast
    40008e88:	8b030003 	add	x3, x0, x3
    40008e8c:	8b020002 	add	x2, x0, x2
    {
        dest[i] = '\0';
    40008e90:	3800147f 	strb	wzr, [x3], #1
    for (; i < n; i++)
    40008e94:	eb03005f 	cmp	x2, x3
    40008e98:	54ffffc1 	b.ne	40008e90 <kernel_strncpy+0x40>  // b.any
    }

    return dest;
}
    40008e9c:	d65f03c0 	ret

0000000040008ea0 <kernel_strncmp>:
 * @param n   最大比较字符数
 *
 * @return 0 相等，<0 s1<s2，>0 s1>s2
 */
int32_t kernel_strncmp(const char *s1, const char *s2, size_t n)
{
    40008ea0:	aa0003e5 	mov	x5, x0
    size_t  i;
    uint8_t c1;
    uint8_t c2;

    if (n == 0U)
    40008ea4:	b4000242 	cbz	x2, 40008eec <kernel_strncmp+0x4c>
    {
        return 0;
    }

    if ((s1 == NULL) && (s2 == NULL))
    40008ea8:	aa000023 	orr	x3, x1, x0
        return 0;
    40008eac:	52800000 	mov	w0, #0x0                   	// #0
    if ((s1 == NULL) && (s2 == NULL))
    40008eb0:	b40001c3 	cbz	x3, 40008ee8 <kernel_strncmp+0x48>
    {
        return 0;
    }

    if (s1 == NULL)
    40008eb4:	b4000245 	cbz	x5, 40008efc <kernel_strncmp+0x5c>
    {
        return -1;
    }

    if (s2 == NULL)
    40008eb8:	b40001e1 	cbz	x1, 40008ef4 <kernel_strncmp+0x54>
    {
        return 1;
    }

    for (i = 0U; i < n; i++)
    40008ebc:	d2800003 	mov	x3, #0x0                   	// #0
    40008ec0:	14000004 	b	40008ed0 <kernel_strncmp+0x30>
        if (c1 != c2)
        {
            return (int32_t)c1 - (int32_t)c2;
        }

        if (c1 == 0U)
    40008ec4:	34000144 	cbz	w4, 40008eec <kernel_strncmp+0x4c>
    for (i = 0U; i < n; i++)
    40008ec8:	eb03005f 	cmp	x2, x3
    40008ecc:	54000100 	b.eq	40008eec <kernel_strncmp+0x4c>  // b.none
        c1 = (uint8_t)s1[i];
    40008ed0:	386368a4 	ldrb	w4, [x5, x3]
        c2 = (uint8_t)s2[i];
    40008ed4:	38636820 	ldrb	w0, [x1, x3]
    for (i = 0U; i < n; i++)
    40008ed8:	91000463 	add	x3, x3, #0x1
        if (c1 != c2)
    40008edc:	6b00009f 	cmp	w4, w0
    40008ee0:	54ffff20 	b.eq	40008ec4 <kernel_strncmp+0x24>  // b.none
            return (int32_t)c1 - (int32_t)c2;
    40008ee4:	4b000080 	sub	w0, w4, w0
            return 0;
        }
    }

    return 0;
}
    40008ee8:	d65f03c0 	ret
        return 0;
    40008eec:	52800000 	mov	w0, #0x0                   	// #0
}
    40008ef0:	d65f03c0 	ret
        return 1;
    40008ef4:	52800020 	mov	w0, #0x1                   	// #1
}
    40008ef8:	d65f03c0 	ret
        return -1;
    40008efc:	12800000 	mov	w0, #0xffffffff            	// #-1
}
    40008f00:	d65f03c0 	ret
	...
