
/home/kerfs/AISafeOS64/AISafeOS64/build_host/kernel/aisafe64.elf.elf:     file format elf64-littleaarch64


Disassembly of section .text.boot:

0000000040000000 <kernel_entry>:
 * @note 必须是 4KB 对齐（异常向量表要求）
 */
.align 12
kernel_entry:
    /* ---- 第一步：禁用所有中断 ---- */
    msr     daifset, #0xF
    40000000:	d5034fdf 	msr	daifset, #0xf

    /* ---- 第二步：检查并降到 EL1 ---- */
    mrs     x20, currentel
    40000004:	d5384254 	mrs	x20, currentel
    and     x20, x20, #0xC
    40000008:	927e0694 	and	x20, x20, #0xc
    cmp     x20, #0xC                /* EL3? */
    4000000c:	f100329f 	cmp	x20, #0xc
    b.eq    .Ldrop_from_el3
    40000010:	54000080 	b.eq	40000020 <kernel_entry+0x20>  // b.none
    cmp     x20, #0x8                /* EL2? */
    40000014:	f100229f 	cmp	x20, #0x8
    b.eq    .Ldrop_from_el2
    40000018:	540000e0 	b.eq	40000034 <kernel_entry+0x34>  // b.none

    /* 已在 EL1，直接进入启动 */
    b       .Lel1_entry
    4000001c:	1400000f 	b	40000058 <kernel_entry+0x58>
/**
 * @brief 从 EL3 降到 EL1
 */
.Ldrop_from_el3:
    /* EL3 安全状态配置（暂时全部安全） */
    mov     x20, #0x3C5              /* EL1h, DAIF 全部掩码 */
    40000020:	d28078b4 	mov	x20, #0x3c5                 	// #965
    msr     spsr_el3, x20
    40000024:	d51e4014 	msr	spsr_el3, x20
    adr     x20, .Lel2_entry
    40000028:	10000074 	adr	x20, 40000034 <kernel_entry+0x34>
    msr     elr_el3, x20
    4000002c:	d51e4034 	msr	elr_el3, x20
    eret
    40000030:	d69f03e0 	eret
 * @brief 从 EL2 降到 EL1
 */
.Lel2_entry:
.Ldrop_from_el2:
    /* 禁用 EL2 阶段翻译（HCR_EL2） */
    msr     hcr_el2, xzr
    40000034:	d51c111f 	msr	hcr_el2, xzr

    /* 配置 SCTLR_EL1：禁用 MMU（后续 P0-3 启用） */
    mov     x20, #(1 << 12)          /* I 位：使能指令缓存 */
    40000038:	d2820014 	mov	x20, #0x1000                	// #4096
    orr     x20, x20, #(1 << 2)      /* C 位：使能数据缓存 */
    4000003c:	b27e0294 	orr	x20, x20, #0x4
    msr     sctlr_el1, x20
    40000040:	d5181014 	msr	sctlr_el1, x20

    /* 设置 EL1 返回状态 */
    mov     x20, #0x3C5              /* EL1h, DAIF 全部掩码 */
    40000044:	d28078b4 	mov	x20, #0x3c5                 	// #965
    msr     spsr_el2, x20
    40000048:	d51c4014 	msr	spsr_el2, x20

    /* 设置返回地址 */
    adr     x20, .Lel1_entry
    4000004c:	10000074 	adr	x20, 40000058 <kernel_entry+0x58>
    msr     elr_el2, x20
    40000050:	d51c4034 	msr	elr_el2, x20

    eret
    40000054:	d69f03e0 	eret
 *          - 设置 CPU 0 栈
 *          - 跳转到 C 入口
 */
.Lel1_entry:
    /* ---- 保存 DTB 地址到全局变量 ---- */
    adr     x21, __dtb_ptr
    40000058:	1002fd55 	adr	x21, 40006000 <__dtb_ptr>
    str     x0, [x21]
    4000005c:	f90002a0 	str	x0, [x21]

    /* ---- 设置异常向量表 ---- */
    adr     x20, exception_vector_table
    40000060:	10003d14 	adr	x20, 40000800 <exception_vector_table>
    msr     vbar_el1, x20
    40000064:	d518c014 	msr	vbar_el1, x20
    isb
    40000068:	d5033fdf 	isb

    /* ---- 清零 BSS 段 ---- */
    ldr     x20, =__bss_start
    4000006c:	58000334 	ldr	x20, 400000d0 <secondary_entry+0x34>
    ldr     x21, =__bss_end
    40000070:	58000355 	ldr	x21, 400000d8 <secondary_entry+0x3c>
.Lclear_bss:
    cmp     x20, x21
    40000074:	eb15029f 	cmp	x20, x21
    b.ge    .Lbss_done
    40000078:	5400006a 	b.ge	40000084 <kernel_entry+0x84>  // b.tcont
    str     xzr, [x20], #8
    4000007c:	f800869f 	str	xzr, [x20], #8
    b       .Lclear_bss
    40000080:	17fffffd 	b	40000074 <kernel_entry+0x74>
.Lbss_done:

    /* ---- 设置 CPU 0 内核栈 ---- */
    ldr     x20, =__stacks_start
    40000084:	580002f4 	ldr	x20, 400000e0 <secondary_entry+0x44>
    add     x20, x20, #8192          /* CPU 0 栈顶 = stacks_start + 8KB */
    40000088:	91400a94 	add	x20, x20, #0x2, lsl #12
    mov     sp, x20
    4000008c:	9100029f 	mov	sp, x20

    /* ---- 跳转到 C 入口 ---- */
    bl      kernel_main
    40000090:	94000ad5 	bl	40002be4 <kernel_main>

    /* ---- 不应返回 ---- */
.Lhang:
    wfe
    40000094:	d503205f 	wfe
    b       .Lhang
    40000098:	17ffffff 	b	40000094 <kernel_entry+0x94>

000000004000009c <secondary_entry>:
 */
.section .text.boot
.global secondary_entry
secondary_entry:
    /* 禁用所有中断 */
    msr     daifset, #0xF
    4000009c:	d5034fdf 	msr	daifset, #0xf

    /* 从 MPIDR_EL1 获取 CPU ID */
    mrs     x0, mpidr_el1
    400000a0:	d53800a0 	mrs	x0, mpidr_el1
    and     x0, x0, #0xFF
    400000a4:	92401c00 	and	x0, x0, #0xff

    /* 设置异常向量表（与主核相同） */
    adr     x1, exception_vector_table
    400000a8:	10003ac1 	adr	x1, 40000800 <exception_vector_table>
    msr     vbar_el1, x1
    400000ac:	d518c001 	msr	vbar_el1, x1
    isb
    400000b0:	d5033fdf 	isb

    /* 计算当前 CPU 的栈顶：__stacks_start + (cpu_id + 1) * 8192 */
    ldr     x1, =__stacks_start
    400000b4:	58000161 	ldr	x1, 400000e0 <secondary_entry+0x44>
    add     x1, x1, x0, lsl #13     /* x1 += cpu_id * 8192 */
    400000b8:	8b003421 	add	x1, x1, x0, lsl #13
    add     x1, x1, #8192           /* 栈顶 = base + (cpu_id+1)*8192 */
    400000bc:	91400821 	add	x1, x1, #0x2, lsl #12
    mov     sp, x1
    400000c0:	9100003f 	mov	sp, x1

    /* 跳转到 C 入口，x0 = cpu_id */
    b       smp_secondary_entry
    400000c4:	14000deb 	b	40003870 <smp_secondary_entry>

    /* 不应返回 */
1:  wfe
    400000c8:	d503205f 	wfe
    b       1b
    400000cc:	17ffffff 	b	400000c8 <secondary_entry+0x2c>
    400000d0:	40006040 	.word	0x40006040
    400000d4:	00000000 	.word	0x00000000
    400000d8:	4001ce30 	.word	0x4001ce30
    400000dc:	00000000 	.word	0x00000000
    400000e0:	4001d000 	.word	0x4001d000
	...

0000000040000800 <exception_vector_table>:
exception_vector_table:
    /* ================================================================
     * [0]  当前 EL，SP0，同步异常
     * ================================================================ */
    .align 7
    b       .Lexception_panic
    40000800:	14000226 	b	40001098 <exception_vector_table+0x898>
    40000804:	d503201f 	nop
    40000808:	d503201f 	nop
    4000080c:	d503201f 	nop
    40000810:	d503201f 	nop
    40000814:	d503201f 	nop
    40000818:	d503201f 	nop
    4000081c:	d503201f 	nop
    40000820:	d503201f 	nop
    40000824:	d503201f 	nop
    40000828:	d503201f 	nop
    4000082c:	d503201f 	nop
    40000830:	d503201f 	nop
    40000834:	d503201f 	nop
    40000838:	d503201f 	nop
    4000083c:	d503201f 	nop
    40000840:	d503201f 	nop
    40000844:	d503201f 	nop
    40000848:	d503201f 	nop
    4000084c:	d503201f 	nop
    40000850:	d503201f 	nop
    40000854:	d503201f 	nop
    40000858:	d503201f 	nop
    4000085c:	d503201f 	nop
    40000860:	d503201f 	nop
    40000864:	d503201f 	nop
    40000868:	d503201f 	nop
    4000086c:	d503201f 	nop
    40000870:	d503201f 	nop
    40000874:	d503201f 	nop
    40000878:	d503201f 	nop
    4000087c:	d503201f 	nop

    /* [1]  当前 EL，SP0，IRQ */
    .align 7
    b       .Lexception_panic
    40000880:	14000206 	b	40001098 <exception_vector_table+0x898>
    40000884:	d503201f 	nop
    40000888:	d503201f 	nop
    4000088c:	d503201f 	nop
    40000890:	d503201f 	nop
    40000894:	d503201f 	nop
    40000898:	d503201f 	nop
    4000089c:	d503201f 	nop
    400008a0:	d503201f 	nop
    400008a4:	d503201f 	nop
    400008a8:	d503201f 	nop
    400008ac:	d503201f 	nop
    400008b0:	d503201f 	nop
    400008b4:	d503201f 	nop
    400008b8:	d503201f 	nop
    400008bc:	d503201f 	nop
    400008c0:	d503201f 	nop
    400008c4:	d503201f 	nop
    400008c8:	d503201f 	nop
    400008cc:	d503201f 	nop
    400008d0:	d503201f 	nop
    400008d4:	d503201f 	nop
    400008d8:	d503201f 	nop
    400008dc:	d503201f 	nop
    400008e0:	d503201f 	nop
    400008e4:	d503201f 	nop
    400008e8:	d503201f 	nop
    400008ec:	d503201f 	nop
    400008f0:	d503201f 	nop
    400008f4:	d503201f 	nop
    400008f8:	d503201f 	nop
    400008fc:	d503201f 	nop

    /* [2]  当前 EL，SP0，FIQ */
    .align 7
    b       .Lexception_panic
    40000900:	140001e6 	b	40001098 <exception_vector_table+0x898>
    40000904:	d503201f 	nop
    40000908:	d503201f 	nop
    4000090c:	d503201f 	nop
    40000910:	d503201f 	nop
    40000914:	d503201f 	nop
    40000918:	d503201f 	nop
    4000091c:	d503201f 	nop
    40000920:	d503201f 	nop
    40000924:	d503201f 	nop
    40000928:	d503201f 	nop
    4000092c:	d503201f 	nop
    40000930:	d503201f 	nop
    40000934:	d503201f 	nop
    40000938:	d503201f 	nop
    4000093c:	d503201f 	nop
    40000940:	d503201f 	nop
    40000944:	d503201f 	nop
    40000948:	d503201f 	nop
    4000094c:	d503201f 	nop
    40000950:	d503201f 	nop
    40000954:	d503201f 	nop
    40000958:	d503201f 	nop
    4000095c:	d503201f 	nop
    40000960:	d503201f 	nop
    40000964:	d503201f 	nop
    40000968:	d503201f 	nop
    4000096c:	d503201f 	nop
    40000970:	d503201f 	nop
    40000974:	d503201f 	nop
    40000978:	d503201f 	nop
    4000097c:	d503201f 	nop

    /* [3]  当前 EL，SP0，SError */
    .align 7
    b       .Lexception_panic
    40000980:	140001c6 	b	40001098 <exception_vector_table+0x898>
    40000984:	d503201f 	nop
    40000988:	d503201f 	nop
    4000098c:	d503201f 	nop
    40000990:	d503201f 	nop
    40000994:	d503201f 	nop
    40000998:	d503201f 	nop
    4000099c:	d503201f 	nop
    400009a0:	d503201f 	nop
    400009a4:	d503201f 	nop
    400009a8:	d503201f 	nop
    400009ac:	d503201f 	nop
    400009b0:	d503201f 	nop
    400009b4:	d503201f 	nop
    400009b8:	d503201f 	nop
    400009bc:	d503201f 	nop
    400009c0:	d503201f 	nop
    400009c4:	d503201f 	nop
    400009c8:	d503201f 	nop
    400009cc:	d503201f 	nop
    400009d0:	d503201f 	nop
    400009d4:	d503201f 	nop
    400009d8:	d503201f 	nop
    400009dc:	d503201f 	nop
    400009e0:	d503201f 	nop
    400009e4:	d503201f 	nop
    400009e8:	d503201f 	nop
    400009ec:	d503201f 	nop
    400009f0:	d503201f 	nop
    400009f4:	d503201f 	nop
    400009f8:	d503201f 	nop
    400009fc:	d503201f 	nop

    /* ================================================================
     * [4]  当前 EL，SPx，同步异常 ← SVC 系统调用入口
     * ================================================================ */
    .align 7
    b       .Lsync_handler_spx
    40000a00:	14000161 	b	40000f84 <exception_vector_table+0x784>
    40000a04:	d503201f 	nop
    40000a08:	d503201f 	nop
    40000a0c:	d503201f 	nop
    40000a10:	d503201f 	nop
    40000a14:	d503201f 	nop
    40000a18:	d503201f 	nop
    40000a1c:	d503201f 	nop
    40000a20:	d503201f 	nop
    40000a24:	d503201f 	nop
    40000a28:	d503201f 	nop
    40000a2c:	d503201f 	nop
    40000a30:	d503201f 	nop
    40000a34:	d503201f 	nop
    40000a38:	d503201f 	nop
    40000a3c:	d503201f 	nop
    40000a40:	d503201f 	nop
    40000a44:	d503201f 	nop
    40000a48:	d503201f 	nop
    40000a4c:	d503201f 	nop
    40000a50:	d503201f 	nop
    40000a54:	d503201f 	nop
    40000a58:	d503201f 	nop
    40000a5c:	d503201f 	nop
    40000a60:	d503201f 	nop
    40000a64:	d503201f 	nop
    40000a68:	d503201f 	nop
    40000a6c:	d503201f 	nop
    40000a70:	d503201f 	nop
    40000a74:	d503201f 	nop
    40000a78:	d503201f 	nop
    40000a7c:	d503201f 	nop

    /* [5]  当前 EL，SPx，IRQ */
    .align 7
    b       .Lirq_handler_spx
    40000a80:	14000173 	b	4000104c <exception_vector_table+0x84c>
    40000a84:	d503201f 	nop
    40000a88:	d503201f 	nop
    40000a8c:	d503201f 	nop
    40000a90:	d503201f 	nop
    40000a94:	d503201f 	nop
    40000a98:	d503201f 	nop
    40000a9c:	d503201f 	nop
    40000aa0:	d503201f 	nop
    40000aa4:	d503201f 	nop
    40000aa8:	d503201f 	nop
    40000aac:	d503201f 	nop
    40000ab0:	d503201f 	nop
    40000ab4:	d503201f 	nop
    40000ab8:	d503201f 	nop
    40000abc:	d503201f 	nop
    40000ac0:	d503201f 	nop
    40000ac4:	d503201f 	nop
    40000ac8:	d503201f 	nop
    40000acc:	d503201f 	nop
    40000ad0:	d503201f 	nop
    40000ad4:	d503201f 	nop
    40000ad8:	d503201f 	nop
    40000adc:	d503201f 	nop
    40000ae0:	d503201f 	nop
    40000ae4:	d503201f 	nop
    40000ae8:	d503201f 	nop
    40000aec:	d503201f 	nop
    40000af0:	d503201f 	nop
    40000af4:	d503201f 	nop
    40000af8:	d503201f 	nop
    40000afc:	d503201f 	nop

    /* [6]  当前 EL，SPx，FIQ */
    .align 7
    b       .Lexception_panic
    40000b00:	14000166 	b	40001098 <exception_vector_table+0x898>
    40000b04:	d503201f 	nop
    40000b08:	d503201f 	nop
    40000b0c:	d503201f 	nop
    40000b10:	d503201f 	nop
    40000b14:	d503201f 	nop
    40000b18:	d503201f 	nop
    40000b1c:	d503201f 	nop
    40000b20:	d503201f 	nop
    40000b24:	d503201f 	nop
    40000b28:	d503201f 	nop
    40000b2c:	d503201f 	nop
    40000b30:	d503201f 	nop
    40000b34:	d503201f 	nop
    40000b38:	d503201f 	nop
    40000b3c:	d503201f 	nop
    40000b40:	d503201f 	nop
    40000b44:	d503201f 	nop
    40000b48:	d503201f 	nop
    40000b4c:	d503201f 	nop
    40000b50:	d503201f 	nop
    40000b54:	d503201f 	nop
    40000b58:	d503201f 	nop
    40000b5c:	d503201f 	nop
    40000b60:	d503201f 	nop
    40000b64:	d503201f 	nop
    40000b68:	d503201f 	nop
    40000b6c:	d503201f 	nop
    40000b70:	d503201f 	nop
    40000b74:	d503201f 	nop
    40000b78:	d503201f 	nop
    40000b7c:	d503201f 	nop

    /* [7]  当前 EL，SPx，SError */
    .align 7
    b       .Lserror_handler_spx
    40000b80:	14000139 	b	40001064 <exception_vector_table+0x864>
    40000b84:	d503201f 	nop
    40000b88:	d503201f 	nop
    40000b8c:	d503201f 	nop
    40000b90:	d503201f 	nop
    40000b94:	d503201f 	nop
    40000b98:	d503201f 	nop
    40000b9c:	d503201f 	nop
    40000ba0:	d503201f 	nop
    40000ba4:	d503201f 	nop
    40000ba8:	d503201f 	nop
    40000bac:	d503201f 	nop
    40000bb0:	d503201f 	nop
    40000bb4:	d503201f 	nop
    40000bb8:	d503201f 	nop
    40000bbc:	d503201f 	nop
    40000bc0:	d503201f 	nop
    40000bc4:	d503201f 	nop
    40000bc8:	d503201f 	nop
    40000bcc:	d503201f 	nop
    40000bd0:	d503201f 	nop
    40000bd4:	d503201f 	nop
    40000bd8:	d503201f 	nop
    40000bdc:	d503201f 	nop
    40000be0:	d503201f 	nop
    40000be4:	d503201f 	nop
    40000be8:	d503201f 	nop
    40000bec:	d503201f 	nop
    40000bf0:	d503201f 	nop
    40000bf4:	d503201f 	nop
    40000bf8:	d503201f 	nop
    40000bfc:	d503201f 	nop

    /* ================================================================
     * [8-11]  低 EL（AArch64）异常
     * ================================================================ */
    .align 7
    b       .Lexception_panic         /* [8]  同步 */
    40000c00:	14000126 	b	40001098 <exception_vector_table+0x898>
    40000c04:	d503201f 	nop
    40000c08:	d503201f 	nop
    40000c0c:	d503201f 	nop
    40000c10:	d503201f 	nop
    40000c14:	d503201f 	nop
    40000c18:	d503201f 	nop
    40000c1c:	d503201f 	nop
    40000c20:	d503201f 	nop
    40000c24:	d503201f 	nop
    40000c28:	d503201f 	nop
    40000c2c:	d503201f 	nop
    40000c30:	d503201f 	nop
    40000c34:	d503201f 	nop
    40000c38:	d503201f 	nop
    40000c3c:	d503201f 	nop
    40000c40:	d503201f 	nop
    40000c44:	d503201f 	nop
    40000c48:	d503201f 	nop
    40000c4c:	d503201f 	nop
    40000c50:	d503201f 	nop
    40000c54:	d503201f 	nop
    40000c58:	d503201f 	nop
    40000c5c:	d503201f 	nop
    40000c60:	d503201f 	nop
    40000c64:	d503201f 	nop
    40000c68:	d503201f 	nop
    40000c6c:	d503201f 	nop
    40000c70:	d503201f 	nop
    40000c74:	d503201f 	nop
    40000c78:	d503201f 	nop
    40000c7c:	d503201f 	nop
    .align 7
    b       .Lexception_panic         /* [9]  IRQ */
    40000c80:	14000106 	b	40001098 <exception_vector_table+0x898>
    40000c84:	d503201f 	nop
    40000c88:	d503201f 	nop
    40000c8c:	d503201f 	nop
    40000c90:	d503201f 	nop
    40000c94:	d503201f 	nop
    40000c98:	d503201f 	nop
    40000c9c:	d503201f 	nop
    40000ca0:	d503201f 	nop
    40000ca4:	d503201f 	nop
    40000ca8:	d503201f 	nop
    40000cac:	d503201f 	nop
    40000cb0:	d503201f 	nop
    40000cb4:	d503201f 	nop
    40000cb8:	d503201f 	nop
    40000cbc:	d503201f 	nop
    40000cc0:	d503201f 	nop
    40000cc4:	d503201f 	nop
    40000cc8:	d503201f 	nop
    40000ccc:	d503201f 	nop
    40000cd0:	d503201f 	nop
    40000cd4:	d503201f 	nop
    40000cd8:	d503201f 	nop
    40000cdc:	d503201f 	nop
    40000ce0:	d503201f 	nop
    40000ce4:	d503201f 	nop
    40000ce8:	d503201f 	nop
    40000cec:	d503201f 	nop
    40000cf0:	d503201f 	nop
    40000cf4:	d503201f 	nop
    40000cf8:	d503201f 	nop
    40000cfc:	d503201f 	nop
    .align 7
    b       .Lexception_panic         /* [10] FIQ */
    40000d00:	140000e6 	b	40001098 <exception_vector_table+0x898>
    40000d04:	d503201f 	nop
    40000d08:	d503201f 	nop
    40000d0c:	d503201f 	nop
    40000d10:	d503201f 	nop
    40000d14:	d503201f 	nop
    40000d18:	d503201f 	nop
    40000d1c:	d503201f 	nop
    40000d20:	d503201f 	nop
    40000d24:	d503201f 	nop
    40000d28:	d503201f 	nop
    40000d2c:	d503201f 	nop
    40000d30:	d503201f 	nop
    40000d34:	d503201f 	nop
    40000d38:	d503201f 	nop
    40000d3c:	d503201f 	nop
    40000d40:	d503201f 	nop
    40000d44:	d503201f 	nop
    40000d48:	d503201f 	nop
    40000d4c:	d503201f 	nop
    40000d50:	d503201f 	nop
    40000d54:	d503201f 	nop
    40000d58:	d503201f 	nop
    40000d5c:	d503201f 	nop
    40000d60:	d503201f 	nop
    40000d64:	d503201f 	nop
    40000d68:	d503201f 	nop
    40000d6c:	d503201f 	nop
    40000d70:	d503201f 	nop
    40000d74:	d503201f 	nop
    40000d78:	d503201f 	nop
    40000d7c:	d503201f 	nop
    .align 7
    b       .Lexception_panic         /* [11] SError */
    40000d80:	140000c6 	b	40001098 <exception_vector_table+0x898>
    40000d84:	d503201f 	nop
    40000d88:	d503201f 	nop
    40000d8c:	d503201f 	nop
    40000d90:	d503201f 	nop
    40000d94:	d503201f 	nop
    40000d98:	d503201f 	nop
    40000d9c:	d503201f 	nop
    40000da0:	d503201f 	nop
    40000da4:	d503201f 	nop
    40000da8:	d503201f 	nop
    40000dac:	d503201f 	nop
    40000db0:	d503201f 	nop
    40000db4:	d503201f 	nop
    40000db8:	d503201f 	nop
    40000dbc:	d503201f 	nop
    40000dc0:	d503201f 	nop
    40000dc4:	d503201f 	nop
    40000dc8:	d503201f 	nop
    40000dcc:	d503201f 	nop
    40000dd0:	d503201f 	nop
    40000dd4:	d503201f 	nop
    40000dd8:	d503201f 	nop
    40000ddc:	d503201f 	nop
    40000de0:	d503201f 	nop
    40000de4:	d503201f 	nop
    40000de8:	d503201f 	nop
    40000dec:	d503201f 	nop
    40000df0:	d503201f 	nop
    40000df4:	d503201f 	nop
    40000df8:	d503201f 	nop
    40000dfc:	d503201f 	nop

    /* ================================================================
     * [12-15] 低 EL（AArch32）异常
     * ================================================================ */
    .align 7
    b       .Lexception_panic         /* [12] 同步 */
    40000e00:	140000a6 	b	40001098 <exception_vector_table+0x898>
    40000e04:	d503201f 	nop
    40000e08:	d503201f 	nop
    40000e0c:	d503201f 	nop
    40000e10:	d503201f 	nop
    40000e14:	d503201f 	nop
    40000e18:	d503201f 	nop
    40000e1c:	d503201f 	nop
    40000e20:	d503201f 	nop
    40000e24:	d503201f 	nop
    40000e28:	d503201f 	nop
    40000e2c:	d503201f 	nop
    40000e30:	d503201f 	nop
    40000e34:	d503201f 	nop
    40000e38:	d503201f 	nop
    40000e3c:	d503201f 	nop
    40000e40:	d503201f 	nop
    40000e44:	d503201f 	nop
    40000e48:	d503201f 	nop
    40000e4c:	d503201f 	nop
    40000e50:	d503201f 	nop
    40000e54:	d503201f 	nop
    40000e58:	d503201f 	nop
    40000e5c:	d503201f 	nop
    40000e60:	d503201f 	nop
    40000e64:	d503201f 	nop
    40000e68:	d503201f 	nop
    40000e6c:	d503201f 	nop
    40000e70:	d503201f 	nop
    40000e74:	d503201f 	nop
    40000e78:	d503201f 	nop
    40000e7c:	d503201f 	nop
    .align 7
    b       .Lexception_panic         /* [13] IRQ */
    40000e80:	14000086 	b	40001098 <exception_vector_table+0x898>
    40000e84:	d503201f 	nop
    40000e88:	d503201f 	nop
    40000e8c:	d503201f 	nop
    40000e90:	d503201f 	nop
    40000e94:	d503201f 	nop
    40000e98:	d503201f 	nop
    40000e9c:	d503201f 	nop
    40000ea0:	d503201f 	nop
    40000ea4:	d503201f 	nop
    40000ea8:	d503201f 	nop
    40000eac:	d503201f 	nop
    40000eb0:	d503201f 	nop
    40000eb4:	d503201f 	nop
    40000eb8:	d503201f 	nop
    40000ebc:	d503201f 	nop
    40000ec0:	d503201f 	nop
    40000ec4:	d503201f 	nop
    40000ec8:	d503201f 	nop
    40000ecc:	d503201f 	nop
    40000ed0:	d503201f 	nop
    40000ed4:	d503201f 	nop
    40000ed8:	d503201f 	nop
    40000edc:	d503201f 	nop
    40000ee0:	d503201f 	nop
    40000ee4:	d503201f 	nop
    40000ee8:	d503201f 	nop
    40000eec:	d503201f 	nop
    40000ef0:	d503201f 	nop
    40000ef4:	d503201f 	nop
    40000ef8:	d503201f 	nop
    40000efc:	d503201f 	nop
    .align 7
    b       .Lexception_panic         /* [14] FIQ */
    40000f00:	14000066 	b	40001098 <exception_vector_table+0x898>
    40000f04:	d503201f 	nop
    40000f08:	d503201f 	nop
    40000f0c:	d503201f 	nop
    40000f10:	d503201f 	nop
    40000f14:	d503201f 	nop
    40000f18:	d503201f 	nop
    40000f1c:	d503201f 	nop
    40000f20:	d503201f 	nop
    40000f24:	d503201f 	nop
    40000f28:	d503201f 	nop
    40000f2c:	d503201f 	nop
    40000f30:	d503201f 	nop
    40000f34:	d503201f 	nop
    40000f38:	d503201f 	nop
    40000f3c:	d503201f 	nop
    40000f40:	d503201f 	nop
    40000f44:	d503201f 	nop
    40000f48:	d503201f 	nop
    40000f4c:	d503201f 	nop
    40000f50:	d503201f 	nop
    40000f54:	d503201f 	nop
    40000f58:	d503201f 	nop
    40000f5c:	d503201f 	nop
    40000f60:	d503201f 	nop
    40000f64:	d503201f 	nop
    40000f68:	d503201f 	nop
    40000f6c:	d503201f 	nop
    40000f70:	d503201f 	nop
    40000f74:	d503201f 	nop
    40000f78:	d503201f 	nop
    40000f7c:	d503201f 	nop
    .align 7
    b       .Lexception_panic         /* [15] SError */
    40000f80:	14000046 	b	40001098 <exception_vector_table+0x898>
 *          EC=0x15 (SVC64) → syscall_handler
 *          其他 → exception_sync_handler(esr, far, &elr, spsr)
 */
.Lsync_handler_spx:
    /* 保存所有通用寄存器 */
    stp     x0, x1, [sp, #-16]!
    40000f84:	a9bf07e0 	stp	x0, x1, [sp, #-16]!
    stp     x2, x3, [sp, #-16]!
    40000f88:	a9bf0fe2 	stp	x2, x3, [sp, #-16]!
    stp     x4, x5, [sp, #-16]!
    40000f8c:	a9bf17e4 	stp	x4, x5, [sp, #-16]!
    stp     x6, x7, [sp, #-16]!
    40000f90:	a9bf1fe6 	stp	x6, x7, [sp, #-16]!
    stp     x8, x9, [sp, #-16]!
    40000f94:	a9bf27e8 	stp	x8, x9, [sp, #-16]!
    stp     x10, x11, [sp, #-16]!
    40000f98:	a9bf2fea 	stp	x10, x11, [sp, #-16]!
    stp     x12, x13, [sp, #-16]!
    40000f9c:	a9bf37ec 	stp	x12, x13, [sp, #-16]!
    stp     x14, x15, [sp, #-16]!
    40000fa0:	a9bf3fee 	stp	x14, x15, [sp, #-16]!
    stp     x16, x17, [sp, #-16]!
    40000fa4:	a9bf47f0 	stp	x16, x17, [sp, #-16]!
    stp     x18, x19, [sp, #-16]!
    40000fa8:	a9bf4ff2 	stp	x18, x19, [sp, #-16]!
    stp     x20, x21, [sp, #-16]!
    40000fac:	a9bf57f4 	stp	x20, x21, [sp, #-16]!
    stp     x22, x23, [sp, #-16]!
    40000fb0:	a9bf5ff6 	stp	x22, x23, [sp, #-16]!
    stp     x24, x25, [sp, #-16]!
    40000fb4:	a9bf67f8 	stp	x24, x25, [sp, #-16]!
    stp     x26, x27, [sp, #-16]!
    40000fb8:	a9bf6ffa 	stp	x26, x27, [sp, #-16]!
    stp     x28, x29, [sp, #-16]!
    40000fbc:	a9bf77fc 	stp	x28, x29, [sp, #-16]!
    str     x30, [sp, #-8]!
    40000fc0:	f81f8ffe 	str	x30, [sp, #-8]!

    /* 保存 ELR_EL1 和 SPSR_EL1 */
    mrs     x20, elr_el1
    40000fc4:	d5384034 	mrs	x20, elr_el1
    mrs     x21, spsr_el1
    40000fc8:	d5384015 	mrs	x21, spsr_el1
    stp     x20, x21, [sp, #-16]!
    40000fcc:	a9bf57f4 	stp	x20, x21, [sp, #-16]!

    /* 读取 ESR_EL1 判断异常类型 */
    mrs     x20, esr_el1
    40000fd0:	d5385214 	mrs	x20, esr_el1
    lsr     x21, x20, #26            /* EC = ESR[31:26] */
    40000fd4:	d35afe95 	lsr	x21, x20, #26

    /* EC = 0x15 (21) = SVC 指令 */
    cmp     x21, #0x15
    40000fd8:	f10056bf 	cmp	x21, #0x15
    b.eq    .Lsvc_handler
    40000fdc:	540000e0 	b.eq	40000ff8 <exception_vector_table+0x7f8>  // b.none

    /* 其他同步异常 → exception_sync_handler(esr, far, &elr, spsr) */
    mrs     x1, far_el1              /* x1 = FAR */
    40000fe0:	d5386001 	mrs	x1, far_el1
    mov     x0, x20                  /* x0 = ESR */
    40000fe4:	aa1403e0 	mov	x0, x20
    mov     x2, sp                   /* x2 = 指向栈上 ELR 的指针 */
    40000fe8:	910003e2 	mov	x2, sp
    ldr     x3, [sp, #8]             /* x3 = SPSR */
    40000fec:	f94007e3 	ldr	x3, [sp, #8]
    bl      exception_sync_handler
    40000ff0:	940004ec 	bl	400023a0 <exception_sync_handler>

    /* 恢复并返回 */
    b       .Lsync_restore
    40000ff4:	14000002 	b	40000ffc <exception_vector_table+0x7fc>

.Lsvc_handler:
    /* SVC 系统调用处理 */
    /* x8 = 系统调用号，x0-x7 = 参数 */
    bl      syscall_handler
    40000ff8:	940006fa 	bl	40002be0 <syscall_handler>

.Lsync_restore:
    /* 恢复 ELR_EL1 和 SPSR_EL1 */
    ldp     x20, x21, [sp], #16
    40000ffc:	a8c157f4 	ldp	x20, x21, [sp], #16
    msr     elr_el1, x20
    40001000:	d5184034 	msr	elr_el1, x20
    msr     spsr_el1, x21
    40001004:	d5184015 	msr	spsr_el1, x21

    /* 恢复所有通用寄存器 */
    ldr     x30, [sp], #8
    40001008:	f84087fe 	ldr	x30, [sp], #8
    ldp     x28, x29, [sp], #16
    4000100c:	a8c177fc 	ldp	x28, x29, [sp], #16
    ldp     x26, x27, [sp], #16
    40001010:	a8c16ffa 	ldp	x26, x27, [sp], #16
    ldp     x24, x25, [sp], #16
    40001014:	a8c167f8 	ldp	x24, x25, [sp], #16
    ldp     x22, x23, [sp], #16
    40001018:	a8c15ff6 	ldp	x22, x23, [sp], #16
    ldp     x20, x21, [sp], #16
    4000101c:	a8c157f4 	ldp	x20, x21, [sp], #16
    ldp     x18, x19, [sp], #16
    40001020:	a8c14ff2 	ldp	x18, x19, [sp], #16
    ldp     x16, x17, [sp], #16
    40001024:	a8c147f0 	ldp	x16, x17, [sp], #16
    ldp     x14, x15, [sp], #16
    40001028:	a8c13fee 	ldp	x14, x15, [sp], #16
    ldp     x12, x13, [sp], #16
    4000102c:	a8c137ec 	ldp	x12, x13, [sp], #16
    ldp     x10, x11, [sp], #16
    40001030:	a8c12fea 	ldp	x10, x11, [sp], #16
    ldp     x8, x9, [sp], #16
    40001034:	a8c127e8 	ldp	x8, x9, [sp], #16
    ldp     x6, x7, [sp], #16
    40001038:	a8c11fe6 	ldp	x6, x7, [sp], #16
    ldp     x4, x5, [sp], #16
    4000103c:	a8c117e4 	ldp	x4, x5, [sp], #16
    ldp     x2, x3, [sp], #16
    40001040:	a8c10fe2 	ldp	x2, x3, [sp], #16
    ldp     x0, x1, [sp], #16
    40001044:	a8c107e0 	ldp	x0, x1, [sp], #16

    eret
    40001048:	d69f03e0 	eret
 * @details 保存 x0-x3，调用 irq_handler（C 函数），
 *          恢复 x0-x3，eret 返回。
 */
.Lirq_handler_spx:
    /* 保存通用寄存器 */
    stp     x0, x1, [sp, #-16]!
    4000104c:	a9bf07e0 	stp	x0, x1, [sp, #-16]!
    stp     x2, x3, [sp, #-16]!
    40001050:	a9bf0fe2 	stp	x2, x3, [sp, #-16]!

    /* 调用 IRQ 处理函数（C 语言入口） */
    bl      irq_handler
    40001054:	94000547 	bl	40002570 <irq_handler>

    /* 恢复通用寄存器 */
    ldp     x2, x3, [sp], #16
    40001058:	a8c10fe2 	ldp	x2, x3, [sp], #16
    ldp     x0, x1, [sp], #16
    4000105c:	a8c107e0 	ldp	x0, x1, [sp], #16
    eret
    40001060:	d69f03e0 	eret
/**
 * @brief EL1h SError 异常处理
 */
.Lserror_handler_spx:
    /* 保存通用寄存器 */
    stp     x0, x1, [sp, #-16]!
    40001064:	a9bf07e0 	stp	x0, x1, [sp, #-16]!
    stp     x2, x3, [sp, #-16]!
    40001068:	a9bf0fe2 	stp	x2, x3, [sp, #-16]!
    stp     x4, x5, [sp, #-16]!
    4000106c:	a9bf17e4 	stp	x4, x5, [sp, #-16]!
    stp     x6, x7, [sp, #-16]!
    40001070:	a9bf1fe6 	stp	x6, x7, [sp, #-16]!

    /* 读取异常信息寄存器 */
    mrs     x0, esr_el1              /* x0 = ESR */
    40001074:	d5385200 	mrs	x0, esr_el1
    mrs     x1, far_el1              /* x1 = FAR */
    40001078:	d5386001 	mrs	x1, far_el1
    mrs     x2, elr_el1              /* x2 = ELR */
    4000107c:	d5384022 	mrs	x2, elr_el1

    /* 调用 SError 处理函数 */
    bl      el1_serror_handler
    40001080:	940006aa 	bl	40002b28 <el1_serror_handler>

    /* SError 处理函数不返回（挂起），若返回则 panic */
    ldp     x6, x7, [sp], #16
    40001084:	a8c11fe6 	ldp	x6, x7, [sp], #16
    ldp     x4, x5, [sp], #16
    40001088:	a8c117e4 	ldp	x4, x5, [sp], #16
    ldp     x2, x3, [sp], #16
    4000108c:	a8c10fe2 	ldp	x2, x3, [sp], #16
    ldp     x0, x1, [sp], #16
    40001090:	a8c107e0 	ldp	x0, x1, [sp], #16
    b       .Lexception_panic
    40001094:	14000001 	b	40001098 <exception_vector_table+0x898>

/* ========== 异常默认处理 ========== */

.Lexception_panic:
    /* 内核异常 panic：永停 */
    wfe
    40001098:	d503205f 	wfe
    b       .Lexception_panic
    4000109c:	17ffffff 	b	40001098 <exception_vector_table+0x898>
	...

Disassembly of section .text:

0000000040002000 <context_switch>:
    .type context_switch, @function
context_switch:
    /* ---- 保存 prev 上下文到 prev->context[] ---- */

    /* 保存 callee-saved 通用寄存器 x19 ~ x28 */
    stp     x19, x20, [x0, #0]
    40002000:	a9005013 	stp	x19, x20, [x0]
    stp     x21, x22, [x0, #16]
    40002004:	a9015815 	stp	x21, x22, [x0, #16]
    stp     x23, x24, [x0, #32]
    40002008:	a9026017 	stp	x23, x24, [x0, #32]
    stp     x25, x26, [x0, #48]
    4000200c:	a9036819 	stp	x25, x26, [x0, #48]
    stp     x27, x28, [x0, #64]
    40002010:	a904701b 	stp	x27, x28, [x0, #64]

    /* 保存 FP(x29) 和 LR(x30) */
    stp     x29, x30, [x0, #80]
    40002014:	a905781d 	stp	x29, x30, [x0, #80]

    /* 保存当前 SP */
    mov     x9, sp
    40002018:	910003e9 	mov	x9, sp
    str     x9, [x0, #96]
    4000201c:	f9003009 	str	x9, [x0, #96]

    /* ---- 恢复 next 上下文从 next->context[] ---- */
    /* x1 仍然指向 next->context */

    /* 恢复 callee-saved 通用寄存器 x19 ~ x28 */
    ldp     x19, x20, [x1, #0]
    40002020:	a9405033 	ldp	x19, x20, [x1]
    ldp     x21, x22, [x1, #16]
    40002024:	a9415835 	ldp	x21, x22, [x1, #16]
    ldp     x23, x24, [x1, #32]
    40002028:	a9426037 	ldp	x23, x24, [x1, #32]
    ldp     x25, x26, [x1, #48]
    4000202c:	a9436839 	ldp	x25, x26, [x1, #48]
    ldp     x27, x28, [x1, #64]
    40002030:	a944703b 	ldp	x27, x28, [x1, #64]

    /* 恢复 FP(x29) 和 LR(x30) */
    ldp     x29, x30, [x1, #80]
    40002034:	a945783d 	ldp	x29, x30, [x1, #80]

    /* 恢复 SP */
    ldr     x9, [x1, #96]
    40002038:	f9403029 	ldr	x9, [x1, #96]
    mov     sp, x9
    4000203c:	9100013f 	mov	sp, x9

    /* 返回到 next 线程的 LR（不修改 SPSR/ELR，IRQ 上下文安全） */
    ret
    40002040:	d65f03c0 	ret

0000000040002044 <arch_setup_thread_context>:
 * ======================================================================== */
    .global arch_setup_thread_context
    .type arch_setup_thread_context, @function
arch_setup_thread_context:
    /* context[0] = x19 = entry（真实入口地址） */
    str     x1, [x0, #0]
    40002044:	f9000001 	str	x1, [x0]

    /* context[1] = x20 = arg（入口参数） */
    str     x2, [x0, #8]
    40002048:	f9000402 	str	x2, [x0, #8]

    /* 清零 x21 ~ x28 */
    str     xzr, [x0, #16]        /* context[2] = x21 = 0 */
    4000204c:	f900081f 	str	xzr, [x0, #16]
    str     xzr, [x0, #24]        /* context[3] = x22 = 0 */
    40002050:	f9000c1f 	str	xzr, [x0, #24]
    str     xzr, [x0, #32]        /* context[4] = x23 = 0 */
    40002054:	f900101f 	str	xzr, [x0, #32]
    str     xzr, [x0, #40]        /* context[5] = x24 = 0 */
    40002058:	f900141f 	str	xzr, [x0, #40]
    str     xzr, [x0, #48]        /* context[6] = x25 = 0 */
    4000205c:	f900181f 	str	xzr, [x0, #48]
    str     xzr, [x0, #56]        /* context[7] = x26 = 0 */
    40002060:	f9001c1f 	str	xzr, [x0, #56]
    str     xzr, [x0, #64]        /* context[8] = x27 = 0 */
    40002064:	f900201f 	str	xzr, [x0, #64]
    str     xzr, [x0, #72]        /* context[9] = x28 = 0 */
    40002068:	f900241f 	str	xzr, [x0, #72]

    /* context[10] = FP(x29) = 0 */
    str     xzr, [x0, #80]
    4000206c:	f900281f 	str	xzr, [x0, #80]

    /* context[11] = LR(x30) = thread_entry_trampoline */
    ldr     x9, =thread_entry_trampoline
    40002070:	58000309 	ldr	x9, 400020d0 <cpu_switch_to_first_task+0x38>
    str     x9, [x0, #88]
    40002074:	f9002c09 	str	x9, [x0, #88]

    /* context[12] = SP = stack_top */
    str     x3, [x0, #96]
    40002078:	f9003003 	str	x3, [x0, #96]

    /* context[13] = SPSR_EL1 = 0x5（EL1h, IRQ 使能） */
    mov     x9, #0x5
    4000207c:	d28000a9 	mov	x9, #0x5                   	// #5
    str     x9, [x0, #104]
    40002080:	f9003409 	str	x9, [x0, #104]

    /* context[14] = ELR_EL1 = thread_entry_trampoline */
    ldr     x9, =thread_entry_trampoline
    40002084:	58000269 	ldr	x9, 400020d0 <cpu_switch_to_first_task+0x38>
    str     x9, [x0, #112]
    40002088:	f9003809 	str	x9, [x0, #112]

    ret
    4000208c:	d65f03c0 	ret

0000000040002090 <thread_entry_trampoline>:
 * 将参数移到 x0，跳转到真实入口。
 * ======================================================================== */
    .global thread_entry_trampoline
    .type thread_entry_trampoline, @function
thread_entry_trampoline:
    mov     x0, x20            /* x0 = arg */
    40002090:	aa1403e0 	mov	x0, x20
    br      x19                /* 跳转到 entry(arg) */
    40002094:	d61f0260 	br	x19

0000000040002098 <cpu_switch_to_first_task>:
 * ======================================================================== */
    .global cpu_switch_to_first_task
    .type cpu_switch_to_first_task, @function
cpu_switch_to_first_task:
    /* 恢复 callee-saved 通用寄存器 */
    ldp     x19, x20, [x0, #0]
    40002098:	a9405013 	ldp	x19, x20, [x0]
    ldp     x21, x22, [x0, #16]
    4000209c:	a9415815 	ldp	x21, x22, [x0, #16]
    ldp     x23, x24, [x0, #32]
    400020a0:	a9426017 	ldp	x23, x24, [x0, #32]
    ldp     x25, x26, [x0, #48]
    400020a4:	a9436819 	ldp	x25, x26, [x0, #48]
    ldp     x27, x28, [x0, #64]
    400020a8:	a944701b 	ldp	x27, x28, [x0, #64]
    ldp     x29, x30, [x0, #80]
    400020ac:	a945781d 	ldp	x29, x30, [x0, #80]

    /* 恢复 SP */
    ldr     x9, [x0, #96]
    400020b0:	f9403009 	ldr	x9, [x0, #96]
    mov     sp, x9
    400020b4:	9100013f 	mov	sp, x9

    /* 设置 SPSR_EL1 = EL1h, IRQ 使能（DAIF=0） */
    mov     x9, #0x5
    400020b8:	d28000a9 	mov	x9, #0x5                   	// #5
    msr     spsr_el1, x9
    400020bc:	d5184009 	msr	spsr_el1, x9

    /* ELR_EL1 = LR（由 arch_setup_thread_context 设置为 trampoline） */
    msr     elr_el1, x30
    400020c0:	d518403e 	msr	elr_el1, x30

    /* 确保所有系统寄存器写入完成 */
    isb
    400020c4:	d5033fdf 	isb

    /* 通过 eret 进入第一个任务 */
    eret
    400020c8:	d69f03e0 	eret
    400020cc:	00000000 	udf	#0
    400020d0:	40002090 	.word	0x40002090
    400020d4:	00000000 	.word	0x00000000

00000000400020d8 <hal_uart_init>:
    400020d8:	b900301f 	str	wzr, [x0, #48]
    400020dc:	528001a1 	mov	w1, #0xd                   	// #13
    400020e0:	b9002c1f 	str	wzr, [x0, #44]
    400020e4:	b9002401 	str	w1, [x0, #36]
    400020e8:	52800021 	mov	w1, #0x1                   	// #1
    400020ec:	b9002801 	str	w1, [x0, #40]
    400020f0:	52800e01 	mov	w1, #0x70                  	// #112
    400020f4:	b9002c01 	str	w1, [x0, #44]
    400020f8:	52806021 	mov	w1, #0x301                 	// #769
    400020fc:	b9003001 	str	w1, [x0, #48]
    40002100:	d65f03c0 	ret

0000000040002104 <hal_uart_putc>:
    40002104:	12001c21 	and	w1, w1, #0xff
    40002108:	b9401802 	ldr	w2, [x0, #24]
    4000210c:	372fffe2 	tbnz	w2, #5, 40002108 <hal_uart_putc+0x4>
    40002110:	b9000001 	str	w1, [x0]
    40002114:	d65f03c0 	ret

0000000040002118 <hal_uart_puts>:
    40002118:	b5000041 	cbnz	x1, 40002120 <hal_uart_puts+0x8>
    4000211c:	d65f03c0 	ret
    40002120:	aa0103e3 	mov	x3, x1
    40002124:	39400021 	ldrb	w1, [x1]
    40002128:	35000041 	cbnz	w1, 40002130 <hal_uart_puts+0x18>
    4000212c:	d65f03c0 	ret
    40002130:	a9bf7bfd 	stp	x29, x30, [sp, #-16]!
    40002134:	910003fd 	mov	x29, sp
    40002138:	7100283f 	cmp	w1, #0xa
    4000213c:	54000061 	b.ne	40002148 <hal_uart_puts+0x30>  // b.any
    40002140:	528001a1 	mov	w1, #0xd                   	// #13
    40002144:	97fffff0 	bl	40002104 <hal_uart_putc>
    40002148:	38401461 	ldrb	w1, [x3], #1
    4000214c:	97ffffee 	bl	40002104 <hal_uart_putc>
    40002150:	39400061 	ldrb	w1, [x3]
    40002154:	35ffff21 	cbnz	w1, 40002138 <hal_uart_puts+0x20>
    40002158:	a8c17bfd 	ldp	x29, x30, [sp], #16
    4000215c:	d65f03c0 	ret

0000000040002160 <hal_dcache_clean>:
    40002160:	8b010001 	add	x1, x0, x1
    40002164:	927ae400 	and	x0, x0, #0xffffffffffffffc0
    40002168:	eb01001f 	cmp	x0, x1
    4000216c:	54000043 	b.cc	40002174 <hal_dcache_clean+0x14>  // b.lo, b.ul, b.last
    40002170:	d65f03c0 	ret
    40002174:	d50b7a20 	dc	cvac, x0
    40002178:	91010000 	add	x0, x0, #0x40
    4000217c:	17fffffb 	b	40002168 <hal_dcache_clean+0x8>

0000000040002180 <hal_dcache_invalidate>:
    40002180:	8b010001 	add	x1, x0, x1
    40002184:	927ae400 	and	x0, x0, #0xffffffffffffffc0
    40002188:	eb01001f 	cmp	x0, x1
    4000218c:	54000043 	b.cc	40002194 <hal_dcache_invalidate+0x14>  // b.lo, b.ul, b.last
    40002190:	d65f03c0 	ret
    40002194:	d5087620 	dc	ivac, x0
    40002198:	91010000 	add	x0, x0, #0x40
    4000219c:	17fffffb 	b	40002188 <hal_dcache_invalidate+0x8>

00000000400021a0 <hal_dcache_clean_and_invalidate>:
    400021a0:	8b010001 	add	x1, x0, x1
    400021a4:	927ae400 	and	x0, x0, #0xffffffffffffffc0
    400021a8:	eb01001f 	cmp	x0, x1
    400021ac:	54000043 	b.cc	400021b4 <hal_dcache_clean_and_invalidate+0x14>  // b.lo, b.ul, b.last
    400021b0:	d65f03c0 	ret
    400021b4:	d50b7e20 	dc	civac, x0
    400021b8:	91010000 	add	x0, x0, #0x40
    400021bc:	17fffffb 	b	400021a8 <hal_dcache_clean_and_invalidate+0x8>

00000000400021c0 <hal_uart_getc>:
    400021c0:	b40000e1 	cbz	x1, 400021dc <hal_uart_getc+0x1c>
    400021c4:	b9401802 	ldr	w2, [x0, #24]
    400021c8:	372000a2 	tbnz	w2, #4, 400021dc <hal_uart_getc+0x1c>
    400021cc:	b9400000 	ldr	w0, [x0]
    400021d0:	39000020 	strb	w0, [x1]
    400021d4:	52800020 	mov	w0, #0x1                   	// #1
    400021d8:	d65f03c0 	ret
    400021dc:	52800000 	mov	w0, #0x0                   	// #0
    400021e0:	17fffffe 	b	400021d8 <hal_uart_getc+0x18>

00000000400021e4 <hal_uart_enable_rx_irq>:
    400021e4:	b9403801 	ldr	w1, [x0, #56]
    400021e8:	321c0021 	orr	w1, w1, #0x10
    400021ec:	b9003801 	str	w1, [x0, #56]
    400021f0:	d65f03c0 	ret
    400021f4:	00000000 	udf	#0

00000000400021f8 <thread_b_entry>:
    400021f8:	a9bf7bfd 	stp	x29, x30, [sp, #-16]!
    400021fc:	910003fd 	mov	x29, sp
    40002200:	52800841 	mov	w1, #0x42                  	// #66
    40002204:	d2a12000 	mov	x0, #0x9000000             	// #150994944
    40002208:	97ffffbf 	bl	40002104 <hal_uart_putc>
    4000220c:	52801900 	mov	w0, #0xc8                  	// #200
    40002210:	94000882 	bl	40004418 <kthread_sleep>
    40002214:	17fffffb 	b	40002200 <thread_b_entry+0x8>

0000000040002218 <thread_a_entry>:
    40002218:	a9bf7bfd 	stp	x29, x30, [sp, #-16]!
    4000221c:	910003fd 	mov	x29, sp
    40002220:	52800821 	mov	w1, #0x41                  	// #65
    40002224:	d2a12000 	mov	x0, #0x9000000             	// #150994944
    40002228:	97ffffb7 	bl	40002104 <hal_uart_putc>
    4000222c:	52800c80 	mov	w0, #0x64                  	// #100
    40002230:	9400087a 	bl	40004418 <kthread_sleep>
    40002234:	17fffffb 	b	40002220 <thread_a_entry+0x8>

0000000040002238 <uart_print_hex.constprop.0>:
    40002238:	a9bd7bfd 	stp	x29, x30, [sp, #-48]!
    4000223c:	910003fd 	mov	x29, sp
    40002240:	a90153f3 	stp	x19, x20, [sp, #16]
    40002244:	aa0003f4 	mov	x20, x0
    40002248:	52800793 	mov	w19, #0x3c                  	// #60
    4000224c:	f90013f5 	str	x21, [sp, #32]
    40002250:	90000015 	adrp	x21, 40002000 <context_switch>
    40002254:	f94146a0 	ldr	x0, [x21, #648]
    40002258:	9ad32681 	lsr	x1, x20, x19
    4000225c:	92400c21 	and	x1, x1, #0xf
    40002260:	51001273 	sub	w19, w19, #0x4
    40002264:	38616801 	ldrb	w1, [x0, x1]
    40002268:	d2a12000 	mov	x0, #0x9000000             	// #150994944
    4000226c:	97ffffa6 	bl	40002104 <hal_uart_putc>
    40002270:	3100127f 	cmn	w19, #0x4
    40002274:	54ffff01 	b.ne	40002254 <uart_print_hex.constprop.0+0x1c>  // b.any
    40002278:	a94153f3 	ldp	x19, x20, [sp, #16]
    4000227c:	f94013f5 	ldr	x21, [sp, #32]
    40002280:	a8c37bfd 	ldp	x29, x30, [sp], #48
    40002284:	d65f03c0 	ret
    40002288:	40005840 	.word	0x40005840
    4000228c:	00000000 	.word	0x00000000

0000000040002290 <uart_print_uint.constprop.0>:
    40002290:	b50001c0 	cbnz	x0, 400022c8 <uart_print_uint.constprop.0+0x38>
    40002294:	52800601 	mov	w1, #0x30                  	// #48
    40002298:	d2a12000 	mov	x0, #0x9000000             	// #150994944
    4000229c:	17ffff9a 	b	40002104 <hal_uart_putc>
    400022a0:	9b017e73 	mul	x19, x19, x1
    400022a4:	9ad30a80 	udiv	x0, x20, x19
    400022a8:	f100241f 	cmp	x0, #0x9
    400022ac:	54ffffa8 	b.hi	400022a0 <uart_print_uint.constprop.0+0x10>  // b.pmore
    400022b0:	d2800155 	mov	x21, #0xa                   	// #10
    400022b4:	b50001b3 	cbnz	x19, 400022e8 <uart_print_uint.constprop.0+0x58>
    400022b8:	a94153f3 	ldp	x19, x20, [sp, #16]
    400022bc:	f94013f5 	ldr	x21, [sp, #32]
    400022c0:	a8c37bfd 	ldp	x29, x30, [sp], #48
    400022c4:	d65f03c0 	ret
    400022c8:	a9bd7bfd 	stp	x29, x30, [sp, #-48]!
    400022cc:	d2800141 	mov	x1, #0xa                   	// #10
    400022d0:	910003fd 	mov	x29, sp
    400022d4:	a90153f3 	stp	x19, x20, [sp, #16]
    400022d8:	aa0003f4 	mov	x20, x0
    400022dc:	d2800033 	mov	x19, #0x1                   	// #1
    400022e0:	f90013f5 	str	x21, [sp, #32]
    400022e4:	17fffff0 	b	400022a4 <uart_print_uint.constprop.0+0x14>
    400022e8:	9ad30a80 	udiv	x0, x20, x19
    400022ec:	9ad50801 	udiv	x1, x0, x21
    400022f0:	9b158021 	msub	x1, x1, x21, x0
    400022f4:	d2a12000 	mov	x0, #0x9000000             	// #150994944
    400022f8:	1100c021 	add	w1, w1, #0x30
    400022fc:	97ffff82 	bl	40002104 <hal_uart_putc>
    40002300:	9ad50a73 	udiv	x19, x19, x21
    40002304:	17ffffec 	b	400022b4 <uart_print_uint.constprop.0+0x24>

0000000040002308 <thread_c_entry>:
    40002308:	a9bd7bfd 	stp	x29, x30, [sp, #-48]!
    4000230c:	910003fd 	mov	x29, sp
    40002310:	a90153f3 	stp	x19, x20, [sp, #16]
    40002314:	90000014 	adrp	x20, 40002000 <context_switch>
    40002318:	f90013f5 	str	x21, [sp, #32]
    4000231c:	90000015 	adrp	x21, 40002000 <context_switch>
    40002320:	940007f4 	bl	400042f0 <timer_get_ticks>
    40002324:	aa0003f3 	mov	x19, x0
    40002328:	f941aea1 	ldr	x1, [x21, #856]
    4000232c:	d2a12000 	mov	x0, #0x9000000             	// #150994944
    40002330:	97ffff7a 	bl	40002118 <hal_uart_puts>
    40002334:	aa1303e0 	mov	x0, x19
    40002338:	97ffffd6 	bl	40002290 <uart_print_uint.constprop.0>
    4000233c:	f941b281 	ldr	x1, [x20, #864]
    40002340:	d2a12000 	mov	x0, #0x9000000             	// #150994944
    40002344:	97ffff75 	bl	40002118 <hal_uart_puts>
    40002348:	52803e80 	mov	w0, #0x1f4                 	// #500
    4000234c:	94000833 	bl	40004418 <kthread_sleep>
    40002350:	17fffff4 	b	40002320 <thread_c_entry+0x18>
    40002354:	d503201f 	nop
    40002358:	40005000 	.word	0x40005000
    4000235c:	00000000 	.word	0x00000000
    40002360:	40005008 	.word	0x40005008
    40002364:	00000000 	.word	0x00000000

0000000040002368 <shell_strcmp.constprop.0>:
    40002368:	d2800003 	mov	x3, #0x0                   	// #0
    4000236c:	90000004 	adrp	x4, 40002000 <context_switch>
    40002370:	f941cc81 	ldr	x1, [x4, #920]
    40002374:	38636802 	ldrb	w2, [x0, x3]
    40002378:	38616861 	ldrb	w1, [x3, x1]
    4000237c:	340000a1 	cbz	w1, 40002390 <shell_strcmp.constprop.0+0x28>
    40002380:	34000082 	cbz	w2, 40002390 <shell_strcmp.constprop.0+0x28>
    40002384:	91000463 	add	x3, x3, #0x1
    40002388:	6b02003f 	cmp	w1, w2
    4000238c:	54ffff20 	b.eq	40002370 <shell_strcmp.constprop.0+0x8>  // b.none
    40002390:	4b020020 	sub	w0, w1, w2
    40002394:	d65f03c0 	ret
    40002398:	40006040 	.word	0x40006040
    4000239c:	00000000 	.word	0x00000000

00000000400023a0 <exception_sync_handler>:
    400023a0:	a9bb7bfd 	stp	x29, x30, [sp, #-80]!
    400023a4:	910003fd 	mov	x29, sp
    400023a8:	a90153f3 	stp	x19, x20, [sp, #16]
    400023ac:	531a7c14 	lsr	w20, w0, #26
    400023b0:	aa0003f3 	mov	x19, x0
    400023b4:	a9025bf5 	stp	x21, x22, [sp, #32]
    400023b8:	aa0203f5 	mov	x21, x2
    400023bc:	a90363f7 	stp	x23, x24, [sp, #48]
    400023c0:	aa0103f8 	mov	x24, x1
    400023c4:	aa0303f7 	mov	x23, x3
    400023c8:	a9046bf9 	stp	x25, x26, [sp, #64]
    400023cc:	1200601a 	and	w26, w0, #0x1ffffff
    400023d0:	f9400056 	ldr	x22, [x2]
    400023d4:	7100f29f 	cmp	w20, #0x3c
    400023d8:	54000948 	b.hi	40002500 <exception_sync_handler+0x160>  // b.pmore
    400023dc:	90000000 	adrp	x0, 40002000 <context_switch>
    400023e0:	f9428c00 	ldr	x0, [x0, #1304]
    400023e4:	91006000 	add	x0, x0, #0x18
    400023e8:	f8747819 	ldr	x25, [x0, x20, lsl #3]
    400023ec:	90000000 	adrp	x0, 40002000 <context_switch>
    400023f0:	f9429001 	ldr	x1, [x0, #1312]
    400023f4:	d2a12000 	mov	x0, #0x9000000             	// #150994944
    400023f8:	97ffff48 	bl	40002118 <hal_uart_puts>
    400023fc:	90000000 	adrp	x0, 40002000 <context_switch>
    40002400:	f9429401 	ldr	x1, [x0, #1320]
    40002404:	d2a12000 	mov	x0, #0x9000000             	// #150994944
    40002408:	97ffff44 	bl	40002118 <hal_uart_puts>
    4000240c:	aa1403e0 	mov	x0, x20
    40002410:	97ffff8a 	bl	40002238 <uart_print_hex.constprop.0>
    40002414:	90000000 	adrp	x0, 40002000 <context_switch>
    40002418:	f9429801 	ldr	x1, [x0, #1328]
    4000241c:	d2a12000 	mov	x0, #0x9000000             	// #150994944
    40002420:	97ffff3e 	bl	40002118 <hal_uart_puts>
    40002424:	aa1903e1 	mov	x1, x25
    40002428:	d2a12000 	mov	x0, #0x9000000             	// #150994944
    4000242c:	97ffff3b 	bl	40002118 <hal_uart_puts>
    40002430:	90000000 	adrp	x0, 40002000 <context_switch>
    40002434:	f9429c01 	ldr	x1, [x0, #1336]
    40002438:	d2a12000 	mov	x0, #0x9000000             	// #150994944
    4000243c:	97ffff37 	bl	40002118 <hal_uart_puts>
    40002440:	90000000 	adrp	x0, 40002000 <context_switch>
    40002444:	f942a001 	ldr	x1, [x0, #1344]
    40002448:	d2a12000 	mov	x0, #0x9000000             	// #150994944
    4000244c:	97ffff33 	bl	40002118 <hal_uart_puts>
    40002450:	aa1303e0 	mov	x0, x19
    40002454:	97ffff79 	bl	40002238 <uart_print_hex.constprop.0>
    40002458:	90000000 	adrp	x0, 40002000 <context_switch>
    4000245c:	90000013 	adrp	x19, 40002000 <context_switch>
    40002460:	f942a401 	ldr	x1, [x0, #1352]
    40002464:	d2a12000 	mov	x0, #0x9000000             	// #150994944
    40002468:	97ffff2c 	bl	40002118 <hal_uart_puts>
    4000246c:	92406340 	and	x0, x26, #0x1ffffff
    40002470:	97ffff72 	bl	40002238 <uart_print_hex.constprop.0>
    40002474:	f942aa61 	ldr	x1, [x19, #1360]
    40002478:	d2a12000 	mov	x0, #0x9000000             	// #150994944
    4000247c:	97ffff27 	bl	40002118 <hal_uart_puts>
    40002480:	90000000 	adrp	x0, 40002000 <context_switch>
    40002484:	f942ac01 	ldr	x1, [x0, #1368]
    40002488:	d2a12000 	mov	x0, #0x9000000             	// #150994944
    4000248c:	97ffff23 	bl	40002118 <hal_uart_puts>
    40002490:	aa1803e0 	mov	x0, x24
    40002494:	97ffff69 	bl	40002238 <uart_print_hex.constprop.0>
    40002498:	90000000 	adrp	x0, 40002000 <context_switch>
    4000249c:	f942b001 	ldr	x1, [x0, #1376]
    400024a0:	d2a12000 	mov	x0, #0x9000000             	// #150994944
    400024a4:	97ffff1d 	bl	40002118 <hal_uart_puts>
    400024a8:	aa1603e0 	mov	x0, x22
    400024ac:	97ffff63 	bl	40002238 <uart_print_hex.constprop.0>
    400024b0:	f942aa61 	ldr	x1, [x19, #1360]
    400024b4:	d2a12000 	mov	x0, #0x9000000             	// #150994944
    400024b8:	910012d6 	add	x22, x22, #0x4
    400024bc:	97ffff17 	bl	40002118 <hal_uart_puts>
    400024c0:	90000000 	adrp	x0, 40002000 <context_switch>
    400024c4:	f942b401 	ldr	x1, [x0, #1384]
    400024c8:	d2a12000 	mov	x0, #0x9000000             	// #150994944
    400024cc:	97ffff13 	bl	40002118 <hal_uart_puts>
    400024d0:	aa1703e0 	mov	x0, x23
    400024d4:	97ffff59 	bl	40002238 <uart_print_hex.constprop.0>
    400024d8:	f942aa61 	ldr	x1, [x19, #1360]
    400024dc:	d2a12000 	mov	x0, #0x9000000             	// #150994944
    400024e0:	97ffff0e 	bl	40002118 <hal_uart_puts>
    400024e4:	a94153f3 	ldp	x19, x20, [sp, #16]
    400024e8:	a94363f7 	ldp	x23, x24, [sp, #48]
    400024ec:	a9446bf9 	ldp	x25, x26, [sp, #64]
    400024f0:	f90002b6 	str	x22, [x21]
    400024f4:	a9425bf5 	ldp	x21, x22, [sp, #32]
    400024f8:	a8c57bfd 	ldp	x29, x30, [sp], #80
    400024fc:	d65f03c0 	ret
    40002500:	90000000 	adrp	x0, 40002000 <context_switch>
    40002504:	f9428819 	ldr	x25, [x0, #1296]
    40002508:	17ffffb9 	b	400023ec <exception_sync_handler+0x4c>
    4000250c:	d503201f 	nop
    40002510:	4000500b 	.word	0x4000500b
    40002514:	00000000 	.word	0x00000000
    40002518:	40005840 	.word	0x40005840
    4000251c:	00000000 	.word	0x00000000
    40002520:	40005014 	.word	0x40005014
    40002524:	00000000 	.word	0x00000000
    40002528:	40005039 	.word	0x40005039
    4000252c:	00000000 	.word	0x00000000
    40002530:	40005341 	.word	0x40005341
    40002534:	00000000 	.word	0x00000000
    40002538:	40005347 	.word	0x40005347
    4000253c:	00000000 	.word	0x00000000
    40002540:	4000504b 	.word	0x4000504b
    40002544:	00000000 	.word	0x00000000
    40002548:	4000505e 	.word	0x4000505e
    4000254c:	00000000 	.word	0x00000000
    40002550:	40005838 	.word	0x40005838
    40002554:	00000000 	.word	0x00000000
    40002558:	40005066 	.word	0x40005066
    4000255c:	00000000 	.word	0x00000000
    40002560:	40005079 	.word	0x40005079
    40002564:	00000000 	.word	0x00000000
    40002568:	40005081 	.word	0x40005081
    4000256c:	00000000 	.word	0x00000000

0000000040002570 <irq_handler>:
    40002570:	a9b97bfd 	stp	x29, x30, [sp, #-112]!
    40002574:	910003fd 	mov	x29, sp
    40002578:	a90153f3 	stp	x19, x20, [sp, #16]
    4000257c:	a9025bf5 	stp	x21, x22, [sp, #32]
    40002580:	a90363f7 	stp	x23, x24, [sp, #48]
    40002584:	a9046bf9 	stp	x25, x26, [sp, #64]
    40002588:	a90573fb 	stp	x27, x28, [sp, #80]
    4000258c:	940003b7 	bl	40003468 <gic_get_irq_id>
    40002590:	710ff81f 	cmp	w0, #0x3fe
    40002594:	540022e8 	b.hi	400029f0 <irq_handler+0x480>  // b.pmore
    40002598:	2a0003f4 	mov	w20, w0
    4000259c:	71003c1f 	cmp	w0, #0xf
    400025a0:	54000089 	b.ls	400025b0 <irq_handler+0x40>  // b.plast
    400025a4:	7100781f 	cmp	w0, #0x1e
    400025a8:	54000141 	b.ne	400025d0 <irq_handler+0x60>  // b.any
    400025ac:	940007bb 	bl	40004498 <timer_interrupt_handler>
    400025b0:	a9425bf5 	ldp	x21, x22, [sp, #32]
    400025b4:	2a1403e0 	mov	w0, w20
    400025b8:	a94153f3 	ldp	x19, x20, [sp, #16]
    400025bc:	a94363f7 	ldp	x23, x24, [sp, #48]
    400025c0:	a9446bf9 	ldp	x25, x26, [sp, #64]
    400025c4:	a94573fb 	ldp	x27, x28, [sp, #80]
    400025c8:	a8c77bfd 	ldp	x29, x30, [sp], #112
    400025cc:	140003a8 	b	4000346c <gic_end_of_interrupt>
    400025d0:	7100841f 	cmp	w0, #0x21
    400025d4:	54001f81 	b.ne	400029c4 <irq_handler+0x454>  // b.any
    400025d8:	d284c016 	mov	x22, #0x2600                	// #9728
    400025dc:	90000015 	adrp	x21, 40002000 <context_switch>
    400025e0:	f2c00036 	movk	x22, #0x1, lsl #32
    400025e4:	9101bfe1 	add	x1, sp, #0x6f
    400025e8:	d2a12000 	mov	x0, #0x9000000             	// #150994944
    400025ec:	97fffef5 	bl	400021c0 <hal_uart_getc>
    400025f0:	34fffe00 	cbz	w0, 400025b0 <irq_handler+0x40>
    400025f4:	3941bff7 	ldrb	w23, [sp, #111]
    400025f8:	d2a12000 	mov	x0, #0x9000000             	// #150994944
    400025fc:	2a1703e1 	mov	w1, w23
    40002600:	97fffec1 	bl	40002104 <hal_uart_putc>
    40002604:	710036ff 	cmp	w23, #0xd
    40002608:	f9450eb3 	ldr	x19, [x21, #2584]
    4000260c:	54001ba1 	b.ne	40002980 <irq_handler+0x410>  // b.any
    40002610:	52800141 	mov	w1, #0xa                   	// #10
    40002614:	d2a12000 	mov	x0, #0x9000000             	// #150994944
    40002618:	97fffebb 	bl	40002104 <hal_uart_putc>
    4000261c:	b9408261 	ldr	w1, [x19, #128]
    40002620:	38214a7f 	strb	wzr, [x19, w1, uxtw]
    40002624:	51000421 	sub	w1, w1, #0x1
    40002628:	93407c21 	sxtw	x1, w1
    4000262c:	36f80141 	tbz	w1, #31, 40002654 <irq_handler+0xe4>
    40002630:	39400260 	ldrb	w0, [x19]
    40002634:	35000200 	cbnz	w0, 40002674 <irq_handler+0x104>
    40002638:	90000000 	adrp	x0, 40002000 <context_switch>
    4000263c:	f9451001 	ldr	x1, [x0, #2592]
    40002640:	d2a12000 	mov	x0, #0x9000000             	// #150994944
    40002644:	91080021 	add	x1, x1, #0x200
    40002648:	97fffeb4 	bl	40002118 <hal_uart_puts>
    4000264c:	b900827f 	str	wzr, [x19, #128]
    40002650:	17ffffe5 	b	400025e4 <irq_handler+0x74>
    40002654:	38616a60 	ldrb	w0, [x19, x1]
    40002658:	7100801f 	cmp	w0, #0x20
    4000265c:	54fffea8 	b.hi	40002630 <irq_handler+0xc0>  // b.pmore
    40002660:	9ac026c0 	lsr	x0, x22, x0
    40002664:	3607fe60 	tbz	w0, #0, 40002630 <irq_handler+0xc0>
    40002668:	38216a7f 	strb	wzr, [x19, x1]
    4000266c:	d1000421 	sub	x1, x1, #0x1
    40002670:	17ffffef 	b	4000262c <irq_handler+0xbc>
    40002674:	90000000 	adrp	x0, 40002000 <context_switch>
    40002678:	f9451400 	ldr	x0, [x0, #2600]
    4000267c:	97ffff3b 	bl	40002368 <shell_strcmp.constprop.0>
    40002680:	350003a0 	cbnz	w0, 400026f4 <irq_handler+0x184>
    40002684:	90000017 	adrp	x23, 40002000 <context_switch>
    40002688:	d2a12000 	mov	x0, #0x9000000             	// #150994944
    4000268c:	f9451ae1 	ldr	x1, [x23, #2608]
    40002690:	97fffea2 	bl	40002118 <hal_uart_puts>
    40002694:	90000000 	adrp	x0, 40002000 <context_switch>
    40002698:	f9451c01 	ldr	x1, [x0, #2616]
    4000269c:	d2a12000 	mov	x0, #0x9000000             	// #150994944
    400026a0:	97fffe9e 	bl	40002118 <hal_uart_puts>
    400026a4:	90000000 	adrp	x0, 40002000 <context_switch>
    400026a8:	f9452001 	ldr	x1, [x0, #2624]
    400026ac:	d2a12000 	mov	x0, #0x9000000             	// #150994944
    400026b0:	97fffe9a 	bl	40002118 <hal_uart_puts>
    400026b4:	90000000 	adrp	x0, 40002000 <context_switch>
    400026b8:	f9452401 	ldr	x1, [x0, #2632]
    400026bc:	d2a12000 	mov	x0, #0x9000000             	// #150994944
    400026c0:	97fffe96 	bl	40002118 <hal_uart_puts>
    400026c4:	90000000 	adrp	x0, 40002000 <context_switch>
    400026c8:	f9452801 	ldr	x1, [x0, #2640]
    400026cc:	d2a12000 	mov	x0, #0x9000000             	// #150994944
    400026d0:	97fffe92 	bl	40002118 <hal_uart_puts>
    400026d4:	90000000 	adrp	x0, 40002000 <context_switch>
    400026d8:	f9452c01 	ldr	x1, [x0, #2648]
    400026dc:	d2a12000 	mov	x0, #0x9000000             	// #150994944
    400026e0:	97fffe8e 	bl	40002118 <hal_uart_puts>
    400026e4:	f9451ae1 	ldr	x1, [x23, #2608]
    400026e8:	d2a12000 	mov	x0, #0x9000000             	// #150994944
    400026ec:	97fffe8b 	bl	40002118 <hal_uart_puts>
    400026f0:	17ffffd2 	b	40002638 <irq_handler+0xc8>
    400026f4:	90000000 	adrp	x0, 40002000 <context_switch>
    400026f8:	f9453000 	ldr	x0, [x0, #2656]
    400026fc:	97ffff1b 	bl	40002368 <shell_strcmp.constprop.0>
    40002700:	35000760 	cbnz	w0, 400027ec <irq_handler+0x27c>
    40002704:	90000000 	adrp	x0, 40002000 <context_switch>
    40002708:	f9453401 	ldr	x1, [x0, #2664]
    4000270c:	d2a12000 	mov	x0, #0x9000000             	// #150994944
    40002710:	97fffe82 	bl	40002118 <hal_uart_puts>
    40002714:	940006f7 	bl	400042f0 <timer_get_ticks>
    40002718:	aa0003f8 	mov	x24, x0
    4000271c:	94000715 	bl	40004370 <timer_get_ms>
    40002720:	aa0003f7 	mov	x23, x0
    40002724:	90000000 	adrp	x0, 40002000 <context_switch>
    40002728:	f9453801 	ldr	x1, [x0, #2672]
    4000272c:	d2a12000 	mov	x0, #0x9000000             	// #150994944
    40002730:	97fffe7a 	bl	40002118 <hal_uart_puts>
    40002734:	aa1803e0 	mov	x0, x24
    40002738:	97fffed6 	bl	40002290 <uart_print_uint.constprop.0>
    4000273c:	90000000 	adrp	x0, 40002000 <context_switch>
    40002740:	f9453c01 	ldr	x1, [x0, #2680]
    40002744:	d2a12000 	mov	x0, #0x9000000             	// #150994944
    40002748:	97fffe74 	bl	40002118 <hal_uart_puts>
    4000274c:	aa1703e0 	mov	x0, x23
    40002750:	97fffed0 	bl	40002290 <uart_print_uint.constprop.0>
    40002754:	90000000 	adrp	x0, 40002000 <context_switch>
    40002758:	52800017 	mov	w23, #0x0                   	// #0
    4000275c:	f9454001 	ldr	x1, [x0, #2688]
    40002760:	d2a12000 	mov	x0, #0x9000000             	// #150994944
    40002764:	97fffe6d 	bl	40002118 <hal_uart_puts>
    40002768:	d2800000 	mov	x0, #0x0                   	// #0
    4000276c:	90000003 	adrp	x3, 40002000 <context_switch>
    40002770:	d29d0001 	mov	x1, #0xe800                	// #59392
    40002774:	f9454462 	ldr	x2, [x3, #2696]
    40002778:	b8606842 	ldr	w2, [x2, x0]
    4000277c:	9103a000 	add	x0, x0, #0xe8
    40002780:	7100005f 	cmp	w2, #0x0
    40002784:	1a9706f7 	cinc	w23, w23, ne	// ne = any
    40002788:	eb01001f 	cmp	x0, x1
    4000278c:	54ffff41 	b.ne	40002774 <irq_handler+0x204>  // b.any
    40002790:	90000000 	adrp	x0, 40002000 <context_switch>
    40002794:	f9454801 	ldr	x1, [x0, #2704]
    40002798:	d2a12000 	mov	x0, #0x9000000             	// #150994944
    4000279c:	97fffe5f 	bl	40002118 <hal_uart_puts>
    400027a0:	2a1703e0 	mov	w0, w23
    400027a4:	97fffebb 	bl	40002290 <uart_print_uint.constprop.0>
    400027a8:	52800141 	mov	w1, #0xa                   	// #10
    400027ac:	d2a12000 	mov	x0, #0x9000000             	// #150994944
    400027b0:	97fffe55 	bl	40002104 <hal_uart_putc>
    400027b4:	90000000 	adrp	x0, 40002000 <context_switch>
    400027b8:	f9454c01 	ldr	x1, [x0, #2712]
    400027bc:	d2a12000 	mov	x0, #0x9000000             	// #150994944
    400027c0:	97fffe56 	bl	40002118 <hal_uart_puts>
    400027c4:	90000000 	adrp	x0, 40002000 <context_switch>
    400027c8:	f9455000 	ldr	x0, [x0, #2720]
    400027cc:	b9502400 	ldr	w0, [x0, #4132]
    400027d0:	97fffeb0 	bl	40002290 <uart_print_uint.constprop.0>
    400027d4:	52800141 	mov	w1, #0xa                   	// #10
    400027d8:	d2a12000 	mov	x0, #0x9000000             	// #150994944
    400027dc:	97fffe4a 	bl	40002104 <hal_uart_putc>
    400027e0:	90000000 	adrp	x0, 40002000 <context_switch>
    400027e4:	f9451801 	ldr	x1, [x0, #2608]
    400027e8:	17ffffc0 	b	400026e8 <irq_handler+0x178>
    400027ec:	90000000 	adrp	x0, 40002000 <context_switch>
    400027f0:	f9455400 	ldr	x0, [x0, #2728]
    400027f4:	97fffedd 	bl	40002368 <shell_strcmp.constprop.0>
    400027f8:	35000960 	cbnz	w0, 40002924 <irq_handler+0x3b4>
    400027fc:	90000000 	adrp	x0, 40002000 <context_switch>
    40002800:	90000018 	adrp	x24, 40002000 <context_switch>
    40002804:	912b4318 	add	x24, x24, #0xad0
    40002808:	d2800019 	mov	x25, #0x0                   	// #0
    4000280c:	f9455801 	ldr	x1, [x0, #2736]
    40002810:	d2a12000 	mov	x0, #0x9000000             	// #150994944
    40002814:	9000001a 	adrp	x26, 40002000 <context_switch>
    40002818:	9000001b 	adrp	x27, 40002000 <context_switch>
    4000281c:	97fffe3f 	bl	40002118 <hal_uart_puts>
    40002820:	90000000 	adrp	x0, 40002000 <context_switch>
    40002824:	f9455c01 	ldr	x1, [x0, #2744]
    40002828:	d2a12000 	mov	x0, #0x9000000             	// #150994944
    4000282c:	97fffe3b 	bl	40002118 <hal_uart_puts>
    40002830:	90000000 	adrp	x0, 40002000 <context_switch>
    40002834:	f9456001 	ldr	x1, [x0, #2752]
    40002838:	d2a12000 	mov	x0, #0x9000000             	// #150994944
    4000283c:	97fffe37 	bl	40002118 <hal_uart_puts>
    40002840:	90000000 	adrp	x0, 40002000 <context_switch>
    40002844:	f9456417 	ldr	x23, [x0, #2760]
    40002848:	b85a42e0 	ldur	w0, [x23, #-92]
    4000284c:	34000560 	cbz	w0, 400028f8 <irq_handler+0x388>
    40002850:	f9400301 	ldr	x1, [x24]
    40002854:	d2a12000 	mov	x0, #0x9000000             	// #150994944
    40002858:	97fffe30 	bl	40002118 <hal_uart_puts>
    4000285c:	aa1903e0 	mov	x0, x25
    40002860:	97fffe8c 	bl	40002290 <uart_print_uint.constprop.0>
    40002864:	f9456f41 	ldr	x1, [x26, #2776]
    40002868:	d2a12000 	mov	x0, #0x9000000             	// #150994944
    4000286c:	97fffe2b 	bl	40002118 <hal_uart_puts>
    40002870:	d2a12000 	mov	x0, #0x9000000             	// #150994944
    40002874:	aa1703e1 	mov	x1, x23
    40002878:	97fffe28 	bl	40002118 <hal_uart_puts>
    4000287c:	b85a42e0 	ldur	w0, [x23, #-92]
    40002880:	51000400 	sub	w0, w0, #0x1
    40002884:	7100101f 	cmp	w0, #0x4
    40002888:	54000428 	b.hi	4000290c <irq_handler+0x39c>  // b.pmore
    4000288c:	90000001 	adrp	x1, 40002000 <context_switch>
    40002890:	f9451021 	ldr	x1, [x1, #2592]
    40002894:	91084021 	add	x1, x1, #0x210
    40002898:	f860583c 	ldr	x28, [x1, w0, uxtw #3]
    4000289c:	d2a12000 	mov	x0, #0x9000000             	// #150994944
    400028a0:	f9400301 	ldr	x1, [x24]
    400028a4:	97fffe1d 	bl	40002118 <hal_uart_puts>
    400028a8:	aa1c03e1 	mov	x1, x28
    400028ac:	d2a12000 	mov	x0, #0x9000000             	// #150994944
    400028b0:	97fffe1a 	bl	40002118 <hal_uart_puts>
    400028b4:	f9400301 	ldr	x1, [x24]
    400028b8:	d2a12000 	mov	x0, #0x9000000             	// #150994944
    400028bc:	97fffe17 	bl	40002118 <hal_uart_puts>
    400028c0:	385c42e0 	ldurb	w0, [x23, #-60]
    400028c4:	97fffe73 	bl	40002290 <uart_print_uint.constprop.0>
    400028c8:	f9457361 	ldr	x1, [x27, #2784]
    400028cc:	d2a12000 	mov	x0, #0x9000000             	// #150994944
    400028d0:	97fffe12 	bl	40002118 <hal_uart_puts>
    400028d4:	b85c82e0 	ldur	w0, [x23, #-56]
    400028d8:	35000200 	cbnz	w0, 40002918 <irq_handler+0x3a8>
    400028dc:	90000000 	adrp	x0, 40002000 <context_switch>
    400028e0:	f9457401 	ldr	x1, [x0, #2792]
    400028e4:	d2a12000 	mov	x0, #0x9000000             	// #150994944
    400028e8:	97fffe0c 	bl	40002118 <hal_uart_puts>
    400028ec:	52800141 	mov	w1, #0xa                   	// #10
    400028f0:	d2a12000 	mov	x0, #0x9000000             	// #150994944
    400028f4:	97fffe04 	bl	40002104 <hal_uart_putc>
    400028f8:	91000739 	add	x25, x25, #0x1
    400028fc:	9103a2f7 	add	x23, x23, #0xe8
    40002900:	f104033f 	cmp	x25, #0x100
    40002904:	54fffa21 	b.ne	40002848 <irq_handler+0x2d8>  // b.any
    40002908:	17ffffb6 	b	400027e0 <irq_handler+0x270>
    4000290c:	90000000 	adrp	x0, 40002000 <context_switch>
    40002910:	f945081c 	ldr	x28, [x0, #2576]
    40002914:	17ffffe2 	b	4000289c <irq_handler+0x32c>
    40002918:	90000000 	adrp	x0, 40002000 <context_switch>
    4000291c:	f9457801 	ldr	x1, [x0, #2800]
    40002920:	17fffff1 	b	400028e4 <irq_handler+0x374>
    40002924:	90000000 	adrp	x0, 40002000 <context_switch>
    40002928:	f9457c00 	ldr	x0, [x0, #2808]
    4000292c:	97fffe8f 	bl	40002368 <shell_strcmp.constprop.0>
    40002930:	35000140 	cbnz	w0, 40002958 <irq_handler+0x3e8>
    40002934:	90000000 	adrp	x0, 40002000 <context_switch>
    40002938:	f9458001 	ldr	x1, [x0, #2816]
    4000293c:	d2a12000 	mov	x0, #0x9000000             	// #150994944
    40002940:	97fffdf6 	bl	40002118 <hal_uart_puts>
    40002944:	d2a12020 	mov	x0, #0x9010000             	// #151060480
    40002948:	52b00001 	mov	w1, #0x80000000            	// #-2147483648
    4000294c:	b9000001 	str	w1, [x0]
    40002950:	d503205f 	wfe
    40002954:	17ffffff 	b	40002950 <irq_handler+0x3e0>
    40002958:	90000000 	adrp	x0, 40002000 <context_switch>
    4000295c:	f9458401 	ldr	x1, [x0, #2824]
    40002960:	d2a12000 	mov	x0, #0x9000000             	// #150994944
    40002964:	97fffded 	bl	40002118 <hal_uart_puts>
    40002968:	aa1303e1 	mov	x1, x19
    4000296c:	d2a12000 	mov	x0, #0x9000000             	// #150994944
    40002970:	97fffdea 	bl	40002118 <hal_uart_puts>
    40002974:	90000000 	adrp	x0, 40002000 <context_switch>
    40002978:	f9458801 	ldr	x1, [x0, #2832]
    4000297c:	17ffff5b 	b	400026e8 <irq_handler+0x178>
    40002980:	b9408261 	ldr	w1, [x19, #128]
    40002984:	7101feff 	cmp	w23, #0x7f
    40002988:	54000121 	b.ne	400029ac <irq_handler+0x43c>  // b.any
    4000298c:	34ffe2c1 	cbz	w1, 400025e4 <irq_handler+0x74>
    40002990:	90000000 	adrp	x0, 40002000 <context_switch>
    40002994:	51000421 	sub	w1, w1, #0x1
    40002998:	b9008261 	str	w1, [x19, #128]
    4000299c:	f9458c01 	ldr	x1, [x0, #2840]
    400029a0:	d2a12000 	mov	x0, #0x9000000             	// #150994944
    400029a4:	97fffddd 	bl	40002118 <hal_uart_puts>
    400029a8:	17ffff0f 	b	400025e4 <irq_handler+0x74>
    400029ac:	7101f83f 	cmp	w1, #0x7e
    400029b0:	54ffe1a8 	b.hi	400025e4 <irq_handler+0x74>  // b.pmore
    400029b4:	38214a77 	strb	w23, [x19, w1, uxtw]
    400029b8:	11000421 	add	w1, w1, #0x1
    400029bc:	b9008261 	str	w1, [x19, #128]
    400029c0:	17ffff09 	b	400025e4 <irq_handler+0x74>
    400029c4:	90000000 	adrp	x0, 40002000 <context_switch>
    400029c8:	f9459001 	ldr	x1, [x0, #2848]
    400029cc:	d2a12000 	mov	x0, #0x9000000             	// #150994944
    400029d0:	97fffdd2 	bl	40002118 <hal_uart_puts>
    400029d4:	2a1403e0 	mov	w0, w20
    400029d8:	97fffe2e 	bl	40002290 <uart_print_uint.constprop.0>
    400029dc:	90000000 	adrp	x0, 40002000 <context_switch>
    400029e0:	f9451801 	ldr	x1, [x0, #2608]
    400029e4:	d2a12000 	mov	x0, #0x9000000             	// #150994944
    400029e8:	97fffdcc 	bl	40002118 <hal_uart_puts>
    400029ec:	17fffef1 	b	400025b0 <irq_handler+0x40>
    400029f0:	a94153f3 	ldp	x19, x20, [sp, #16]
    400029f4:	a9425bf5 	ldp	x21, x22, [sp, #32]
    400029f8:	a94363f7 	ldp	x23, x24, [sp, #48]
    400029fc:	a9446bf9 	ldp	x25, x26, [sp, #64]
    40002a00:	a94573fb 	ldp	x27, x28, [sp, #80]
    40002a04:	a8c77bfd 	ldp	x29, x30, [sp], #112
    40002a08:	d65f03c0 	ret
    40002a0c:	d503201f 	nop
    40002a10:	40005095 	.word	0x40005095
    40002a14:	00000000 	.word	0x00000000
    40002a18:	40006040 	.word	0x40006040
    40002a1c:	00000000 	.word	0x00000000
    40002a20:	40005840 	.word	0x40005840
    40002a24:	00000000 	.word	0x00000000
    40002a28:	4000509c 	.word	0x4000509c
    40002a2c:	00000000 	.word	0x00000000
    40002a30:	40005838 	.word	0x40005838
    40002a34:	00000000 	.word	0x00000000
    40002a38:	400050a1 	.word	0x400050a1
    40002a3c:	00000000 	.word	0x00000000
    40002a40:	400050c4 	.word	0x400050c4
    40002a44:	00000000 	.word	0x00000000
    40002a48:	400050e4 	.word	0x400050e4
    40002a4c:	00000000 	.word	0x00000000
    40002a50:	40005107 	.word	0x40005107
    40002a54:	00000000 	.word	0x00000000
    40002a58:	4000512d 	.word	0x4000512d
    40002a5c:	00000000 	.word	0x00000000
    40002a60:	40005147 	.word	0x40005147
    40002a64:	00000000 	.word	0x00000000
    40002a68:	4000514d 	.word	0x4000514d
    40002a6c:	00000000 	.word	0x00000000
    40002a70:	40005164 	.word	0x40005164
    40002a74:	00000000 	.word	0x00000000
    40002a78:	40005341 	.word	0x40005341
    40002a7c:	00000000 	.word	0x00000000
    40002a80:	4000516e 	.word	0x4000516e
    40002a84:	00000000 	.word	0x00000000
    40002a88:	4000e63c 	.word	0x4000e63c
    40002a8c:	00000000 	.word	0x00000000
    40002a90:	40005174 	.word	0x40005174
    40002a94:	00000000 	.word	0x00000000
    40002a98:	40005185 	.word	0x40005185
    40002a9c:	00000000 	.word	0x00000000
    40002aa0:	40006400 	.word	0x40006400
    40002aa4:	00000000 	.word	0x00000000
    40002aa8:	40005196 	.word	0x40005196
    40002aac:	00000000 	.word	0x00000000
    40002ab0:	4000519e 	.word	0x4000519e
    40002ab4:	00000000 	.word	0x00000000
    40002ab8:	400051b5 	.word	0x400051b5
    40002abc:	00000000 	.word	0x00000000
    40002ac0:	400051df 	.word	0x400051df
    40002ac4:	00000000 	.word	0x00000000
    40002ac8:	4000e698 	.word	0x4000e698
    40002acc:	00000000 	.word	0x00000000
    40002ad0:	4000520c 	.word	0x4000520c
    40002ad4:	00000000 	.word	0x00000000
    40002ad8:	4000520a 	.word	0x4000520a
    40002adc:	00000000 	.word	0x00000000
    40002ae0:	4000520b 	.word	0x4000520b
    40002ae4:	00000000 	.word	0x00000000
    40002ae8:	4000520f 	.word	0x4000520f
    40002aec:	00000000 	.word	0x00000000
    40002af0:	40005214 	.word	0x40005214
    40002af4:	00000000 	.word	0x00000000
    40002af8:	40005219 	.word	0x40005219
    40002afc:	00000000 	.word	0x00000000
    40002b00:	40005220 	.word	0x40005220
    40002b04:	00000000 	.word	0x00000000
    40002b08:	40005238 	.word	0x40005238
    40002b0c:	00000000 	.word	0x00000000
    40002b10:	40005247 	.word	0x40005247
    40002b14:	00000000 	.word	0x00000000
    40002b18:	4000526a 	.word	0x4000526a
    40002b1c:	00000000 	.word	0x00000000
    40002b20:	4000526e 	.word	0x4000526e
    40002b24:	00000000 	.word	0x00000000

0000000040002b28 <el1_serror_handler>:
    40002b28:	a9bd7bfd 	stp	x29, x30, [sp, #-48]!
    40002b2c:	910003fd 	mov	x29, sp
    40002b30:	f90013f5 	str	x21, [sp, #32]
    40002b34:	aa0003f5 	mov	x21, x0
    40002b38:	90000000 	adrp	x0, 40002000 <context_switch>
    40002b3c:	a90153f3 	stp	x19, x20, [sp, #16]
    40002b40:	aa0103f4 	mov	x20, x1
    40002b44:	f945dc01 	ldr	x1, [x0, #3000]
    40002b48:	aa0203f3 	mov	x19, x2
    40002b4c:	d2a12000 	mov	x0, #0x9000000             	// #150994944
    40002b50:	97fffd72 	bl	40002118 <hal_uart_puts>
    40002b54:	90000000 	adrp	x0, 40002000 <context_switch>
    40002b58:	f945e001 	ldr	x1, [x0, #3008]
    40002b5c:	d2a12000 	mov	x0, #0x9000000             	// #150994944
    40002b60:	97fffd6e 	bl	40002118 <hal_uart_puts>
    40002b64:	aa1503e0 	mov	x0, x21
    40002b68:	97fffdb4 	bl	40002238 <uart_print_hex.constprop.0>
    40002b6c:	90000000 	adrp	x0, 40002000 <context_switch>
    40002b70:	f945e401 	ldr	x1, [x0, #3016]
    40002b74:	d2a12000 	mov	x0, #0x9000000             	// #150994944
    40002b78:	97fffd68 	bl	40002118 <hal_uart_puts>
    40002b7c:	aa1403e0 	mov	x0, x20
    40002b80:	97fffdae 	bl	40002238 <uart_print_hex.constprop.0>
    40002b84:	90000000 	adrp	x0, 40002000 <context_switch>
    40002b88:	f945e801 	ldr	x1, [x0, #3024]
    40002b8c:	d2a12000 	mov	x0, #0x9000000             	// #150994944
    40002b90:	97fffd62 	bl	40002118 <hal_uart_puts>
    40002b94:	aa1303e0 	mov	x0, x19
    40002b98:	97fffda8 	bl	40002238 <uart_print_hex.constprop.0>
    40002b9c:	90000000 	adrp	x0, 40002000 <context_switch>
    40002ba0:	f945ec01 	ldr	x1, [x0, #3032]
    40002ba4:	d2a12000 	mov	x0, #0x9000000             	// #150994944
    40002ba8:	97fffd5c 	bl	40002118 <hal_uart_puts>
    40002bac:	d503205f 	wfe
    40002bb0:	17ffffff 	b	40002bac <el1_serror_handler+0x84>
    40002bb4:	d503201f 	nop
    40002bb8:	40005284 	.word	0x40005284
    40002bbc:	00000000 	.word	0x00000000
    40002bc0:	4000504b 	.word	0x4000504b
    40002bc4:	00000000 	.word	0x00000000
    40002bc8:	40005071 	.word	0x40005071
    40002bcc:	00000000 	.word	0x00000000
    40002bd0:	40005079 	.word	0x40005079
    40002bd4:	00000000 	.word	0x00000000
    40002bd8:	40005838 	.word	0x40005838
    40002bdc:	00000000 	.word	0x00000000

0000000040002be0 <syscall_handler>:
    40002be0:	d65f03c0 	ret

0000000040002be4 <kernel_main>:
    40002be4:	a9bd7bfd 	stp	x29, x30, [sp, #-48]!
    40002be8:	d2a12000 	mov	x0, #0x9000000             	// #150994944
    40002bec:	910003fd 	mov	x29, sp
    40002bf0:	f9000bf3 	str	x19, [sp, #16]
    40002bf4:	97fffd39 	bl	400020d8 <hal_uart_init>
    40002bf8:	b0000000 	adrp	x0, 40003000 <kernel_main+0x41c>
    40002bfc:	f9400c01 	ldr	x1, [x0, #24]
    40002c00:	d2a12000 	mov	x0, #0x9000000             	// #150994944
    40002c04:	9108e021 	add	x1, x1, #0x238
    40002c08:	97fffd44 	bl	40002118 <hal_uart_puts>
    40002c0c:	b0000000 	adrp	x0, 40003000 <kernel_main+0x41c>
    40002c10:	f9401001 	ldr	x1, [x0, #32]
    40002c14:	d2a12000 	mov	x0, #0x9000000             	// #150994944
    40002c18:	97fffd40 	bl	40002118 <hal_uart_puts>
    40002c1c:	b0000000 	adrp	x0, 40003000 <kernel_main+0x41c>
    40002c20:	f9401401 	ldr	x1, [x0, #40]
    40002c24:	d2a12000 	mov	x0, #0x9000000             	// #150994944
    40002c28:	97fffd3c 	bl	40002118 <hal_uart_puts>
    40002c2c:	52800141 	mov	w1, #0xa                   	// #10
    40002c30:	d2a12000 	mov	x0, #0x9000000             	// #150994944
    40002c34:	97fffd34 	bl	40002104 <hal_uart_putc>
    40002c38:	b0000000 	adrp	x0, 40003000 <kernel_main+0x41c>
    40002c3c:	f9401801 	ldr	x1, [x0, #48]
    40002c40:	d2a12000 	mov	x0, #0x9000000             	// #150994944
    40002c44:	97fffd35 	bl	40002118 <hal_uart_puts>
    40002c48:	b0000000 	adrp	x0, 40003000 <kernel_main+0x41c>
    40002c4c:	f9401c01 	ldr	x1, [x0, #56]
    40002c50:	d2a12000 	mov	x0, #0x9000000             	// #150994944
    40002c54:	97fffd31 	bl	40002118 <hal_uart_puts>
    40002c58:	52800401 	mov	w1, #0x20                  	// #32
    40002c5c:	d2a12000 	mov	x0, #0x9000000             	// #150994944
    40002c60:	97fffd29 	bl	40002104 <hal_uart_putc>
    40002c64:	b0000000 	adrp	x0, 40003000 <kernel_main+0x41c>
    40002c68:	f9402001 	ldr	x1, [x0, #64]
    40002c6c:	d2a12000 	mov	x0, #0x9000000             	// #150994944
    40002c70:	97fffd2a 	bl	40002118 <hal_uart_puts>
    40002c74:	52800141 	mov	w1, #0xa                   	// #10
    40002c78:	d2a12000 	mov	x0, #0x9000000             	// #150994944
    40002c7c:	97fffd22 	bl	40002104 <hal_uart_putc>
    40002c80:	b0000000 	adrp	x0, 40003000 <kernel_main+0x41c>
    40002c84:	f9402401 	ldr	x1, [x0, #72]
    40002c88:	d2a12000 	mov	x0, #0x9000000             	// #150994944
    40002c8c:	97fffd23 	bl	40002118 <hal_uart_puts>
    40002c90:	d53800a0 	mrs	x0, mpidr_el1
    40002c94:	92401c00 	and	x0, x0, #0xff
    40002c98:	97fffd7e 	bl	40002290 <uart_print_uint.constprop.0>
    40002c9c:	52800141 	mov	w1, #0xa                   	// #10
    40002ca0:	d2a12000 	mov	x0, #0x9000000             	// #150994944
    40002ca4:	97fffd18 	bl	40002104 <hal_uart_putc>
    40002ca8:	b0000000 	adrp	x0, 40003000 <kernel_main+0x41c>
    40002cac:	f9402801 	ldr	x1, [x0, #80]
    40002cb0:	d2a12000 	mov	x0, #0x9000000             	// #150994944
    40002cb4:	97fffd19 	bl	40002118 <hal_uart_puts>
    40002cb8:	d5384241 	mrs	x1, currentel
    40002cbc:	53020c21 	ubfx	w1, w1, #2, #2
    40002cc0:	d2a12000 	mov	x0, #0x9000000             	// #150994944
    40002cc4:	1100c021 	add	w1, w1, #0x30
    40002cc8:	97fffd0f 	bl	40002104 <hal_uart_putc>
    40002ccc:	52800141 	mov	w1, #0xa                   	// #10
    40002cd0:	d2a12000 	mov	x0, #0x9000000             	// #150994944
    40002cd4:	97fffd0c 	bl	40002104 <hal_uart_putc>
    40002cd8:	b0000000 	adrp	x0, 40003000 <kernel_main+0x41c>
    40002cdc:	f9402c01 	ldr	x1, [x0, #88]
    40002ce0:	d2a12000 	mov	x0, #0x9000000             	// #150994944
    40002ce4:	97fffd0d 	bl	40002118 <hal_uart_puts>
    40002ce8:	b0000000 	adrp	x0, 40003000 <kernel_main+0x41c>
    40002cec:	f9403013 	ldr	x19, [x0, #96]
    40002cf0:	b0000000 	adrp	x0, 40003000 <kernel_main+0x41c>
    40002cf4:	f9403400 	ldr	x0, [x0, #104]
    40002cf8:	cb000273 	sub	x19, x19, x0
    40002cfc:	b0000000 	adrp	x0, 40003000 <kernel_main+0x41c>
    40002d00:	f9403800 	ldr	x0, [x0, #112]
    40002d04:	f90013e0 	str	x0, [sp, #32]
    40002d08:	b0000000 	adrp	x0, 40003000 <kernel_main+0x41c>
    40002d0c:	f9403c00 	ldr	x0, [x0, #120]
    40002d10:	f90017e0 	str	x0, [sp, #40]
    40002d14:	b0000000 	adrp	x0, 40003000 <kernel_main+0x41c>
    40002d18:	f9404001 	ldr	x1, [x0, #128]
    40002d1c:	d2a12000 	mov	x0, #0x9000000             	// #150994944
    40002d20:	97fffcfe 	bl	40002118 <hal_uart_puts>
    40002d24:	aa1303e0 	mov	x0, x19
    40002d28:	97fffd5a 	bl	40002290 <uart_print_uint.constprop.0>
    40002d2c:	b0000000 	adrp	x0, 40003000 <kernel_main+0x41c>
    40002d30:	f9404401 	ldr	x1, [x0, #136]
    40002d34:	d2a12000 	mov	x0, #0x9000000             	// #150994944
    40002d38:	97fffcf8 	bl	40002118 <hal_uart_puts>
    40002d3c:	d34afe60 	lsr	x0, x19, #10
    40002d40:	97fffd54 	bl	40002290 <uart_print_uint.constprop.0>
    40002d44:	b0000000 	adrp	x0, 40003000 <kernel_main+0x41c>
    40002d48:	f9404801 	ldr	x1, [x0, #144]
    40002d4c:	d2a12000 	mov	x0, #0x9000000             	// #150994944
    40002d50:	97fffcf2 	bl	40002118 <hal_uart_puts>
    40002d54:	b0000000 	adrp	x0, 40003000 <kernel_main+0x41c>
    40002d58:	f9404c01 	ldr	x1, [x0, #152]
    40002d5c:	d2a12000 	mov	x0, #0x9000000             	// #150994944
    40002d60:	97fffcee 	bl	40002118 <hal_uart_puts>
    40002d64:	f94013e0 	ldr	x0, [sp, #32]
    40002d68:	97fffd34 	bl	40002238 <uart_print_hex.constprop.0>
    40002d6c:	b0000000 	adrp	x0, 40003000 <kernel_main+0x41c>
    40002d70:	f9405001 	ldr	x1, [x0, #160]
    40002d74:	d2a12000 	mov	x0, #0x9000000             	// #150994944
    40002d78:	97fffce8 	bl	40002118 <hal_uart_puts>
    40002d7c:	f94017e0 	ldr	x0, [sp, #40]
    40002d80:	97fffd2e 	bl	40002238 <uart_print_hex.constprop.0>
    40002d84:	b0000000 	adrp	x0, 40003000 <kernel_main+0x41c>
    40002d88:	f9405401 	ldr	x1, [x0, #168]
    40002d8c:	d2a12000 	mov	x0, #0x9000000             	// #150994944
    40002d90:	97fffce2 	bl	40002118 <hal_uart_puts>
    40002d94:	d2800100 	mov	x0, #0x8                   	// #8
    40002d98:	97fffd3e 	bl	40002290 <uart_print_uint.constprop.0>
    40002d9c:	b0000000 	adrp	x0, 40003000 <kernel_main+0x41c>
    40002da0:	f9405801 	ldr	x1, [x0, #176]
    40002da4:	d2a12000 	mov	x0, #0x9000000             	// #150994944
    40002da8:	97fffcdc 	bl	40002118 <hal_uart_puts>
    40002dac:	b0000000 	adrp	x0, 40003000 <kernel_main+0x41c>
    40002db0:	f9405c01 	ldr	x1, [x0, #184]
    40002db4:	d2a12000 	mov	x0, #0x9000000             	// #150994944
    40002db8:	97fffcd8 	bl	40002118 <hal_uart_puts>
    40002dbc:	94000105 	bl	400031d0 <gic_init>
    40002dc0:	340000e0 	cbz	w0, 40002ddc <kernel_main+0x1f8>
    40002dc4:	b0000000 	adrp	x0, 40003000 <kernel_main+0x41c>
    40002dc8:	f9406001 	ldr	x1, [x0, #192]
    40002dcc:	d2a12000 	mov	x0, #0x9000000             	// #150994944
    40002dd0:	97fffcd2 	bl	40002118 <hal_uart_puts>
    40002dd4:	d503205f 	wfe
    40002dd8:	17ffffff 	b	40002dd4 <kernel_main+0x1f0>
    40002ddc:	b0000000 	adrp	x0, 40003000 <kernel_main+0x41c>
    40002de0:	f9406401 	ldr	x1, [x0, #200]
    40002de4:	d2a12000 	mov	x0, #0x9000000             	// #150994944
    40002de8:	97fffccc 	bl	40002118 <hal_uart_puts>
    40002dec:	94000529 	bl	40004290 <timer_init>
    40002df0:	12800be1 	mov	w1, #0xffffffa0            	// #-96
    40002df4:	528003c0 	mov	w0, #0x1e                  	// #30
    40002df8:	94000164 	bl	40003388 <gic_set_priority>
    40002dfc:	528003c0 	mov	w0, #0x1e                  	// #30
    40002e00:	9400013e 	bl	400032f8 <gic_enable_irq>
    40002e04:	b0000000 	adrp	x0, 40003000 <kernel_main+0x41c>
    40002e08:	f9406801 	ldr	x1, [x0, #208]
    40002e0c:	d2a12000 	mov	x0, #0x9000000             	// #150994944
    40002e10:	97fffcc2 	bl	40002118 <hal_uart_puts>
    40002e14:	940002e7 	bl	400039b0 <scheduler_init>
    40002e18:	340000e0 	cbz	w0, 40002e34 <kernel_main+0x250>
    40002e1c:	b0000000 	adrp	x0, 40003000 <kernel_main+0x41c>
    40002e20:	f9406c01 	ldr	x1, [x0, #216]
    40002e24:	d2a12000 	mov	x0, #0x9000000             	// #150994944
    40002e28:	97fffcbc 	bl	40002118 <hal_uart_puts>
    40002e2c:	d503205f 	wfe
    40002e30:	17ffffff 	b	40002e2c <kernel_main+0x248>
    40002e34:	b0000000 	adrp	x0, 40003000 <kernel_main+0x41c>
    40002e38:	f9407001 	ldr	x1, [x0, #224]
    40002e3c:	d2a12000 	mov	x0, #0x9000000             	// #150994944
    40002e40:	97fffcb6 	bl	40002118 <hal_uart_puts>
    40002e44:	940001c9 	bl	40003568 <smp_init>
    40002e48:	340000a0 	cbz	w0, 40002e5c <kernel_main+0x278>
    40002e4c:	b0000000 	adrp	x0, 40003000 <kernel_main+0x41c>
    40002e50:	f9407401 	ldr	x1, [x0, #232]
    40002e54:	d2a12000 	mov	x0, #0x9000000             	// #150994944
    40002e58:	97fffcb0 	bl	40002118 <hal_uart_puts>
    40002e5c:	940001e7 	bl	400035f8 <smp_boot_secondary>
    40002e60:	94000270 	bl	40003820 <smp_get_online_count>
    40002e64:	2a0003f3 	mov	w19, w0
    40002e68:	b0000000 	adrp	x0, 40003000 <kernel_main+0x41c>
    40002e6c:	f9407801 	ldr	x1, [x0, #240]
    40002e70:	d2a12000 	mov	x0, #0x9000000             	// #150994944
    40002e74:	97fffca9 	bl	40002118 <hal_uart_puts>
    40002e78:	2a1303e0 	mov	w0, w19
    40002e7c:	97fffcef 	bl	40002238 <uart_print_hex.constprop.0>
    40002e80:	b0000000 	adrp	x0, 40003000 <kernel_main+0x41c>
    40002e84:	f9407c01 	ldr	x1, [x0, #248]
    40002e88:	d2a12000 	mov	x0, #0x9000000             	// #150994944
    40002e8c:	97fffca3 	bl	40002118 <hal_uart_puts>
    40002e90:	b0000000 	adrp	x0, 40003000 <kernel_main+0x41c>
    40002e94:	f9408001 	ldr	x1, [x0, #256]
    40002e98:	d2a12000 	mov	x0, #0x9000000             	// #150994944
    40002e9c:	97fffc9f 	bl	40002118 <hal_uart_puts>
    40002ea0:	b0000000 	adrp	x0, 40003000 <kernel_main+0x41c>
    40002ea4:	52840005 	mov	w5, #0x2000                	// #8192
    40002ea8:	52800024 	mov	w4, #0x1                   	// #1
    40002eac:	52800c83 	mov	w3, #0x64                  	// #100
    40002eb0:	f9408401 	ldr	x1, [x0, #264]
    40002eb4:	b0000000 	adrp	x0, 40003000 <kernel_main+0x41c>
    40002eb8:	d2800002 	mov	x2, #0x0                   	// #0
    40002ebc:	f9408800 	ldr	x0, [x0, #272]
    40002ec0:	940003f2 	bl	40003e88 <kthread_create>
    40002ec4:	3100041f 	cmn	w0, #0x1
    40002ec8:	540000a1 	b.ne	40002edc <kernel_main+0x2f8>  // b.any
    40002ecc:	b0000000 	adrp	x0, 40003000 <kernel_main+0x41c>
    40002ed0:	f9408c01 	ldr	x1, [x0, #280]
    40002ed4:	d2a12000 	mov	x0, #0x9000000             	// #150994944
    40002ed8:	97fffc90 	bl	40002118 <hal_uart_puts>
    40002edc:	b0000000 	adrp	x0, 40003000 <kernel_main+0x41c>
    40002ee0:	52840005 	mov	w5, #0x2000                	// #8192
    40002ee4:	52800024 	mov	w4, #0x1                   	// #1
    40002ee8:	52800a03 	mov	w3, #0x50                  	// #80
    40002eec:	f9409001 	ldr	x1, [x0, #288]
    40002ef0:	b0000000 	adrp	x0, 40003000 <kernel_main+0x41c>
    40002ef4:	d2800002 	mov	x2, #0x0                   	// #0
    40002ef8:	f9409400 	ldr	x0, [x0, #296]
    40002efc:	940003e3 	bl	40003e88 <kthread_create>
    40002f00:	3100041f 	cmn	w0, #0x1
    40002f04:	540000a1 	b.ne	40002f18 <kernel_main+0x334>  // b.any
    40002f08:	b0000000 	adrp	x0, 40003000 <kernel_main+0x41c>
    40002f0c:	f9409801 	ldr	x1, [x0, #304]
    40002f10:	d2a12000 	mov	x0, #0x9000000             	// #150994944
    40002f14:	97fffc81 	bl	40002118 <hal_uart_puts>
    40002f18:	b0000000 	adrp	x0, 40003000 <kernel_main+0x41c>
    40002f1c:	52840005 	mov	w5, #0x2000                	// #8192
    40002f20:	52800024 	mov	w4, #0x1                   	// #1
    40002f24:	52800783 	mov	w3, #0x3c                  	// #60
    40002f28:	f9409c01 	ldr	x1, [x0, #312]
    40002f2c:	b0000000 	adrp	x0, 40003000 <kernel_main+0x41c>
    40002f30:	d2800002 	mov	x2, #0x0                   	// #0
    40002f34:	f940a000 	ldr	x0, [x0, #320]
    40002f38:	940003d4 	bl	40003e88 <kthread_create>
    40002f3c:	3100041f 	cmn	w0, #0x1
    40002f40:	540000a1 	b.ne	40002f54 <kernel_main+0x370>  // b.any
    40002f44:	b0000000 	adrp	x0, 40003000 <kernel_main+0x41c>
    40002f48:	f940a401 	ldr	x1, [x0, #328]
    40002f4c:	d2a12000 	mov	x0, #0x9000000             	// #150994944
    40002f50:	97fffc72 	bl	40002118 <hal_uart_puts>
    40002f54:	b0000000 	adrp	x0, 40003000 <kernel_main+0x41c>
    40002f58:	52840005 	mov	w5, #0x2000                	// #8192
    40002f5c:	52800004 	mov	w4, #0x0                   	// #0
    40002f60:	128000a3 	mov	w3, #0xfffffffa            	// #-6
    40002f64:	f940a801 	ldr	x1, [x0, #336]
    40002f68:	b0000000 	adrp	x0, 40003000 <kernel_main+0x41c>
    40002f6c:	d2800002 	mov	x2, #0x0                   	// #0
    40002f70:	f940ac00 	ldr	x0, [x0, #344]
    40002f74:	940003c5 	bl	40003e88 <kthread_create>
    40002f78:	b0000000 	adrp	x0, 40003000 <kernel_main+0x41c>
    40002f7c:	f940b001 	ldr	x1, [x0, #352]
    40002f80:	d2a12000 	mov	x0, #0x9000000             	// #150994944
    40002f84:	97fffc65 	bl	40002118 <hal_uart_puts>
    40002f88:	12800fe1 	mov	w1, #0xffffff80            	// #-128
    40002f8c:	52800420 	mov	w0, #0x21                  	// #33
    40002f90:	940000fe 	bl	40003388 <gic_set_priority>
    40002f94:	52800420 	mov	w0, #0x21                  	// #33
    40002f98:	940000d8 	bl	400032f8 <gic_enable_irq>
    40002f9c:	d2a12000 	mov	x0, #0x9000000             	// #150994944
    40002fa0:	97fffc91 	bl	400021e4 <hal_uart_enable_rx_irq>
    40002fa4:	b0000000 	adrp	x0, 40003000 <kernel_main+0x41c>
    40002fa8:	f940b401 	ldr	x1, [x0, #360]
    40002fac:	d2a12000 	mov	x0, #0x9000000             	// #150994944
    40002fb0:	97fffc5a 	bl	40002118 <hal_uart_puts>
    40002fb4:	d2800000 	mov	x0, #0x0                   	// #0
    40002fb8:	d51be220 	msr	cntp_ctl_el0, x0
    40002fbc:	d5033fdf 	isb
    40002fc0:	d53be021 	mrs	x1, cntpct_el0
    40002fc4:	d53be000 	mrs	x0, cntfrq_el0
    40002fc8:	d5033fdf 	isb
    40002fcc:	d286c002 	mov	x2, #0x3600                	// #13824
    40002fd0:	f100001f 	cmp	x0, #0x0
    40002fd4:	f2a02dc2 	movk	x2, #0x16e, lsl #16
    40002fd8:	9a821000 	csel	x0, x0, x2, ne	// ne = any
    40002fdc:	d2807d02 	mov	x2, #0x3e8                 	// #1000
    40002fe0:	9ac20800 	udiv	x0, x0, x2
    40002fe4:	8b010000 	add	x0, x0, x1
    40002fe8:	d51be240 	msr	cntp_cval_el0, x0
    40002fec:	d5033fdf 	isb
    40002ff0:	d2800020 	mov	x0, #0x1                   	// #1
    40002ff4:	d51be220 	msr	cntp_ctl_el0, x0
    40002ff8:	d5033fdf 	isb
    40002ffc:	d50342ff 	msr	daifclr, #0x2
    40003000:	90000000 	adrp	x0, 40003000 <kernel_main+0x41c>
    40003004:	f940b801 	ldr	x1, [x0, #368]
    40003008:	d2a12000 	mov	x0, #0x9000000             	// #150994944
    4000300c:	97fffc43 	bl	40002118 <hal_uart_puts>
    40003010:	9400038c 	bl	40003e40 <scheduler_start>
    40003014:	d503201f 	nop
    40003018:	40005840 	.word	0x40005840
    4000301c:	00000000 	.word	0x00000000
    40003020:	400052a1 	.word	0x400052a1
    40003024:	00000000 	.word	0x00000000
    40003028:	400052b5 	.word	0x400052b5
    4000302c:	00000000 	.word	0x00000000
    40003030:	400052bc 	.word	0x400052bc
    40003034:	00000000 	.word	0x00000000
    40003038:	400052cd 	.word	0x400052cd
    4000303c:	00000000 	.word	0x00000000
    40003040:	400052d9 	.word	0x400052d9
    40003044:	00000000 	.word	0x00000000
    40003048:	400052e2 	.word	0x400052e2
    4000304c:	00000000 	.word	0x00000000
    40003050:	400052f4 	.word	0x400052f4
    40003054:	00000000 	.word	0x00000000
    40003058:	40005311 	.word	0x40005311
    4000305c:	00000000 	.word	0x00000000
    40003060:	4001ce30 	.word	0x4001ce30
    40003064:	00000000 	.word	0x00000000
    40003068:	40006040 	.word	0x40006040
    4000306c:	00000000 	.word	0x00000000
    40003070:	4001d000 	.word	0x4001d000
    40003074:	00000000 	.word	0x00000000
    40003078:	4002d000 	.word	0x4002d000
    4000307c:	00000000 	.word	0x00000000
    40003080:	40005331 	.word	0x40005331
    40003084:	00000000 	.word	0x00000000
    40003088:	4000533b 	.word	0x4000533b
    4000308c:	00000000 	.word	0x00000000
    40003090:	40005344 	.word	0x40005344
    40003094:	00000000 	.word	0x00000000
    40003098:	4000534a 	.word	0x4000534a
    4000309c:	00000000 	.word	0x00000000
    400030a0:	40005356 	.word	0x40005356
    400030a4:	00000000 	.word	0x00000000
    400030a8:	4000535c 	.word	0x4000535c
    400030ac:	00000000 	.word	0x00000000
    400030b0:	40005365 	.word	0x40005365
    400030b4:	00000000 	.word	0x00000000
    400030b8:	4000536d 	.word	0x4000536d
    400030bc:	00000000 	.word	0x00000000
    400030c0:	4000538b 	.word	0x4000538b
    400030c4:	00000000 	.word	0x00000000
    400030c8:	400053ac 	.word	0x400053ac
    400030cc:	00000000 	.word	0x00000000
    400030d0:	400053cc 	.word	0x400053cc
    400030d4:	00000000 	.word	0x00000000
    400030d8:	400053f0 	.word	0x400053f0
    400030dc:	00000000 	.word	0x00000000
    400030e0:	40005417 	.word	0x40005417
    400030e4:	00000000 	.word	0x00000000
    400030e8:	40005435 	.word	0x40005435
    400030ec:	00000000 	.word	0x00000000
    400030f0:	40005455 	.word	0x40005455
    400030f4:	00000000 	.word	0x00000000
    400030f8:	40005838 	.word	0x40005838
    400030fc:	00000000 	.word	0x00000000
    40003100:	4000546e 	.word	0x4000546e
    40003104:	00000000 	.word	0x00000000
    40003108:	40002218 	.word	0x40002218
    4000310c:	00000000 	.word	0x00000000
    40003110:	40005491 	.word	0x40005491
    40003114:	00000000 	.word	0x00000000
    40003118:	4000549a 	.word	0x4000549a
    4000311c:	00000000 	.word	0x00000000
    40003120:	400021f8 	.word	0x400021f8
    40003124:	00000000 	.word	0x00000000
    40003128:	400054c1 	.word	0x400054c1
    4000312c:	00000000 	.word	0x00000000
    40003130:	400054ca 	.word	0x400054ca
    40003134:	00000000 	.word	0x00000000
    40003138:	40002308 	.word	0x40002308
    4000313c:	00000000 	.word	0x00000000
    40003140:	400054f1 	.word	0x400054f1
    40003144:	00000000 	.word	0x00000000
    40003148:	400054fa 	.word	0x400054fa
    4000314c:	00000000 	.word	0x00000000
    40003150:	400049a8 	.word	0x400049a8
    40003154:	00000000 	.word	0x00000000
    40003158:	40005521 	.word	0x40005521
    4000315c:	00000000 	.word	0x00000000
    40003160:	40005527 	.word	0x40005527
    40003164:	00000000 	.word	0x00000000
    40003168:	4000554f 	.word	0x4000554f
    4000316c:	00000000 	.word	0x00000000
    40003170:	40005574 	.word	0x40005574
    40003174:	00000000 	.word	0x00000000

0000000040003178 <gic_enable_cpuif>:
    40003178:	90000000 	adrp	x0, 40003000 <kernel_main+0x41c>
    4000317c:	f940e400 	ldr	x0, [x0, #456]
    40003180:	f9400001 	ldr	x1, [x0]
    40003184:	b900003f 	str	wzr, [x1]
    40003188:	d5033fbf 	dmb	sy
    4000318c:	f9400001 	ldr	x1, [x0]
    40003190:	52801fe2 	mov	w2, #0xff                  	// #255
    40003194:	b9000422 	str	w2, [x1, #4]
    40003198:	d5033fbf 	dmb	sy
    4000319c:	f9400001 	ldr	x1, [x0]
    400031a0:	b900083f 	str	wzr, [x1, #8]
    400031a4:	d5033fbf 	dmb	sy
    400031a8:	f9400001 	ldr	x1, [x0]
    400031ac:	52800022 	mov	w2, #0x1                   	// #1
    400031b0:	b9000022 	str	w2, [x1]
    400031b4:	d5033fbf 	dmb	sy
    400031b8:	f9400000 	ldr	x0, [x0]
    400031bc:	b9400000 	ldr	w0, [x0]
    400031c0:	d5033fbf 	dmb	sy
    400031c4:	d65f03c0 	ret
    400031c8:	400060c8 	.word	0x400060c8
    400031cc:	00000000 	.word	0x00000000

00000000400031d0 <gic_init>:
    400031d0:	a9bf7bfd 	stp	x29, x30, [sp, #-16]!
    400031d4:	90000000 	adrp	x0, 40003000 <kernel_main+0x41c>
    400031d8:	d2a10021 	mov	x1, #0x8010000             	// #134283264
    400031dc:	910003fd 	mov	x29, sp
    400031e0:	f9416c03 	ldr	x3, [x0, #728]
    400031e4:	d2a10000 	mov	x0, #0x8000000             	// #134217728
    400031e8:	a9000061 	stp	x1, x0, [x3]
    400031ec:	b900001f 	str	wzr, [x0]
    400031f0:	d5033fbf 	dmb	sy
    400031f4:	f9400461 	ldr	x1, [x3, #8]
    400031f8:	52800002 	mov	w2, #0x0                   	// #0
    400031fc:	12800005 	mov	w5, #0xffffffff            	// #-1
    40003200:	91020021 	add	x1, x1, #0x80
    40003204:	b8584020 	ldur	w0, [x1, #-124]
    40003208:	531b1000 	ubfiz	w0, w0, #5, #5
    4000320c:	11007c04 	add	w4, w0, #0x1f
    40003210:	53057c00 	lsr	w0, w0, #5
    40003214:	11000442 	add	w2, w2, #0x1
    40003218:	b8004425 	str	w5, [x1], #4
    4000321c:	6b02001f 	cmp	w0, w2
    40003220:	54ffffa2 	b.cs	40003214 <gic_init+0x44>  // b.hs, b.nlast
    40003224:	d5033fbf 	dmb	sy
    40003228:	f9400461 	ldr	x1, [x3, #8]
    4000322c:	52800022 	mov	w2, #0x1                   	// #1
    40003230:	12800006 	mov	w6, #0xffffffff            	// #-1
    40003234:	91061025 	add	x5, x1, #0x184
    40003238:	6b00005f 	cmp	w2, w0
    4000323c:	54000329 	b.ls	400032a0 <gic_init+0xd0>  // b.plast
    40003240:	91108025 	add	x5, x1, #0x420
    40003244:	52800402 	mov	w2, #0x20                  	// #32
    40003248:	12800fe6 	mov	w6, #0xffffff80            	// #-128
    4000324c:	6b04005f 	cmp	w2, w4
    40003250:	540002e9 	b.ls	400032ac <gic_init+0xdc>  // b.plast
    40003254:	52800402 	mov	w2, #0x20                  	// #32
    40003258:	52800025 	mov	w5, #0x1                   	// #1
    4000325c:	6b04005f 	cmp	w2, w4
    40003260:	540002c9 	b.ls	400032b8 <gic_init+0xe8>  // b.plast
    40003264:	910a1024 	add	x4, x1, #0x284
    40003268:	52800022 	mov	w2, #0x1                   	// #1
    4000326c:	12800005 	mov	w5, #0xffffffff            	// #-1
    40003270:	6b00005f 	cmp	w2, w0
    40003274:	540002a9 	b.ls	400032c8 <gic_init+0xf8>  // b.plast
    40003278:	52800020 	mov	w0, #0x1                   	// #1
    4000327c:	b9000020 	str	w0, [x1]
    40003280:	d5033fbf 	dmb	sy
    40003284:	97ffffbd 	bl	40003178 <gic_enable_cpuif>
    40003288:	f9400060 	ldr	x0, [x3]
    4000328c:	b9400c00 	ldr	w0, [x0, #12]
    40003290:	d5033fbf 	dmb	sy
    40003294:	52800000 	mov	w0, #0x0                   	// #0
    40003298:	a8c17bfd 	ldp	x29, x30, [sp], #16
    4000329c:	d65f03c0 	ret
    400032a0:	11000442 	add	w2, w2, #0x1
    400032a4:	b80044a6 	str	w6, [x5], #4
    400032a8:	17ffffe4 	b	40003238 <gic_init+0x68>
    400032ac:	11000442 	add	w2, w2, #0x1
    400032b0:	380014a6 	strb	w6, [x5], #1
    400032b4:	17ffffe6 	b	4000324c <gic_init+0x7c>
    400032b8:	11200046 	add	w6, w2, #0x800
    400032bc:	11000442 	add	w2, w2, #0x1
    400032c0:	382168c5 	strb	w5, [x6, x1]
    400032c4:	17ffffe6 	b	4000325c <gic_init+0x8c>
    400032c8:	11000442 	add	w2, w2, #0x1
    400032cc:	b8004485 	str	w5, [x4], #4
    400032d0:	17ffffe8 	b	40003270 <gic_init+0xa0>
    400032d4:	d503201f 	nop
    400032d8:	400060c8 	.word	0x400060c8
    400032dc:	00000000 	.word	0x00000000

00000000400032e0 <gic_init_secondary>:
    400032e0:	a9bf7bfd 	stp	x29, x30, [sp, #-16]!
    400032e4:	910003fd 	mov	x29, sp
    400032e8:	97ffffa4 	bl	40003178 <gic_enable_cpuif>
    400032ec:	52800000 	mov	w0, #0x0                   	// #0
    400032f0:	a8c17bfd 	ldp	x29, x30, [sp], #16
    400032f4:	d65f03c0 	ret

00000000400032f8 <gic_enable_irq>:
    400032f8:	710f6c1f 	cmp	w0, #0x3db
    400032fc:	540001a8 	b.hi	40003330 <gic_enable_irq+0x38>  // b.pmore
    40003300:	90000002 	adrp	x2, 40003000 <kernel_main+0x41c>
    40003304:	52800021 	mov	w1, #0x1                   	// #1
    40003308:	1ac02021 	lsl	w1, w1, w0
    4000330c:	53057c00 	lsr	w0, w0, #5
    40003310:	f9419c42 	ldr	x2, [x2, #824]
    40003314:	11010000 	add	w0, w0, #0x40
    40003318:	d37e6c00 	ubfiz	x0, x0, #2, #28
    4000331c:	f9400442 	ldr	x2, [x2, #8]
    40003320:	b8226801 	str	w1, [x0, x2]
    40003324:	d5033fbf 	dmb	sy
    40003328:	52800000 	mov	w0, #0x0                   	// #0
    4000332c:	d65f03c0 	ret
    40003330:	128002a0 	mov	w0, #0xffffffea            	// #-22
    40003334:	17fffffe 	b	4000332c <gic_enable_irq+0x34>
    40003338:	400060c8 	.word	0x400060c8
    4000333c:	00000000 	.word	0x00000000

0000000040003340 <gic_disable_irq>:
    40003340:	710f6c1f 	cmp	w0, #0x3db
    40003344:	540001a8 	b.hi	40003378 <gic_disable_irq+0x38>  // b.pmore
    40003348:	90000002 	adrp	x2, 40003000 <kernel_main+0x41c>
    4000334c:	52800021 	mov	w1, #0x1                   	// #1
    40003350:	1ac02021 	lsl	w1, w1, w0
    40003354:	53057c00 	lsr	w0, w0, #5
    40003358:	f941c042 	ldr	x2, [x2, #896]
    4000335c:	11018000 	add	w0, w0, #0x60
    40003360:	d37e6c00 	ubfiz	x0, x0, #2, #28
    40003364:	f9400442 	ldr	x2, [x2, #8]
    40003368:	b8226801 	str	w1, [x0, x2]
    4000336c:	d5033fbf 	dmb	sy
    40003370:	52800000 	mov	w0, #0x0                   	// #0
    40003374:	d65f03c0 	ret
    40003378:	128002a0 	mov	w0, #0xffffffea            	// #-22
    4000337c:	17fffffe 	b	40003374 <gic_disable_irq+0x34>
    40003380:	400060c8 	.word	0x400060c8
    40003384:	00000000 	.word	0x00000000

0000000040003388 <gic_set_priority>:
    40003388:	12001c21 	and	w1, w1, #0xff
    4000338c:	710f6c1f 	cmp	w0, #0x3db
    40003390:	54000128 	b.hi	400033b4 <gic_set_priority+0x2c>  // b.pmore
    40003394:	90000002 	adrp	x2, 40003000 <kernel_main+0x41c>
    40003398:	11100000 	add	w0, w0, #0x400
    4000339c:	f941e042 	ldr	x2, [x2, #960]
    400033a0:	f9400442 	ldr	x2, [x2, #8]
    400033a4:	38226801 	strb	w1, [x0, x2]
    400033a8:	d5033fbf 	dmb	sy
    400033ac:	52800000 	mov	w0, #0x0                   	// #0
    400033b0:	d65f03c0 	ret
    400033b4:	128002a0 	mov	w0, #0xffffffea            	// #-22
    400033b8:	17fffffe 	b	400033b0 <gic_set_priority+0x28>
    400033bc:	d503201f 	nop
    400033c0:	400060c8 	.word	0x400060c8
    400033c4:	00000000 	.word	0x00000000

00000000400033c8 <gic_get_priority>:
    400033c8:	710f6c1f 	cmp	w0, #0x3db
    400033cc:	54000108 	b.hi	400033ec <gic_get_priority+0x24>  // b.pmore
    400033d0:	90000001 	adrp	x1, 40003000 <kernel_main+0x41c>
    400033d4:	11100000 	add	w0, w0, #0x400
    400033d8:	f941fc21 	ldr	x1, [x1, #1016]
    400033dc:	f9400421 	ldr	x1, [x1, #8]
    400033e0:	38616800 	ldrb	w0, [x0, x1]
    400033e4:	12001c00 	and	w0, w0, #0xff
    400033e8:	d65f03c0 	ret
    400033ec:	52801fe0 	mov	w0, #0xff                  	// #255
    400033f0:	17fffffe 	b	400033e8 <gic_get_priority+0x20>
    400033f4:	d503201f 	nop
    400033f8:	400060c8 	.word	0x400060c8
    400033fc:	00000000 	.word	0x00000000

0000000040003400 <gic_set_affinity>:
    40003400:	51008002 	sub	w2, w0, #0x20
    40003404:	12001c21 	and	w1, w1, #0xff
    40003408:	710eec5f 	cmp	w2, #0x3bb
    4000340c:	54000148 	b.hi	40003434 <gic_set_affinity+0x34>  // b.pmore
    40003410:	34000121 	cbz	w1, 40003434 <gic_set_affinity+0x34>
    40003414:	90000002 	adrp	x2, 40003000 <kernel_main+0x41c>
    40003418:	11200000 	add	w0, w0, #0x800
    4000341c:	f9422042 	ldr	x2, [x2, #1088]
    40003420:	f9400442 	ldr	x2, [x2, #8]
    40003424:	38226801 	strb	w1, [x0, x2]
    40003428:	d5033fbf 	dmb	sy
    4000342c:	52800000 	mov	w0, #0x0                   	// #0
    40003430:	d65f03c0 	ret
    40003434:	128002a0 	mov	w0, #0xffffffea            	// #-22
    40003438:	17fffffe 	b	40003430 <gic_set_affinity+0x30>
    4000343c:	d503201f 	nop
    40003440:	400060c8 	.word	0x400060c8
    40003444:	00000000 	.word	0x00000000

0000000040003448 <gic_acknowledge_irq>:
    40003448:	90000000 	adrp	x0, 40003000 <kernel_main+0x41c>
    4000344c:	f9423000 	ldr	x0, [x0, #1120]
    40003450:	f9400000 	ldr	x0, [x0]
    40003454:	b9400c00 	ldr	w0, [x0, #12]
    40003458:	d5033fbf 	dmb	sy
    4000345c:	d65f03c0 	ret
    40003460:	400060c8 	.word	0x400060c8
    40003464:	00000000 	.word	0x00000000

0000000040003468 <gic_get_irq_id>:
    40003468:	17fffff8 	b	40003448 <gic_acknowledge_irq>

000000004000346c <gic_end_of_interrupt>:
    4000346c:	710ff81f 	cmp	w0, #0x3fe
    40003470:	540000c8 	b.hi	40003488 <gic_end_of_interrupt+0x1c>  // b.pmore
    40003474:	90000001 	adrp	x1, 40003000 <kernel_main+0x41c>
    40003478:	f9424821 	ldr	x1, [x1, #1168]
    4000347c:	f9400021 	ldr	x1, [x1]
    40003480:	b9001020 	str	w0, [x1, #16]
    40003484:	d5033fbf 	dmb	sy
    40003488:	d65f03c0 	ret
    4000348c:	d503201f 	nop
    40003490:	400060c8 	.word	0x400060c8
    40003494:	00000000 	.word	0x00000000

0000000040003498 <gic_send_sgi>:
    40003498:	12001c21 	and	w1, w1, #0xff
    4000349c:	71003c1f 	cmp	w0, #0xf
    400034a0:	54000148 	b.hi	400034c8 <gic_send_sgi+0x30>  // b.pmore
    400034a4:	34000121 	cbz	w1, 400034c8 <gic_send_sgi+0x30>
    400034a8:	2a014001 	orr	w1, w0, w1, lsl #16
    400034ac:	90000000 	adrp	x0, 40003000 <kernel_main+0x41c>
    400034b0:	f9426800 	ldr	x0, [x0, #1232]
    400034b4:	f9400400 	ldr	x0, [x0, #8]
    400034b8:	b90f0001 	str	w1, [x0, #3840]
    400034bc:	d5033fbf 	dmb	sy
    400034c0:	52800000 	mov	w0, #0x0                   	// #0
    400034c4:	d65f03c0 	ret
    400034c8:	128002a0 	mov	w0, #0xffffffea            	// #-22
    400034cc:	17fffffe 	b	400034c4 <gic_send_sgi+0x2c>
    400034d0:	400060c8 	.word	0x400060c8
    400034d4:	00000000 	.word	0x00000000

00000000400034d8 <gic_register_handler>:
    400034d8:	710f6c1f 	cmp	w0, #0x3db
    400034dc:	540000a8 	b.hi	400034f0 <gic_register_handler+0x18>  // b.pmore
    400034e0:	f100003f 	cmp	x1, #0x0
    400034e4:	128002a0 	mov	w0, #0xffffffea            	// #-22
    400034e8:	1a9f0000 	csel	w0, w0, wzr, eq	// eq = none
    400034ec:	d65f03c0 	ret
    400034f0:	128002a0 	mov	w0, #0xffffffea            	// #-22
    400034f4:	17fffffe 	b	400034ec <gic_register_handler+0x14>

00000000400034f8 <gic_set_target>:
    400034f8:	17ffffc2 	b	40003400 <gic_set_affinity>

00000000400034fc <gic_set_trigger_mode>:
    400034fc:	51008002 	sub	w2, w0, #0x20
    40003500:	710eec5f 	cmp	w2, #0x3bb
    40003504:	540002a8 	b.hi	40003558 <gic_set_trigger_mode+0x5c>  // b.pmore
    40003508:	53047c03 	lsr	w3, w0, #4
    4000350c:	531f0c00 	ubfiz	w0, w0, #1, #4
    40003510:	52800062 	mov	w2, #0x3                   	// #3
    40003514:	52800044 	mov	w4, #0x2                   	// #2
    40003518:	1ac02042 	lsl	w2, w2, w0
    4000351c:	7100003f 	cmp	w1, #0x0
    40003520:	1ac02084 	lsl	w4, w4, w0
    40003524:	90000000 	adrp	x0, 40003000 <kernel_main+0x41c>
    40003528:	110c0061 	add	w1, w3, #0x300
    4000352c:	1a9f0084 	csel	w4, w4, wzr, eq	// eq = none
    40003530:	f942b000 	ldr	x0, [x0, #1376]
    40003534:	d37e7021 	ubfiz	x1, x1, #2, #29
    40003538:	f9400403 	ldr	x3, [x0, #8]
    4000353c:	b8636820 	ldr	w0, [x1, x3]
    40003540:	0a220000 	bic	w0, w0, w2
    40003544:	2a040000 	orr	w0, w0, w4
    40003548:	b8236820 	str	w0, [x1, x3]
    4000354c:	d5033fbf 	dmb	sy
    40003550:	52800000 	mov	w0, #0x0                   	// #0
    40003554:	d65f03c0 	ret
    40003558:	128002a0 	mov	w0, #0xffffffea            	// #-22
    4000355c:	17fffffe 	b	40003554 <gic_set_trigger_mode+0x58>
    40003560:	400060c8 	.word	0x400060c8
    40003564:	00000000 	.word	0x00000000

0000000040003568 <smp_init>:
    40003568:	a9bf7bfd 	stp	x29, x30, [sp, #-16]!
    4000356c:	90000000 	adrp	x0, 40003000 <kernel_main+0x41c>
    40003570:	910003fd 	mov	x29, sp
    40003574:	f942f801 	ldr	x1, [x0, #1520]
    40003578:	910b0022 	add	x2, x1, #0x2c0
    4000357c:	aa0103e0 	mov	x0, x1
    40003580:	91016023 	add	x3, x1, #0x58
    40003584:	f800843f 	str	xzr, [x1], #8
    40003588:	eb03003f 	cmp	x1, x3
    4000358c:	54ffffc1 	b.ne	40003584 <smp_init+0x1c>  // b.any
    40003590:	eb02003f 	cmp	x1, x2
    40003594:	54ffff61 	b.ne	40003580 <smp_init+0x18>  // b.any
    40003598:	d2c00041 	mov	x1, #0x200000000           	// #8589934592
    4000359c:	a9007c01 	stp	x1, xzr, [x0]
    400035a0:	52800021 	mov	w1, #0x1                   	// #1
    400035a4:	b902c001 	str	w1, [x0, #704]
    400035a8:	b902c401 	str	w1, [x0, #708]
    400035ac:	b902c81f 	str	wzr, [x0, #712]
    400035b0:	b902cc1f 	str	wzr, [x0, #716]
    400035b4:	b902d01f 	str	wzr, [x0, #720]
    400035b8:	b902d41f 	str	wzr, [x0, #724]
    400035bc:	b902d81f 	str	wzr, [x0, #728]
    400035c0:	b902dc1f 	str	wzr, [x0, #732]
    400035c4:	b902e01f 	str	wzr, [x0, #736]
    400035c8:	a9027c1f 	stp	xzr, xzr, [x0, #32]
    400035cc:	f900181f 	str	xzr, [x0, #48]
    400035d0:	910ba000 	add	x0, x0, #0x2e8
    400035d4:	b81fc01f 	stur	wzr, [x0, #-4]
    400035d8:	9400043e 	bl	400046d0 <ticket_lock_init>
    400035dc:	d5033fbf 	dmb	sy
    400035e0:	52800000 	mov	w0, #0x0                   	// #0
    400035e4:	a8c17bfd 	ldp	x29, x30, [sp], #16
    400035e8:	d65f03c0 	ret
    400035ec:	d503201f 	nop
    400035f0:	40006100 	.word	0x40006100
    400035f4:	00000000 	.word	0x00000000

00000000400035f8 <smp_boot_secondary>:
    400035f8:	a9ba7bfd 	stp	x29, x30, [sp, #-96]!
    400035fc:	90000000 	adrp	x0, 40003000 <kernel_main+0x41c>
    40003600:	910003fd 	mov	x29, sp
    40003604:	a90153f3 	stp	x19, x20, [sp, #16]
    40003608:	f9438813 	ldr	x19, [x0, #1808]
    4000360c:	a9025bf5 	stp	x21, x22, [sp, #32]
    40003610:	910ba260 	add	x0, x19, #0x2e8
    40003614:	a90363f7 	stp	x23, x24, [sp, #48]
    40003618:	aa1303f4 	mov	x20, x19
    4000361c:	a9046bf9 	stp	x25, x26, [sp, #64]
    40003620:	d2800079 	mov	x25, #0x3                   	// #3
    40003624:	52800017 	mov	w23, #0x0                   	// #0
    40003628:	f9002bfb 	str	x27, [sp, #80]
    4000362c:	94000430 	bl	400046ec <ticket_lock_acquire>
    40003630:	d2800032 	mov	x18, #0x1                   	// #1
    40003634:	2a1203f8 	mov	w24, w18
    40003638:	f2b88019 	movk	x25, #0xc400, lsl #16
    4000363c:	9000001a 	adrp	x26, 40003000 <kernel_main+0x41c>
    40003640:	b942c260 	ldr	w0, [x19, #704]
    40003644:	1ad22315 	lsl	w21, w24, w18
    40003648:	6a0002bf 	tst	w21, w0
    4000364c:	540003a1 	b.ne	400036c0 <smp_boot_secondary+0xc8>  // b.any
    40003650:	b9005e98 	str	w24, [x20, #92]
    40003654:	d5033fbf 	dmb	sy
    40003658:	f9438f5b 	ldr	x27, [x26, #1816]
    4000365c:	aa1903e0 	mov	x0, x25
    40003660:	aa1203e1 	mov	x1, x18
    40003664:	aa1b03e2 	mov	x2, x27
    40003668:	aa1203e3 	mov	x3, x18
    4000366c:	d4000002 	hvc	#0x0
    40003670:	aa0003fb 	mov	x27, x0
    40003674:	3500049b 	cbnz	w27, 40003704 <smp_boot_secondary+0x10c>
    40003678:	52884801 	mov	w1, #0x4240                	// #16960
    4000367c:	910b2262 	add	x2, x19, #0x2c8
    40003680:	2a1203e0 	mov	w0, w18
    40003684:	72a001e1 	movk	w1, #0xf, lsl #16
    40003688:	d5033fbf 	dmb	sy
    4000368c:	b8607843 	ldr	w3, [x2, x0, lsl #2]
    40003690:	35000063 	cbnz	w3, 4000369c <smp_boot_secondary+0xa4>
    40003694:	71000421 	subs	w1, w1, #0x1
    40003698:	54ffff81 	b.ne	40003688 <smp_boot_secondary+0x90>  // b.any
    4000369c:	910b2261 	add	x1, x19, #0x2c8
    400036a0:	b8607820 	ldr	w0, [x1, x0, lsl #2]
    400036a4:	340002a0 	cbz	w0, 400036f8 <smp_boot_secondary+0x100>
    400036a8:	b942c260 	ldr	w0, [x19, #704]
    400036ac:	2a0002b5 	orr	w21, w21, w0
    400036b0:	b902c275 	str	w21, [x19, #704]
    400036b4:	b942c660 	ldr	w0, [x19, #708]
    400036b8:	11000400 	add	w0, w0, #0x1
    400036bc:	b902c660 	str	w0, [x19, #708]
    400036c0:	91000652 	add	x18, x18, #0x1
    400036c4:	91016294 	add	x20, x20, #0x58
    400036c8:	f100225f 	cmp	x18, #0x8
    400036cc:	54fffba1 	b.ne	40003640 <smp_boot_secondary+0x48>  // b.any
    400036d0:	910ba260 	add	x0, x19, #0x2e8
    400036d4:	9400041b 	bl	40004740 <ticket_lock_release>
    400036d8:	a94153f3 	ldp	x19, x20, [sp, #16]
    400036dc:	2a1703e0 	mov	w0, w23
    400036e0:	a9425bf5 	ldp	x21, x22, [sp, #32]
    400036e4:	a94363f7 	ldp	x23, x24, [sp, #48]
    400036e8:	a9446bf9 	ldp	x25, x26, [sp, #64]
    400036ec:	f9402bfb 	ldr	x27, [sp, #80]
    400036f0:	a8c67bfd 	ldp	x29, x30, [sp], #96
    400036f4:	d65f03c0 	ret
    400036f8:	12800e77 	mov	w23, #0xffffff8c            	// #-116
    400036fc:	b9005e9f 	str	wzr, [x20, #92]
    40003700:	17fffff0 	b	400036c0 <smp_boot_secondary+0xc8>
    40003704:	b9005e9f 	str	wzr, [x20, #92]
    40003708:	17ffffee 	b	400036c0 <smp_boot_secondary+0xc8>
    4000370c:	d503201f 	nop
    40003710:	40006100 	.word	0x40006100
    40003714:	00000000 	.word	0x00000000
    40003718:	4000009c 	.word	0x4000009c
    4000371c:	00000000 	.word	0x00000000

0000000040003720 <smp_cpu_stop>:
    40003720:	a9be7bfd 	stp	x29, x30, [sp, #-32]!
    40003724:	910003fd 	mov	x29, sp
    40003728:	a90153f3 	stp	x19, x20, [sp, #16]
    4000372c:	2a0003f4 	mov	w20, w0
    40003730:	51000400 	sub	w0, w0, #0x1
    40003734:	7100181f 	cmp	w0, #0x6
    40003738:	54000368 	b.hi	400037a4 <smp_cpu_stop+0x84>  // b.pmore
    4000373c:	90000000 	adrp	x0, 40003000 <kernel_main+0x41c>
    40003740:	f943d813 	ldr	x19, [x0, #1968]
    40003744:	910ba260 	add	x0, x19, #0x2e8
    40003748:	940003e9 	bl	400046ec <ticket_lock_acquire>
    4000374c:	2a1403e0 	mov	w0, w20
    40003750:	d2800b01 	mov	x1, #0x58                  	// #88
    40003754:	9b014c00 	madd	x0, x0, x1, x19
    40003758:	52800061 	mov	w1, #0x3                   	// #3
    4000375c:	b9000401 	str	w1, [x0, #4]
    40003760:	d5033fbf 	dmb	sy
    40003764:	b942c261 	ldr	w1, [x19, #704]
    40003768:	52800020 	mov	w0, #0x1                   	// #1
    4000376c:	1ad42000 	lsl	w0, w0, w20
    40003770:	0a200020 	bic	w0, w1, w0
    40003774:	b902c260 	str	w0, [x19, #704]
    40003778:	b942c660 	ldr	w0, [x19, #708]
    4000377c:	34000080 	cbz	w0, 4000378c <smp_cpu_stop+0x6c>
    40003780:	b942c660 	ldr	w0, [x19, #708]
    40003784:	51000400 	sub	w0, w0, #0x1
    40003788:	b902c660 	str	w0, [x19, #708]
    4000378c:	910ba260 	add	x0, x19, #0x2e8
    40003790:	940003ec 	bl	40004740 <ticket_lock_release>
    40003794:	52800000 	mov	w0, #0x0                   	// #0
    40003798:	a94153f3 	ldp	x19, x20, [sp, #16]
    4000379c:	a8c27bfd 	ldp	x29, x30, [sp], #32
    400037a0:	d65f03c0 	ret
    400037a4:	128002a0 	mov	w0, #0xffffffea            	// #-22
    400037a8:	17fffffc 	b	40003798 <smp_cpu_stop+0x78>
    400037ac:	d503201f 	nop
    400037b0:	40006100 	.word	0x40006100
    400037b4:	00000000 	.word	0x00000000

00000000400037b8 <smp_get_cpu_id>:
    400037b8:	d53800a0 	mrs	x0, mpidr_el1
    400037bc:	12001c00 	and	w0, w0, #0xff
    400037c0:	d65f03c0 	ret

00000000400037c4 <smp_get_percpu>:
    400037c4:	d53800a2 	mrs	x2, mpidr_el1
    400037c8:	90000000 	adrp	x0, 40003000 <kernel_main+0x41c>
    400037cc:	52800b03 	mov	w3, #0x58                  	// #88
    400037d0:	f27d105f 	tst	x2, #0xf8
    400037d4:	f943f401 	ldr	x1, [x0, #2024]
    400037d8:	12001c40 	and	w0, w2, #0xff
    400037dc:	9ba30400 	umaddl	x0, w0, w3, x1
    400037e0:	9a810000 	csel	x0, x0, x1, eq	// eq = none
    400037e4:	d65f03c0 	ret
    400037e8:	40006100 	.word	0x40006100
    400037ec:	00000000 	.word	0x00000000

00000000400037f0 <smp_get_percpu_by_id>:
    400037f0:	71001c1f 	cmp	w0, #0x7
    400037f4:	540000c8 	b.hi	4000380c <smp_get_percpu_by_id+0x1c>  // b.pmore
    400037f8:	90000001 	adrp	x1, 40003000 <kernel_main+0x41c>
    400037fc:	52800b02 	mov	w2, #0x58                  	// #88
    40003800:	f9440c21 	ldr	x1, [x1, #2072]
    40003804:	9ba20400 	umaddl	x0, w0, w2, x1
    40003808:	d65f03c0 	ret
    4000380c:	d2800000 	mov	x0, #0x0                   	// #0
    40003810:	17fffffe 	b	40003808 <smp_get_percpu_by_id+0x18>
    40003814:	d503201f 	nop
    40003818:	40006100 	.word	0x40006100
    4000381c:	00000000 	.word	0x00000000

0000000040003820 <smp_get_online_count>:
    40003820:	90000000 	adrp	x0, 40003000 <kernel_main+0x41c>
    40003824:	f9441800 	ldr	x0, [x0, #2096]
    40003828:	b942c400 	ldr	w0, [x0, #708]
    4000382c:	d65f03c0 	ret
    40003830:	40006100 	.word	0x40006100
    40003834:	00000000 	.word	0x00000000

0000000040003838 <smp_cpu_online>:
    40003838:	71001c1f 	cmp	w0, #0x7
    4000383c:	54000128 	b.hi	40003860 <smp_cpu_online+0x28>  // b.pmore
    40003840:	90000001 	adrp	x1, 40003000 <kernel_main+0x41c>
    40003844:	f9443421 	ldr	x1, [x1, #2152]
    40003848:	b942c022 	ldr	w2, [x1, #704]
    4000384c:	52800021 	mov	w1, #0x1                   	// #1
    40003850:	1ac02020 	lsl	w0, w1, w0
    40003854:	6a02001f 	tst	w0, w2
    40003858:	1a9f07e0 	cset	w0, ne	// ne = any
    4000385c:	d65f03c0 	ret
    40003860:	52800000 	mov	w0, #0x0                   	// #0
    40003864:	17fffffe 	b	4000385c <smp_cpu_online+0x24>
    40003868:	40006100 	.word	0x40006100
    4000386c:	00000000 	.word	0x00000000

0000000040003870 <smp_secondary_entry>:
    40003870:	71001c1f 	cmp	w0, #0x7
    40003874:	540005a8 	b.hi	40003928 <smp_secondary_entry+0xb8>  // b.pmore
    40003878:	a9be7bfd 	stp	x29, x30, [sp, #-32]!
    4000387c:	910003fd 	mov	x29, sp
    40003880:	f9000bf3 	str	x19, [sp, #16]
    40003884:	2a0003f3 	mov	w19, w0
    40003888:	d5381040 	mrs	x0, cpacr_el1
    4000388c:	b26c0400 	orr	x0, x0, #0x300000
    40003890:	d5181040 	msr	cpacr_el1, x0
    40003894:	d5033fdf 	isb
    40003898:	97fffe92 	bl	400032e0 <gic_init_secondary>
    4000389c:	d2800000 	mov	x0, #0x0                   	// #0
    400038a0:	d51be220 	msr	cntp_ctl_el0, x0
    400038a4:	d5033fdf 	isb
    400038a8:	d53be020 	mrs	x0, cntpct_el0
    400038ac:	d53be001 	mrs	x1, cntfrq_el0
    400038b0:	d5033fdf 	isb
    400038b4:	d286c002 	mov	x2, #0x3600                	// #13824
    400038b8:	f100003f 	cmp	x1, #0x0
    400038bc:	f2a02dc2 	movk	x2, #0x16e, lsl #16
    400038c0:	9a821021 	csel	x1, x1, x2, ne	// ne = any
    400038c4:	d2807d02 	mov	x2, #0x3e8                 	// #1000
    400038c8:	9ac20821 	udiv	x1, x1, x2
    400038cc:	8b000021 	add	x1, x1, x0
    400038d0:	d51be241 	msr	cntp_cval_el0, x1
    400038d4:	d5033fdf 	isb
    400038d8:	d2800024 	mov	x4, #0x1                   	// #1
    400038dc:	d51be224 	msr	cntp_ctl_el0, x4
    400038e0:	d5033fdf 	isb
    400038e4:	2a1303e3 	mov	w3, w19
    400038e8:	90000000 	adrp	x0, 40003000 <kernel_main+0x41c>
    400038ec:	d2800b02 	mov	x2, #0x58                  	// #88
    400038f0:	f9449801 	ldr	x1, [x0, #2352]
    400038f4:	9b027c62 	mul	x2, x3, x2
    400038f8:	8b020020 	add	x0, x1, x2
    400038fc:	b8226833 	str	w19, [x1, x2]
    40003900:	910b2021 	add	x1, x1, #0x2c8
    40003904:	f900041f 	str	xzr, [x0, #8]
    40003908:	52800042 	mov	w2, #0x2                   	// #2
    4000390c:	b9000402 	str	w2, [x0, #4]
    40003910:	b8237824 	str	w4, [x1, x3, lsl #2]
    40003914:	a9027c1f 	stp	xzr, xzr, [x0, #32]
    40003918:	d5033fbf 	dmb	sy
    4000391c:	d50342ff 	msr	daifclr, #0x2
    40003920:	d503205f 	wfe
    40003924:	17ffffff 	b	40003920 <smp_secondary_entry+0xb0>
    40003928:	d65f03c0 	ret
    4000392c:	d503201f 	nop
    40003930:	40006100 	.word	0x40006100
    40003934:	00000000 	.word	0x00000000

0000000040003938 <idle_task_entry>:
    40003938:	d503205f 	wfe
    4000393c:	17ffffff 	b	40003938 <idle_task_entry>

0000000040003940 <stack_alloc_by_scheduler>:
    40003940:	90000001 	adrp	x1, 40003000 <kernel_main+0x41c>
    40003944:	f944cc23 	ldr	x3, [x1, #2456]
    40003948:	90000001 	adrp	x1, 40003000 <kernel_main+0x41c>
    4000394c:	f944d021 	ldr	x1, [x1, #2464]
    40003950:	f9400022 	ldr	x2, [x1]
    40003954:	b50000a2 	cbnz	x2, 40003968 <stack_alloc_by_scheduler+0x28>
    40003958:	90000002 	adrp	x2, 40003000 <kernel_main+0x41c>
    4000395c:	f944d442 	ldr	x2, [x2, #2472]
    40003960:	f9000022 	str	x2, [x1]
    40003964:	d5033fbf 	dmb	sy
    40003968:	f9400022 	ldr	x2, [x1]
    4000396c:	91003c42 	add	x2, x2, #0xf
    40003970:	8b204040 	add	x0, x2, w0, uxtw
    40003974:	927cec00 	and	x0, x0, #0xfffffffffffffff0
    40003978:	eb00007f 	cmp	x3, x0
    4000397c:	540000a3 	b.cc	40003990 <stack_alloc_by_scheduler+0x50>  // b.lo, b.ul, b.last
    40003980:	f9000020 	str	x0, [x1]
    40003984:	d5033fbf 	dmb	sy
    40003988:	f9400020 	ldr	x0, [x1]
    4000398c:	d65f03c0 	ret
    40003990:	d2800000 	mov	x0, #0x0                   	// #0
    40003994:	17fffffe 	b	4000398c <stack_alloc_by_scheduler+0x4c>
    40003998:	4022d000 	.word	0x4022d000
    4000399c:	00000000 	.word	0x00000000
    400039a0:	400063f8 	.word	0x400063f8
    400039a4:	00000000 	.word	0x00000000
    400039a8:	4002d000 	.word	0x4002d000
    400039ac:	00000000 	.word	0x00000000

00000000400039b0 <scheduler_init>:
    400039b0:	a9bb7bfd 	stp	x29, x30, [sp, #-80]!
    400039b4:	90000000 	adrp	x0, 40003000 <kernel_main+0x41c>
    400039b8:	910003fd 	mov	x29, sp
    400039bc:	a90153f3 	stp	x19, x20, [sp, #16]
    400039c0:	f9458013 	ldr	x19, [x0, #2816]
    400039c4:	a9025bf5 	stp	x21, x22, [sp, #32]
    400039c8:	91405a75 	add	x21, x19, #0x16, lsl #12
    400039cc:	a90363f7 	stp	x23, x24, [sp, #48]
    400039d0:	a9046bf9 	stp	x25, x26, [sp, #64]
    400039d4:	396702a0 	ldrb	w0, [x21, #2496]
    400039d8:	37000800 	tbnz	w0, #0, 40003ad8 <scheduler_init+0x128>
    400039dc:	aa1303f4 	mov	x20, x19
    400039e0:	aa1303e0 	mov	x0, x19
    400039e4:	d2800003 	mov	x3, #0x0                   	// #0
    400039e8:	d2820704 	mov	x4, #0x1038                	// #4152
    400039ec:	d2903805 	mov	x5, #0x81c0                	// #33216
    400039f0:	91008002 	add	x2, x0, #0x20
    400039f4:	52802001 	mov	w1, #0x100                 	// #256
    400039f8:	a9007c1f 	stp	xzr, xzr, [x0]
    400039fc:	a9017c1f 	stp	xzr, xzr, [x0, #16]
    40003a00:	71000421 	subs	w1, w1, #0x1
    40003a04:	a9000842 	stp	x2, x2, [x2]
    40003a08:	91004042 	add	x2, x2, #0x10
    40003a0c:	54ffffa1 	b.ne	40003a00 <scheduler_init+0x50>  // b.any
    40003a10:	8b040063 	add	x3, x3, x4
    40003a14:	b910201f 	str	wzr, [x0, #4128]
    40003a18:	b910241f 	str	wzr, [x0, #4132]
    40003a1c:	f908141f 	str	xzr, [x0, #4136]
    40003a20:	f908181f 	str	xzr, [x0, #4144]
    40003a24:	8b040000 	add	x0, x0, x4
    40003a28:	eb05007f 	cmp	x3, x5
    40003a2c:	54fffe21 	b.ne	400039f0 <scheduler_init+0x40>  // b.any
    40003a30:	90000000 	adrp	x0, 40003000 <kernel_main+0x41c>
    40003a34:	f9458400 	ldr	x0, [x0, #2824]
    40003a38:	91004002 	add	x2, x0, #0x10
    40003a3c:	29397c01 	stp	w1, wzr, [x0, #-56]
    40003a40:	11000421 	add	w1, w1, #0x1
    40003a44:	a93d7c1f 	stp	xzr, xzr, [x0, #-48]
    40003a48:	f81e001f 	stur	xzr, [x0, #-32]
    40003a4c:	b81e801f 	stur	wzr, [x0, #-24]
    40003a50:	381ec01f 	sturb	wzr, [x0, #-20]
    40003a54:	293e7c1f 	stp	wzr, wzr, [x0, #-16]
    40003a58:	b81f801f 	stur	wzr, [x0, #-8]
    40003a5c:	a9000000 	stp	x0, x0, [x0]
    40003a60:	a9010802 	stp	x2, x2, [x0, #16]
    40003a64:	9103a000 	add	x0, x0, #0xe8
    40003a68:	f813801f 	stur	xzr, [x0, #-200]
    40003a6c:	3814001f 	sturb	wzr, [x0, #-192]
    40003a70:	7104003f 	cmp	w1, #0x100
    40003a74:	54fffe21 	b.ne	40003a38 <scheduler_init+0x88>  // b.any
    40003a78:	d2903816 	mov	x22, #0x81c0                	// #33216
    40003a7c:	8b160277 	add	x23, x19, x22
    40003a80:	90000019 	adrp	x25, 40003000 <kernel_main+0x41c>
    40003a84:	9000001a 	adrp	x26, 40003000 <kernel_main+0x41c>
    40003a88:	52801d18 	mov	w24, #0xe8                  	// #232
    40003a8c:	f9458b21 	ldr	x1, [x25, #2832]
    40003a90:	52840005 	mov	w5, #0x2000                	// #8192
    40003a94:	f9458f40 	ldr	x0, [x26, #2840]
    40003a98:	52800004 	mov	w4, #0x0                   	// #0
    40003a9c:	52800003 	mov	w3, #0x0                   	// #0
    40003aa0:	d2800002 	mov	x2, #0x0                   	// #0
    40003aa4:	940000f9 	bl	40003e88 <kthread_create>
    40003aa8:	3100041f 	cmn	w0, #0x1
    40003aac:	54000240 	b.eq	40003af4 <scheduler_init+0x144>  // b.none
    40003ab0:	9bb85800 	umaddl	x0, w0, w24, x22
    40003ab4:	8b000260 	add	x0, x19, x0
    40003ab8:	f9081a80 	str	x0, [x20, #4144]
    40003abc:	d2820700 	mov	x0, #0x1038                	// #4152
    40003ac0:	8b000294 	add	x20, x20, x0
    40003ac4:	eb17029f 	cmp	x20, x23
    40003ac8:	54fffe21 	b.ne	40003a8c <scheduler_init+0xdc>  // b.any
    40003acc:	d5033fbf 	dmb	sy
    40003ad0:	52800020 	mov	w0, #0x1                   	// #1
    40003ad4:	392702a0 	strb	w0, [x21, #2496]
    40003ad8:	52800000 	mov	w0, #0x0                   	// #0
    40003adc:	a94153f3 	ldp	x19, x20, [sp, #16]
    40003ae0:	a9425bf5 	ldp	x21, x22, [sp, #32]
    40003ae4:	a94363f7 	ldp	x23, x24, [sp, #48]
    40003ae8:	a9446bf9 	ldp	x25, x26, [sp, #64]
    40003aec:	a8c57bfd 	ldp	x29, x30, [sp], #80
    40003af0:	d65f03c0 	ret
    40003af4:	12800160 	mov	w0, #0xfffffff4            	// #-12
    40003af8:	17fffff9 	b	40003adc <scheduler_init+0x12c>
    40003afc:	d503201f 	nop
    40003b00:	40006400 	.word	0x40006400
    40003b04:	00000000 	.word	0x00000000
    40003b08:	4000e670 	.word	0x4000e670
    40003b0c:	00000000 	.word	0x00000000
    40003b10:	40003938 	.word	0x40003938
    40003b14:	00000000 	.word	0x00000000
    40003b18:	4000571b 	.word	0x4000571b
    40003b1c:	00000000 	.word	0x00000000

0000000040003b20 <scheduler_enqueue>:
    40003b20:	b40004a0 	cbz	x0, 40003bb4 <scheduler_enqueue+0x94>
    40003b24:	d53800a3 	mrs	x3, mpidr_el1
    40003b28:	39427001 	ldrb	w1, [x0, #156]
    40003b2c:	12001c66 	and	w6, w3, #0xff
    40003b30:	92401c63 	and	x3, x3, #0xff
    40003b34:	90000002 	adrp	x2, 40003000 <kernel_main+0x41c>
    40003b38:	d28040e5 	mov	x5, #0x207                 	// #519
    40003b3c:	9102c000 	add	x0, x0, #0xb0
    40003b40:	d3461c24 	ubfx	x4, x1, #6, #2
    40003b44:	f945dc42 	ldr	x2, [x2, #3000]
    40003b48:	9b051065 	madd	x5, x3, x5, x4
    40003b4c:	d2800024 	mov	x4, #0x1                   	// #1
    40003b50:	9ac12084 	lsl	x4, x4, x1
    40003b54:	f8657847 	ldr	x7, [x2, x5, lsl #3]
    40003b58:	aa070084 	orr	x4, x4, x7
    40003b5c:	f8257844 	str	x4, [x2, x5, lsl #3]
    40003b60:	52820705 	mov	w5, #0x1038                	// #4152
    40003b64:	11000824 	add	w4, w1, #0x2
    40003b68:	d37c1c21 	ubfiz	x1, x1, #4, #8
    40003b6c:	9ba57cc5 	umull	x5, w6, w5
    40003b70:	91008021 	add	x1, x1, #0x20
    40003b74:	8b24d0a4 	add	x4, x5, w4, sxtw #4
    40003b78:	8b020084 	add	x4, x4, x2
    40003b7c:	f9000004 	str	x4, [x0]
    40003b80:	d2820704 	mov	x4, #0x1038                	// #4152
    40003b84:	9b047c63 	mul	x3, x3, x4
    40003b88:	8b030021 	add	x1, x1, x3
    40003b8c:	8b010041 	add	x1, x2, x1
    40003b90:	8b030042 	add	x2, x2, x3
    40003b94:	f9400424 	ldr	x4, [x1, #8]
    40003b98:	f9000404 	str	x4, [x0, #8]
    40003b9c:	f9000080 	str	x0, [x4]
    40003ba0:	f9000420 	str	x0, [x1, #8]
    40003ba4:	b9502440 	ldr	w0, [x2, #4132]
    40003ba8:	11000400 	add	w0, w0, #0x1
    40003bac:	b9102440 	str	w0, [x2, #4132]
    40003bb0:	d5033fbf 	dmb	sy
    40003bb4:	d65f03c0 	ret
    40003bb8:	40006400 	.word	0x40006400
    40003bbc:	00000000 	.word	0x00000000

0000000040003bc0 <scheduler_dequeue>:
    40003bc0:	b4000500 	cbz	x0, 40003c60 <scheduler_dequeue+0xa0>
    40003bc4:	d53800a1 	mrs	x1, mpidr_el1
    40003bc8:	aa0003e2 	mov	x2, x0
    40003bcc:	d2820706 	mov	x6, #0x1038                	// #4152
    40003bd0:	f9405c04 	ldr	x4, [x0, #184]
    40003bd4:	12001c25 	and	w5, w1, #0xff
    40003bd8:	f84b0c43 	ldr	x3, [x2, #176]!
    40003bdc:	f9000083 	str	x3, [x4]
    40003be0:	9ba67ca5 	umull	x5, w5, w6
    40003be4:	f9000464 	str	x4, [x3, #8]
    40003be8:	a90b0802 	stp	x2, x2, [x0, #176]
    40003bec:	90000002 	adrp	x2, 40003000 <kernel_main+0x41c>
    40003bf0:	39427004 	ldrb	w4, [x0, #156]
    40003bf4:	39427003 	ldrb	w3, [x0, #156]
    40003bf8:	92401c20 	and	x0, x1, #0xff
    40003bfc:	f9463442 	ldr	x2, [x2, #3176]
    40003c00:	91000863 	add	x3, x3, #0x2
    40003c04:	9b067c01 	mul	x1, x0, x6
    40003c08:	8b031023 	add	x3, x1, x3, lsl #4
    40003c0c:	11000881 	add	w1, w4, #0x2
    40003c10:	8b21d0a1 	add	x1, x5, w1, sxtw #4
    40003c14:	f8636843 	ldr	x3, [x2, x3]
    40003c18:	8b020021 	add	x1, x1, x2
    40003c1c:	eb01007f 	cmp	x3, x1
    40003c20:	54000121 	b.ne	40003c44 <scheduler_dequeue+0x84>  // b.any
    40003c24:	d3461c81 	ubfx	x1, x4, #6, #2
    40003c28:	d28040e3 	mov	x3, #0x207                 	// #519
    40003c2c:	9b030403 	madd	x3, x0, x3, x1
    40003c30:	d2800021 	mov	x1, #0x1                   	// #1
    40003c34:	9ac42021 	lsl	x1, x1, x4
    40003c38:	f8637844 	ldr	x4, [x2, x3, lsl #3]
    40003c3c:	8a210081 	bic	x1, x4, x1
    40003c40:	f8237841 	str	x1, [x2, x3, lsl #3]
    40003c44:	d2820701 	mov	x1, #0x1038                	// #4152
    40003c48:	9b010800 	madd	x0, x0, x1, x2
    40003c4c:	b9502401 	ldr	w1, [x0, #4132]
    40003c50:	34000061 	cbz	w1, 40003c5c <scheduler_dequeue+0x9c>
    40003c54:	51000421 	sub	w1, w1, #0x1
    40003c58:	b9102401 	str	w1, [x0, #4132]
    40003c5c:	d5033fbf 	dmb	sy
    40003c60:	d65f03c0 	ret
    40003c64:	d503201f 	nop
    40003c68:	40006400 	.word	0x40006400
    40003c6c:	00000000 	.word	0x00000000

0000000040003c70 <scheduler_pick_next>:
    40003c70:	d53800a1 	mrs	x1, mpidr_el1
    40003c74:	92401c21 	and	x1, x1, #0xff
    40003c78:	d28040e4 	mov	x4, #0x207                 	// #519
    40003c7c:	52800080 	mov	w0, #0x4                   	// #4
    40003c80:	90000005 	adrp	x5, 40003000 <kernel_main+0x41c>
    40003c84:	9b047c24 	mul	x4, x1, x4
    40003c88:	51000400 	sub	w0, w0, #0x1
    40003c8c:	f94670a3 	ldr	x3, [x5, #3296]
    40003c90:	8b204082 	add	x2, x4, w0, uxtw
    40003c94:	f8627862 	ldr	x2, [x3, x2, lsl #3]
    40003c98:	b4000182 	cbz	x2, 40003cc8 <scheduler_pick_next+0x58>
    40003c9c:	531a6400 	lsl	w0, w0, #6
    40003ca0:	dac01042 	clz	x2, x2
    40003ca4:	1100fc00 	add	w0, w0, #0x3f
    40003ca8:	4b020000 	sub	w0, w0, w2
    40003cac:	d2820702 	mov	x2, #0x1038                	// #4152
    40003cb0:	91000800 	add	x0, x0, #0x2
    40003cb4:	9b027c21 	mul	x1, x1, x2
    40003cb8:	8b001020 	add	x0, x1, x0, lsl #4
    40003cbc:	f8606860 	ldr	x0, [x3, x0]
    40003cc0:	d102c000 	sub	x0, x0, #0xb0
    40003cc4:	d65f03c0 	ret
    40003cc8:	35fffe00 	cbnz	w0, 40003c88 <scheduler_pick_next+0x18>
    40003ccc:	d2820700 	mov	x0, #0x1038                	// #4152
    40003cd0:	9b000c21 	madd	x1, x1, x0, x3
    40003cd4:	f9481820 	ldr	x0, [x1, #4144]
    40003cd8:	17fffffb 	b	40003cc4 <scheduler_pick_next+0x54>
    40003cdc:	d503201f 	nop
    40003ce0:	40006400 	.word	0x40006400
    40003ce4:	00000000 	.word	0x00000000

0000000040003ce8 <scheduler_load_current>:
    40003ce8:	b4000160 	cbz	x0, 40003d14 <scheduler_load_current+0x2c>
    40003cec:	d53800a1 	mrs	x1, mpidr_el1
    40003cf0:	90000002 	adrp	x2, 40003000 <kernel_main+0x41c>
    40003cf4:	92401c21 	and	x1, x1, #0xff
    40003cf8:	d2820703 	mov	x3, #0x1038                	// #4152
    40003cfc:	f9468c42 	ldr	x2, [x2, #3352]
    40003d00:	9b030821 	madd	x1, x1, x3, x2
    40003d04:	f9081420 	str	x0, [x1, #4136]
    40003d08:	52800041 	mov	w1, #0x2                   	// #2
    40003d0c:	b9007c01 	str	w1, [x0, #124]
    40003d10:	d5033fbf 	dmb	sy
    40003d14:	d65f03c0 	ret
    40003d18:	40006400 	.word	0x40006400
    40003d1c:	00000000 	.word	0x00000000

0000000040003d20 <schedule>:
    40003d20:	a9bf7bfd 	stp	x29, x30, [sp, #-16]!
    40003d24:	910003fd 	mov	x29, sp
    40003d28:	d53800a0 	mrs	x0, mpidr_el1
    40003d2c:	90000001 	adrp	x1, 40003000 <kernel_main+0x41c>
    40003d30:	92401c00 	and	x0, x0, #0xff
    40003d34:	d2820702 	mov	x2, #0x1038                	// #4152
    40003d38:	f946d421 	ldr	x1, [x1, #3496]
    40003d3c:	9b020400 	madd	x0, x0, x2, x1
    40003d40:	f9481408 	ldr	x8, [x0, #4136]
    40003d44:	97ffffcb 	bl	40003c70 <scheduler_pick_next>
    40003d48:	b40002c0 	cbz	x0, 40003da0 <schedule+0x80>
    40003d4c:	b9407c01 	ldr	w1, [x0, #124]
    40003d50:	aa0003e9 	mov	x9, x0
    40003d54:	7100043f 	cmp	w1, #0x1
    40003d58:	54000041 	b.ne	40003d60 <schedule+0x40>  // b.any
    40003d5c:	97ffff99 	bl	40003bc0 <scheduler_dequeue>
    40003d60:	eb09011f 	cmp	x8, x9
    40003d64:	540001e0 	b.eq	40003da0 <schedule+0x80>  // b.none
    40003d68:	b4000108 	cbz	x8, 40003d88 <schedule+0x68>
    40003d6c:	b9407d00 	ldr	w0, [x8, #124]
    40003d70:	7100081f 	cmp	w0, #0x2
    40003d74:	540000a1 	b.ne	40003d88 <schedule+0x68>  // b.any
    40003d78:	52800020 	mov	w0, #0x1                   	// #1
    40003d7c:	b9007d00 	str	w0, [x8, #124]
    40003d80:	aa0803e0 	mov	x0, x8
    40003d84:	97ffff67 	bl	40003b20 <scheduler_enqueue>
    40003d88:	aa0903e0 	mov	x0, x9
    40003d8c:	97ffffd7 	bl	40003ce8 <scheduler_load_current>
    40003d90:	a8c17bfd 	ldp	x29, x30, [sp], #16
    40003d94:	aa0903e1 	mov	x1, x9
    40003d98:	aa0803e0 	mov	x0, x8
    40003d9c:	17fff899 	b	40002000 <context_switch>
    40003da0:	a8c17bfd 	ldp	x29, x30, [sp], #16
    40003da4:	d65f03c0 	ret
    40003da8:	40006400 	.word	0x40006400
    40003dac:	00000000 	.word	0x00000000

0000000040003db0 <scheduler_tick>:
    40003db0:	d53800a0 	mrs	x0, mpidr_el1
    40003db4:	90000001 	adrp	x1, 40003000 <kernel_main+0x41c>
    40003db8:	92401c00 	and	x0, x0, #0xff
    40003dbc:	d2820702 	mov	x2, #0x1038                	// #4152
    40003dc0:	f9471c21 	ldr	x1, [x1, #3640]
    40003dc4:	9b020400 	madd	x0, x0, x2, x1
    40003dc8:	f9481406 	ldr	x6, [x0, #4136]
    40003dcc:	b4000346 	cbz	x6, 40003e34 <scheduler_tick+0x84>
    40003dd0:	b940a0c0 	ldr	w0, [x6, #160]
    40003dd4:	7100041f 	cmp	w0, #0x1
    40003dd8:	54000121 	b.ne	40003dfc <scheduler_tick+0x4c>  // b.any
    40003ddc:	b940a4c0 	ldr	w0, [x6, #164]
    40003de0:	340000e0 	cbz	w0, 40003dfc <scheduler_tick+0x4c>
    40003de4:	51000400 	sub	w0, w0, #0x1
    40003de8:	b900a4c0 	str	w0, [x6, #164]
    40003dec:	35000080 	cbnz	w0, 40003dfc <scheduler_tick+0x4c>
    40003df0:	b940a8c0 	ldr	w0, [x6, #168]
    40003df4:	b900a4c0 	str	w0, [x6, #164]
    40003df8:	17ffffca 	b	40003d20 <schedule>
    40003dfc:	a9bf7bfd 	stp	x29, x30, [sp, #-16]!
    40003e00:	910003fd 	mov	x29, sp
    40003e04:	97ffff9b 	bl	40003c70 <scheduler_pick_next>
    40003e08:	f100001f 	cmp	x0, #0x0
    40003e0c:	fa4010c4 	ccmp	x6, x0, #0x4, ne	// ne = any
    40003e10:	540000e0 	b.eq	40003e2c <scheduler_tick+0x7c>  // b.none
    40003e14:	39427001 	ldrb	w1, [x0, #156]
    40003e18:	394270c0 	ldrb	w0, [x6, #156]
    40003e1c:	6b00003f 	cmp	w1, w0
    40003e20:	54000069 	b.ls	40003e2c <scheduler_tick+0x7c>  // b.plast
    40003e24:	a8c17bfd 	ldp	x29, x30, [sp], #16
    40003e28:	17fffff4 	b	40003df8 <scheduler_tick+0x48>
    40003e2c:	a8c17bfd 	ldp	x29, x30, [sp], #16
    40003e30:	d65f03c0 	ret
    40003e34:	d65f03c0 	ret
    40003e38:	40006400 	.word	0x40006400
    40003e3c:	00000000 	.word	0x00000000

0000000040003e40 <scheduler_start>:
    40003e40:	a9bf7bfd 	stp	x29, x30, [sp, #-16]!
    40003e44:	910003fd 	mov	x29, sp
    40003e48:	d53800a0 	mrs	x0, mpidr_el1
    40003e4c:	97ffff89 	bl	40003c70 <scheduler_pick_next>
    40003e50:	b5000060 	cbnz	x0, 40003e5c <scheduler_start+0x1c>
    40003e54:	d503205f 	wfe
    40003e58:	17ffffff 	b	40003e54 <scheduler_start+0x14>
    40003e5c:	b9407c01 	ldr	w1, [x0, #124]
    40003e60:	aa0003e7 	mov	x7, x0
    40003e64:	7100043f 	cmp	w1, #0x1
    40003e68:	54000041 	b.ne	40003e70 <scheduler_start+0x30>  // b.any
    40003e6c:	97ffff55 	bl	40003bc0 <scheduler_dequeue>
    40003e70:	aa0703e0 	mov	x0, x7
    40003e74:	97ffff9d 	bl	40003ce8 <scheduler_load_current>
    40003e78:	97fff888 	bl	40002098 <cpu_switch_to_first_task>
    40003e7c:	d503205f 	wfe
    40003e80:	17ffffff 	b	40003e7c <scheduler_start+0x3c>
    40003e84:	00000000 	udf	#0

0000000040003e88 <kthread_create>:
    40003e88:	a9b97bfd 	stp	x29, x30, [sp, #-112]!
    40003e8c:	910003fd 	mov	x29, sp
    40003e90:	a90153f3 	stp	x19, x20, [sp, #16]
    40003e94:	a9025bf5 	stp	x21, x22, [sp, #32]
    40003e98:	a90363f7 	stp	x23, x24, [sp, #48]
    40003e9c:	a9046bf9 	stp	x25, x26, [sp, #64]
    40003ea0:	a90573fb 	stp	x27, x28, [sp, #80]
    40003ea4:	b5000140 	cbnz	x0, 40003ecc <kthread_create+0x44>
    40003ea8:	1280001c 	mov	w28, #0xffffffff            	// #-1
    40003eac:	a94153f3 	ldp	x19, x20, [sp, #16]
    40003eb0:	2a1c03e0 	mov	w0, w28
    40003eb4:	a9425bf5 	ldp	x21, x22, [sp, #32]
    40003eb8:	a94363f7 	ldp	x23, x24, [sp, #48]
    40003ebc:	a9446bf9 	ldp	x25, x26, [sp, #64]
    40003ec0:	a94573fb 	ldp	x27, x28, [sp, #80]
    40003ec4:	a8c77bfd 	ldp	x29, x30, [sp], #112
    40003ec8:	d65f03c0 	ret
    40003ecc:	aa0103f8 	mov	x24, x1
    40003ed0:	b4fffec1 	cbz	x1, 40003ea8 <kthread_create+0x20>
    40003ed4:	714040bf 	cmp	w5, #0x10, lsl #12
    40003ed8:	aa0003f9 	mov	x25, x0
    40003edc:	52a00020 	mov	w0, #0x10000               	// #65536
    40003ee0:	1a8090a5 	csel	w5, w5, w0, ls	// ls = plast
    40003ee4:	714004bf 	cmp	w5, #0x1, lsl #12
    40003ee8:	52820000 	mov	w0, #0x1000                	// #4096
    40003eec:	1a8020a5 	csel	w5, w5, w0, cs	// cs = hs, nlast
    40003ef0:	aa0203fa 	mov	x26, x2
    40003ef4:	11003ca5 	add	w5, w5, #0xf
    40003ef8:	12001c62 	and	w2, w3, #0xff
    40003efc:	2a0403fb 	mov	w27, w4
    40003f00:	121c6cb3 	and	w19, w5, #0xfffffff0
    40003f04:	d2800015 	mov	x21, #0x0                   	// #0
    40003f08:	d2801d01 	mov	x1, #0xe8                  	// #232
    40003f0c:	b0000000 	adrp	x0, 40004000 <kthread_create+0x178>
    40003f10:	9b017eb4 	mul	x20, x21, x1
    40003f14:	f9401403 	ldr	x3, [x0, #40]
    40003f18:	b8746866 	ldr	w6, [x3, x20]
    40003f1c:	340000a6 	cbz	w6, 40003f30 <kthread_create+0xa8>
    40003f20:	910006b5 	add	x21, x21, #0x1
    40003f24:	f10402bf 	cmp	x21, #0x100
    40003f28:	54ffff41 	b.ne	40003f10 <kthread_create+0x88>  // b.any
    40003f2c:	17ffffdf 	b	40003ea8 <kthread_create+0x20>
    40003f30:	d2903800 	mov	x0, #0x81c0                	// #33216
    40003f34:	8b000296 	add	x22, x20, x0
    40003f38:	b0000000 	adrp	x0, 40004000 <kthread_create+0x178>
    40003f3c:	b9006fe2 	str	w2, [sp, #108]
    40003f40:	f9401817 	ldr	x23, [x0, #48]
    40003f44:	2a1303e0 	mov	w0, w19
    40003f48:	97fffe7e 	bl	40003940 <stack_alloc_by_scheduler>
    40003f4c:	aa0003e3 	mov	x3, x0
    40003f50:	b9406fe2 	ldr	w2, [sp, #108]
    40003f54:	8b1702d6 	add	x22, x22, x23
    40003f58:	d2801d01 	mov	x1, #0xe8                  	// #232
    40003f5c:	b4fffa60 	cbz	x0, 40003ea8 <kthread_create+0x20>
    40003f60:	2a1503e5 	mov	w5, w21
    40003f64:	52800020 	mov	w0, #0x1                   	// #1
    40003f68:	7100077f 	cmp	w27, #0x1
    40003f6c:	52800146 	mov	w6, #0xa                   	// #10
    40003f70:	1a8613e6 	csel	w6, wzr, w6, ne	// ne = any
    40003f74:	2a1503fc 	mov	w28, w21
    40003f78:	9b015ca5 	madd	x5, x5, x1, x23
    40003f7c:	d2904e01 	mov	x1, #0x8270                	// #33392
    40003f80:	d2800004 	mov	x4, #0x0                   	// #0
    40003f84:	914020a5 	add	x5, x5, #0x8, lsl #12
    40003f88:	b9023ca0 	str	w0, [x5, #572]
    40003f8c:	cb334060 	sub	x0, x3, w19, uxtw
    40003f90:	f90128a0 	str	x0, [x5, #592]
    40003f94:	8b010280 	add	x0, x20, x1
    40003f98:	8b0002e0 	add	x0, x23, x0
    40003f9c:	390970a2 	strb	w2, [x5, #604]
    40003fa0:	d2905002 	mov	x2, #0x8280                	// #33408
    40003fa4:	b90264a6 	str	w6, [x5, #612]
    40003fa8:	b90268a6 	str	w6, [x5, #616]
    40003fac:	d2905306 	mov	x6, #0x8298                	// #33432
    40003fb0:	f90138a0 	str	x0, [x5, #624]
    40003fb4:	f9013ca0 	str	x0, [x5, #632]
    40003fb8:	8b020280 	add	x0, x20, x2
    40003fbc:	8b060294 	add	x20, x20, x6
    40003fc0:	8b0002e0 	add	x0, x23, x0
    40003fc4:	8b1402f4 	add	x20, x23, x20
    40003fc8:	b90238b5 	str	w21, [x5, #568]
    40003fcc:	f90120b8 	str	x24, [x5, #576]
    40003fd0:	f90124ba 	str	x26, [x5, #584]
    40003fd4:	b90258b3 	str	w19, [x5, #600]
    40003fd8:	b90260bb 	str	w27, [x5, #608]
    40003fdc:	f90140a0 	str	x0, [x5, #640]
    40003fe0:	f90144a0 	str	x0, [x5, #648]
    40003fe4:	f90148bf 	str	xzr, [x5, #656]
    40003fe8:	38646b20 	ldrb	w0, [x25, x4]
    40003fec:	38246a80 	strb	w0, [x20, x4]
    40003ff0:	34000080 	cbz	w0, 40004000 <kthread_create+0x178>
    40003ff4:	91000484 	add	x4, x4, #0x1
    40003ff8:	f1003c9f 	cmp	x4, #0xf
    40003ffc:	54ffff61 	b.ne	40003fe8 <kthread_create+0x160>  // b.any
    40004000:	39003e9f 	strb	wzr, [x20, #15]
    40004004:	aa1a03e2 	mov	x2, x26
    40004008:	aa1803e1 	mov	x1, x24
    4000400c:	aa1603e0 	mov	x0, x22
    40004010:	97fff80d 	bl	40002044 <arch_setup_thread_context>
    40004014:	d5033fbf 	dmb	sy
    40004018:	aa1603e0 	mov	x0, x22
    4000401c:	97fffec1 	bl	40003b20 <scheduler_enqueue>
    40004020:	17ffffa3 	b	40003eac <kthread_create+0x24>
    40004024:	d503201f 	nop
    40004028:	4000e63c 	.word	0x4000e63c
    4000402c:	00000000 	.word	0x00000000
    40004030:	40006400 	.word	0x40006400
    40004034:	00000000 	.word	0x00000000

0000000040004038 <kthread_exit>:
    40004038:	d53800a0 	mrs	x0, mpidr_el1
    4000403c:	90000001 	adrp	x1, 40004000 <kthread_create+0x178>
    40004040:	92401c00 	and	x0, x0, #0xff
    40004044:	d2820702 	mov	x2, #0x1038                	// #4152
    40004048:	f9404021 	ldr	x1, [x1, #128]
    4000404c:	9b020400 	madd	x0, x0, x2, x1
    40004050:	f9481400 	ldr	x0, [x0, #4136]
    40004054:	b5000060 	cbnz	x0, 40004060 <kthread_exit+0x28>
    40004058:	d503205f 	wfe
    4000405c:	17ffffff 	b	40004058 <kthread_exit+0x20>
    40004060:	a9bf7bfd 	stp	x29, x30, [sp, #-16]!
    40004064:	910003fd 	mov	x29, sp
    40004068:	b9007c1f 	str	wzr, [x0, #124]
    4000406c:	d5033fbf 	dmb	sy
    40004070:	97ffff2c 	bl	40003d20 <schedule>
    40004074:	d503205f 	wfe
    40004078:	17ffffff 	b	40004074 <kthread_exit+0x3c>
    4000407c:	d503201f 	nop
    40004080:	40006400 	.word	0x40006400
    40004084:	00000000 	.word	0x00000000

0000000040004088 <kthread_suspend>:
    40004088:	7103fc1f 	cmp	w0, #0xff
    4000408c:	54000348 	b.hi	400040f4 <kthread_suspend+0x6c>  // b.pmore
    40004090:	2a0003e1 	mov	w1, w0
    40004094:	d2903802 	mov	x2, #0x81c0                	// #33216
    40004098:	52801d00 	mov	w0, #0xe8                  	// #232
    4000409c:	a9be7bfd 	stp	x29, x30, [sp, #-32]!
    400040a0:	9ba00820 	umaddl	x0, w1, w0, x2
    400040a4:	90000002 	adrp	x2, 40004000 <kthread_create+0x178>
    400040a8:	910003fd 	mov	x29, sp
    400040ac:	f9408442 	ldr	x2, [x2, #264]
    400040b0:	f9000bf3 	str	x19, [sp, #16]
    400040b4:	2a0103f3 	mov	w19, w1
    400040b8:	d2801d01 	mov	x1, #0xe8                  	// #232
    400040bc:	8b020000 	add	x0, x0, x2
    400040c0:	9b010a73 	madd	x19, x19, x1, x2
    400040c4:	91402273 	add	x19, x19, #0x8, lsl #12
    400040c8:	b9423e61 	ldr	w1, [x19, #572]
    400040cc:	7100043f 	cmp	w1, #0x1
    400040d0:	54000161 	b.ne	400040fc <kthread_suspend+0x74>  // b.any
    400040d4:	97fffebb 	bl	40003bc0 <scheduler_dequeue>
    400040d8:	528000a0 	mov	w0, #0x5                   	// #5
    400040dc:	b9023e60 	str	w0, [x19, #572]
    400040e0:	d5033fbf 	dmb	sy
    400040e4:	52800000 	mov	w0, #0x0                   	// #0
    400040e8:	f9400bf3 	ldr	x19, [sp, #16]
    400040ec:	a8c27bfd 	ldp	x29, x30, [sp], #32
    400040f0:	d65f03c0 	ret
    400040f4:	12800040 	mov	w0, #0xfffffffd            	// #-3
    400040f8:	d65f03c0 	ret
    400040fc:	128002a0 	mov	w0, #0xffffffea            	// #-22
    40004100:	17fffffa 	b	400040e8 <kthread_suspend+0x60>
    40004104:	d503201f 	nop
    40004108:	40006400 	.word	0x40006400
    4000410c:	00000000 	.word	0x00000000

0000000040004110 <kthread_resume>:
    40004110:	2a0003e1 	mov	w1, w0
    40004114:	7103fc3f 	cmp	w1, #0xff
    40004118:	540002c8 	b.hi	40004170 <kthread_resume+0x60>  // b.pmore
    4000411c:	d2903802 	mov	x2, #0x81c0                	// #33216
    40004120:	52801d00 	mov	w0, #0xe8                  	// #232
    40004124:	d2801d03 	mov	x3, #0xe8                  	// #232
    40004128:	9ba00820 	umaddl	x0, w1, w0, x2
    4000412c:	90000002 	adrp	x2, 40004000 <kthread_create+0x178>
    40004130:	f940c042 	ldr	x2, [x2, #384]
    40004134:	8b020000 	add	x0, x0, x2
    40004138:	9b030821 	madd	x1, x1, x3, x2
    4000413c:	91402021 	add	x1, x1, #0x8, lsl #12
    40004140:	b9423c22 	ldr	w2, [x1, #572]
    40004144:	7100145f 	cmp	w2, #0x5
    40004148:	54000181 	b.ne	40004178 <kthread_resume+0x68>  // b.any
    4000414c:	a9bf7bfd 	stp	x29, x30, [sp, #-16]!
    40004150:	52800022 	mov	w2, #0x1                   	// #1
    40004154:	910003fd 	mov	x29, sp
    40004158:	b9023c22 	str	w2, [x1, #572]
    4000415c:	97fffe71 	bl	40003b20 <scheduler_enqueue>
    40004160:	d5033fbf 	dmb	sy
    40004164:	52800000 	mov	w0, #0x0                   	// #0
    40004168:	a8c17bfd 	ldp	x29, x30, [sp], #16
    4000416c:	d65f03c0 	ret
    40004170:	12800040 	mov	w0, #0xfffffffd            	// #-3
    40004174:	d65f03c0 	ret
    40004178:	128002a0 	mov	w0, #0xffffffea            	// #-22
    4000417c:	d65f03c0 	ret
    40004180:	40006400 	.word	0x40006400
    40004184:	00000000 	.word	0x00000000

0000000040004188 <kthread_set_priority>:
    40004188:	7103fc1f 	cmp	w0, #0xff
    4000418c:	540003e8 	b.hi	40004208 <kthread_set_priority+0x80>  // b.pmore
    40004190:	a9bd7bfd 	stp	x29, x30, [sp, #-48]!
    40004194:	d2801d02 	mov	x2, #0xe8                  	// #232
    40004198:	910003fd 	mov	x29, sp
    4000419c:	f90013f5 	str	x21, [sp, #32]
    400041a0:	12001c35 	and	w21, w1, #0xff
    400041a4:	90000001 	adrp	x1, 40004000 <kthread_create+0x178>
    400041a8:	a90153f3 	stp	x19, x20, [sp, #16]
    400041ac:	2a0003f4 	mov	w20, w0
    400041b0:	f9410821 	ldr	x1, [x1, #528]
    400041b4:	9b020694 	madd	x20, x20, x2, x1
    400041b8:	91402294 	add	x20, x20, #0x8, lsl #12
    400041bc:	b9423e83 	ldr	w3, [x20, #572]
    400041c0:	7100047f 	cmp	w3, #0x1
    400041c4:	540001e1 	b.ne	40004200 <kthread_set_priority+0x78>  // b.any
    400041c8:	d2903803 	mov	x3, #0x81c0                	// #33216
    400041cc:	9ba20c00 	umaddl	x0, w0, w2, x3
    400041d0:	8b010013 	add	x19, x0, x1
    400041d4:	aa1303e0 	mov	x0, x19
    400041d8:	97fffe7a 	bl	40003bc0 <scheduler_dequeue>
    400041dc:	aa1303e0 	mov	x0, x19
    400041e0:	39097295 	strb	w21, [x20, #604]
    400041e4:	97fffe4f 	bl	40003b20 <scheduler_enqueue>
    400041e8:	d5033fbf 	dmb	sy
    400041ec:	a94153f3 	ldp	x19, x20, [sp, #16]
    400041f0:	52800000 	mov	w0, #0x0                   	// #0
    400041f4:	f94013f5 	ldr	x21, [sp, #32]
    400041f8:	a8c37bfd 	ldp	x29, x30, [sp], #48
    400041fc:	d65f03c0 	ret
    40004200:	39097295 	strb	w21, [x20, #604]
    40004204:	17fffff9 	b	400041e8 <kthread_set_priority+0x60>
    40004208:	12800040 	mov	w0, #0xfffffffd            	// #-3
    4000420c:	d65f03c0 	ret
    40004210:	40006400 	.word	0x40006400
    40004214:	00000000 	.word	0x00000000

0000000040004218 <kthread_get_current>:
    40004218:	d53800a0 	mrs	x0, mpidr_el1
    4000421c:	f27d101f 	tst	x0, #0xf8
    40004220:	54000101 	b.ne	40004240 <kthread_get_current+0x28>  // b.any
    40004224:	90000001 	adrp	x1, 40004000 <kthread_create+0x178>
    40004228:	92401c00 	and	x0, x0, #0xff
    4000422c:	d2820702 	mov	x2, #0x1038                	// #4152
    40004230:	f9412421 	ldr	x1, [x1, #584]
    40004234:	9b020400 	madd	x0, x0, x2, x1
    40004238:	f9481400 	ldr	x0, [x0, #4136]
    4000423c:	d65f03c0 	ret
    40004240:	d2800000 	mov	x0, #0x0                   	// #0
    40004244:	17fffffe 	b	4000423c <kthread_get_current+0x24>
    40004248:	40006400 	.word	0x40006400
    4000424c:	00000000 	.word	0x00000000

0000000040004250 <timer_set_next_compare>:
    40004250:	d53be021 	mrs	x1, cntpct_el0
    40004254:	90000000 	adrp	x0, 40004000 <kthread_create+0x178>
    40004258:	f9414400 	ldr	x0, [x0, #648]
    4000425c:	f9400000 	ldr	x0, [x0]
    40004260:	b40000e0 	cbz	x0, 4000427c <timer_set_next_compare+0x2c>
    40004264:	d2807d02 	mov	x2, #0x3e8                 	// #1000
    40004268:	9ac20800 	udiv	x0, x0, x2
    4000426c:	8b000020 	add	x0, x1, x0
    40004270:	d51be240 	msr	cntp_cval_el0, x0
    40004274:	d5033fdf 	isb
    40004278:	d65f03c0 	ret
    4000427c:	d2800020 	mov	x0, #0x1                   	// #1
    40004280:	17fffffb 	b	4000426c <timer_set_next_compare+0x1c>
    40004284:	d503201f 	nop
    40004288:	4001cdc8 	.word	0x4001cdc8
    4000428c:	00000000 	.word	0x00000000

0000000040004290 <timer_init>:
    40004290:	a9bf7bfd 	stp	x29, x30, [sp, #-16]!
    40004294:	910003fd 	mov	x29, sp
    40004298:	d53be001 	mrs	x1, cntfrq_el0
    4000429c:	90000000 	adrp	x0, 40004000 <kthread_create+0x178>
    400042a0:	f9417400 	ldr	x0, [x0, #744]
    400042a4:	f9000001 	str	x1, [x0]
    400042a8:	f900041f 	str	xzr, [x0, #8]
    400042ac:	d5033fbf 	dmb	sy
    400042b0:	91004001 	add	x1, x0, #0x10
    400042b4:	91008000 	add	x0, x0, #0x20
    400042b8:	a9000421 	stp	x1, x1, [x1]
    400042bc:	a9000000 	stp	x0, x0, [x0]
    400042c0:	d2800000 	mov	x0, #0x0                   	// #0
    400042c4:	d51be220 	msr	cntp_ctl_el0, x0
    400042c8:	d5033fdf 	isb
    400042cc:	97ffffe1 	bl	40004250 <timer_set_next_compare>
    400042d0:	d2800020 	mov	x0, #0x1                   	// #1
    400042d4:	d51be220 	msr	cntp_ctl_el0, x0
    400042d8:	d5033fdf 	isb
    400042dc:	d5033fbf 	dmb	sy
    400042e0:	a8c17bfd 	ldp	x29, x30, [sp], #16
    400042e4:	d65f03c0 	ret
    400042e8:	4001cdc8 	.word	0x4001cdc8
    400042ec:	00000000 	.word	0x00000000

00000000400042f0 <timer_get_ticks>:
    400042f0:	d50339bf 	dmb	ishld
    400042f4:	90000000 	adrp	x0, 40004000 <kthread_create+0x178>
    400042f8:	f9418400 	ldr	x0, [x0, #776]
    400042fc:	f9400400 	ldr	x0, [x0, #8]
    40004300:	d50339bf 	dmb	ishld
    40004304:	d65f03c0 	ret
    40004308:	4001cdc8 	.word	0x4001cdc8
    4000430c:	00000000 	.word	0x00000000

0000000040004310 <timer_get_ns>:
    40004310:	d53be021 	mrs	x1, cntpct_el0
    40004314:	90000000 	adrp	x0, 40004000 <kthread_create+0x178>
    40004318:	f9419c00 	ldr	x0, [x0, #824]
    4000431c:	f9400000 	ldr	x0, [x0]
    40004320:	b40000a0 	cbz	x0, 40004334 <timer_get_ns+0x24>
    40004324:	d2994002 	mov	x2, #0xca00                	// #51712
    40004328:	f2a77342 	movk	x2, #0x3b9a, lsl #16
    4000432c:	9b027c21 	mul	x1, x1, x2
    40004330:	9ac00820 	udiv	x0, x1, x0
    40004334:	d65f03c0 	ret
    40004338:	4001cdc8 	.word	0x4001cdc8
    4000433c:	00000000 	.word	0x00000000

0000000040004340 <timer_get_us>:
    40004340:	d53be021 	mrs	x1, cntpct_el0
    40004344:	90000000 	adrp	x0, 40004000 <kthread_create+0x178>
    40004348:	f941b400 	ldr	x0, [x0, #872]
    4000434c:	f9400000 	ldr	x0, [x0]
    40004350:	b40000a0 	cbz	x0, 40004364 <timer_get_us+0x24>
    40004354:	d2884802 	mov	x2, #0x4240                	// #16960
    40004358:	f2a001e2 	movk	x2, #0xf, lsl #16
    4000435c:	9b027c21 	mul	x1, x1, x2
    40004360:	9ac00820 	udiv	x0, x1, x0
    40004364:	d65f03c0 	ret
    40004368:	4001cdc8 	.word	0x4001cdc8
    4000436c:	00000000 	.word	0x00000000

0000000040004370 <timer_get_ms>:
    40004370:	d53be021 	mrs	x1, cntpct_el0
    40004374:	90000000 	adrp	x0, 40004000 <kthread_create+0x178>
    40004378:	f941cc00 	ldr	x0, [x0, #920]
    4000437c:	f9400000 	ldr	x0, [x0]
    40004380:	b4000080 	cbz	x0, 40004390 <timer_get_ms+0x20>
    40004384:	d2807d02 	mov	x2, #0x3e8                 	// #1000
    40004388:	9b027c21 	mul	x1, x1, x2
    4000438c:	9ac00820 	udiv	x0, x1, x0
    40004390:	d65f03c0 	ret
    40004394:	d503201f 	nop
    40004398:	4001cdc8 	.word	0x4001cdc8
    4000439c:	00000000 	.word	0x00000000

00000000400043a0 <kthread_sleep_ticks>:
    400043a0:	b4000360 	cbz	x0, 4000440c <kthread_sleep_ticks+0x6c>
    400043a4:	a9be7bfd 	stp	x29, x30, [sp, #-32]!
    400043a8:	910003fd 	mov	x29, sp
    400043ac:	f9000bf3 	str	x19, [sp, #16]
    400043b0:	aa0003f3 	mov	x19, x0
    400043b4:	97ffff99 	bl	40004218 <kthread_get_current>
    400043b8:	b4000240 	cbz	x0, 40004400 <kthread_sleep_ticks+0x60>
    400043bc:	90000001 	adrp	x1, 40004000 <kthread_create+0x178>
    400043c0:	f9420821 	ldr	x1, [x1, #1040]
    400043c4:	91008023 	add	x3, x1, #0x20
    400043c8:	f9400422 	ldr	x2, [x1, #8]
    400043cc:	8b020273 	add	x19, x19, x2
    400043d0:	52800082 	mov	w2, #0x4                   	// #4
    400043d4:	b9007c02 	str	w2, [x0, #124]
    400043d8:	f9401022 	ldr	x2, [x1, #32]
    400043dc:	f9006002 	str	x2, [x0, #192]
    400043e0:	a90ccc03 	stp	x3, x19, [x0, #200]
    400043e4:	91030000 	add	x0, x0, #0xc0
    400043e8:	f9000440 	str	x0, [x2, #8]
    400043ec:	f9001020 	str	x0, [x1, #32]
    400043f0:	d5033fbf 	dmb	sy
    400043f4:	f9400bf3 	ldr	x19, [sp, #16]
    400043f8:	a8c27bfd 	ldp	x29, x30, [sp], #32
    400043fc:	17fffe49 	b	40003d20 <schedule>
    40004400:	f9400bf3 	ldr	x19, [sp, #16]
    40004404:	a8c27bfd 	ldp	x29, x30, [sp], #32
    40004408:	d65f03c0 	ret
    4000440c:	d65f03c0 	ret
    40004410:	4001cdc8 	.word	0x4001cdc8
    40004414:	00000000 	.word	0x00000000

0000000040004418 <kthread_sleep>:
    40004418:	52807d02 	mov	w2, #0x3e8                 	// #1000
    4000441c:	2a0003e1 	mov	w1, w0
    40004420:	a9bf7bfd 	stp	x29, x30, [sp, #-16]!
    40004424:	9ba27c00 	umull	x0, w0, w2
    40004428:	910003fd 	mov	x29, sp
    4000442c:	f10f9c1f 	cmp	x0, #0x3e7
    40004430:	9a9f8420 	csinc	x0, x1, xzr, hi	// hi = pmore
    40004434:	97ffffdb 	bl	400043a0 <kthread_sleep_ticks>
    40004438:	52800000 	mov	w0, #0x0                   	// #0
    4000443c:	a8c17bfd 	ldp	x29, x30, [sp], #16
    40004440:	d65f03c0 	ret

0000000040004444 <timer_wakeup_thread>:
    40004444:	b4000280 	cbz	x0, 40004494 <timer_wakeup_thread+0x50>
    40004448:	b9407c01 	ldr	w1, [x0, #124]
    4000444c:	7100103f 	cmp	w1, #0x4
    40004450:	54000221 	b.ne	40004494 <timer_wakeup_thread+0x50>  // b.any
    40004454:	aa0003e1 	mov	x1, x0
    40004458:	a9bf7bfd 	stp	x29, x30, [sp, #-16]!
    4000445c:	910003fd 	mov	x29, sp
    40004460:	f84c0c22 	ldr	x2, [x1, #192]!
    40004464:	eb01005f 	cmp	x2, x1
    40004468:	540000a0 	b.eq	4000447c <timer_wakeup_thread+0x38>  // b.none
    4000446c:	f9406403 	ldr	x3, [x0, #200]
    40004470:	f9000062 	str	x2, [x3]
    40004474:	f9000443 	str	x3, [x2, #8]
    40004478:	a90c0401 	stp	x1, x1, [x0, #192]
    4000447c:	52800021 	mov	w1, #0x1                   	// #1
    40004480:	b9007c01 	str	w1, [x0, #124]
    40004484:	97fffda7 	bl	40003b20 <scheduler_enqueue>
    40004488:	d5033fbf 	dmb	sy
    4000448c:	a8c17bfd 	ldp	x29, x30, [sp], #16
    40004490:	d65f03c0 	ret
    40004494:	d65f03c0 	ret

0000000040004498 <timer_interrupt_handler>:
    40004498:	a9bb7bfd 	stp	x29, x30, [sp, #-80]!
    4000449c:	910003fd 	mov	x29, sp
    400044a0:	a90153f3 	stp	x19, x20, [sp, #16]
    400044a4:	a9025bf5 	stp	x21, x22, [sp, #32]
    400044a8:	a90363f7 	stp	x23, x24, [sp, #48]
    400044ac:	f90023f9 	str	x25, [sp, #64]
    400044b0:	d53be020 	mrs	x0, cntpct_el0
    400044b4:	9400012d 	bl	40004968 <bench_record_irq_latency>
    400044b8:	90000000 	adrp	x0, 40004000 <kthread_create+0x178>
    400044bc:	f942d815 	ldr	x21, [x0, #1456]
    400044c0:	f94006a0 	ldr	x0, [x21, #8]
    400044c4:	91000400 	add	x0, x0, #0x1
    400044c8:	f90006a0 	str	x0, [x21, #8]
    400044cc:	d5033fbf 	dmb	sy
    400044d0:	910042b6 	add	x22, x21, #0x10
    400044d4:	52800077 	mov	w23, #0x3                   	// #3
    400044d8:	52800058 	mov	w24, #0x2                   	// #2
    400044dc:	52800039 	mov	w25, #0x1                   	// #1
    400044e0:	97ffff5c 	bl	40004250 <timer_set_next_compare>
    400044e4:	f94002d4 	ldr	x20, [x22]
    400044e8:	eb16029f 	cmp	x20, x22
    400044ec:	54000061 	b.ne	400044f8 <timer_interrupt_handler+0x60>  // b.any
    400044f0:	910082b3 	add	x19, x21, #0x20
    400044f4:	14000026 	b	4000458c <timer_interrupt_handler+0xf4>
    400044f8:	f85d8281 	ldur	x1, [x20, #-40]
    400044fc:	d100a293 	sub	x19, x20, #0x28
    40004500:	f94006a0 	ldr	x0, [x21, #8]
    40004504:	eb00003f 	cmp	x1, x0
    40004508:	54ffff48 	b.hi	400044f0 <timer_interrupt_handler+0x58>  // b.pmore
    4000450c:	a9428660 	ldp	x0, x1, [x19, #40]
    40004510:	f9000020 	str	x0, [x1]
    40004514:	f9000401 	str	x1, [x0, #8]
    40004518:	f9400a61 	ldr	x1, [x19, #16]
    4000451c:	b9002277 	str	w23, [x19, #32]
    40004520:	a902d274 	stp	x20, x20, [x19, #40]
    40004524:	b4000061 	cbz	x1, 40004530 <timer_interrupt_handler+0x98>
    40004528:	f9400e60 	ldr	x0, [x19, #24]
    4000452c:	d63f0020 	blr	x1
    40004530:	f9400662 	ldr	x2, [x19, #8]
    40004534:	f94002c1 	ldr	x1, [x22]
    40004538:	b4000122 	cbz	x2, 4000455c <timer_interrupt_handler+0xc4>
    4000453c:	f85d8280 	ldur	x0, [x20, #-40]
    40004540:	8b020000 	add	x0, x0, x2
    40004544:	f81d8280 	stur	x0, [x20, #-40]
    40004548:	b9002279 	str	w25, [x19, #32]
    4000454c:	a902da61 	stp	x1, x22, [x19, #40]
    40004550:	f90002d4 	str	x20, [x22]
    40004554:	f9000434 	str	x20, [x1, #8]
    40004558:	17ffffe3 	b	400044e4 <timer_interrupt_handler+0x4c>
    4000455c:	b9002278 	str	w24, [x19, #32]
    40004560:	17ffffe1 	b	400044e4 <timer_interrupt_handler+0x4c>
    40004564:	f94006a2 	ldr	x2, [x21, #8]
    40004568:	d1030020 	sub	x0, x1, #0xc0
    4000456c:	f9406803 	ldr	x3, [x0, #208]
    40004570:	eb02007f 	cmp	x3, x2
    40004574:	54000128 	b.hi	40004598 <timer_interrupt_handler+0x100>  // b.pmore
    40004578:	a94c0c02 	ldp	x2, x3, [x0, #192]
    4000457c:	f9000062 	str	x2, [x3]
    40004580:	f9000443 	str	x3, [x2, #8]
    40004584:	a90c0401 	stp	x1, x1, [x0, #192]
    40004588:	97ffffaf 	bl	40004444 <timer_wakeup_thread>
    4000458c:	f9400261 	ldr	x1, [x19]
    40004590:	eb13003f 	cmp	x1, x19
    40004594:	54fffe81 	b.ne	40004564 <timer_interrupt_handler+0xcc>  // b.any
    40004598:	a94153f3 	ldp	x19, x20, [sp, #16]
    4000459c:	a9425bf5 	ldp	x21, x22, [sp, #32]
    400045a0:	a94363f7 	ldp	x23, x24, [sp, #48]
    400045a4:	f94023f9 	ldr	x25, [sp, #64]
    400045a8:	a8c57bfd 	ldp	x29, x30, [sp], #80
    400045ac:	17fffe01 	b	40003db0 <scheduler_tick>
    400045b0:	4001cdc8 	.word	0x4001cdc8
    400045b4:	00000000 	.word	0x00000000

00000000400045b8 <timer_init_soft>:
    400045b8:	b40000c0 	cbz	x0, 400045d0 <timer_init_soft+0x18>
    400045bc:	a9007c1f 	stp	xzr, xzr, [x0]
    400045c0:	a9010801 	stp	x1, x2, [x0, #16]
    400045c4:	9100a001 	add	x1, x0, #0x28
    400045c8:	b900201f 	str	wzr, [x0, #32]
    400045cc:	a9028401 	stp	x1, x1, [x0, #40]
    400045d0:	d65f03c0 	ret

00000000400045d4 <timer_start_oneshot>:
    400045d4:	b40002c0 	cbz	x0, 4000462c <timer_start_oneshot+0x58>
    400045d8:	aa0003e2 	mov	x2, x0
    400045dc:	f8428c43 	ldr	x3, [x2, #40]!
    400045e0:	eb02007f 	cmp	x3, x2
    400045e4:	54000080 	b.eq	400045f4 <timer_start_oneshot+0x20>  // b.none
    400045e8:	f9401804 	ldr	x4, [x0, #48]
    400045ec:	f9000083 	str	x3, [x4]
    400045f0:	f9000464 	str	x4, [x3, #8]
    400045f4:	90000003 	adrp	x3, 40004000 <kthread_create+0x178>
    400045f8:	f9431863 	ldr	x3, [x3, #1584]
    400045fc:	f9400464 	ldr	x4, [x3, #8]
    40004600:	8b214081 	add	x1, x4, w1, uxtw
    40004604:	a9007c01 	stp	x1, xzr, [x0]
    40004608:	52800021 	mov	w1, #0x1                   	// #1
    4000460c:	b9002001 	str	w1, [x0, #32]
    40004610:	91004064 	add	x4, x3, #0x10
    40004614:	f9400861 	ldr	x1, [x3, #16]
    40004618:	f9001401 	str	x1, [x0, #40]
    4000461c:	f9001804 	str	x4, [x0, #48]
    40004620:	f9000862 	str	x2, [x3, #16]
    40004624:	f9000422 	str	x2, [x1, #8]
    40004628:	d5033fbf 	dmb	sy
    4000462c:	d65f03c0 	ret
    40004630:	4001cdc8 	.word	0x4001cdc8
    40004634:	00000000 	.word	0x00000000

0000000040004638 <timer_start_periodic>:
    40004638:	b40002e0 	cbz	x0, 40004694 <timer_start_periodic+0x5c>
    4000463c:	aa0003e2 	mov	x2, x0
    40004640:	f8428c43 	ldr	x3, [x2, #40]!
    40004644:	eb02007f 	cmp	x3, x2
    40004648:	54000080 	b.eq	40004658 <timer_start_periodic+0x20>  // b.none
    4000464c:	f9401804 	ldr	x4, [x0, #48]
    40004650:	f9000083 	str	x3, [x4]
    40004654:	f9000464 	str	x4, [x3, #8]
    40004658:	90000003 	adrp	x3, 40004000 <kthread_create+0x178>
    4000465c:	2a0103e4 	mov	w4, w1
    40004660:	f9434c63 	ldr	x3, [x3, #1688]
    40004664:	f9400465 	ldr	x5, [x3, #8]
    40004668:	8b2140a1 	add	x1, x5, w1, uxtw
    4000466c:	a9001001 	stp	x1, x4, [x0]
    40004670:	52800021 	mov	w1, #0x1                   	// #1
    40004674:	b9002001 	str	w1, [x0, #32]
    40004678:	91004064 	add	x4, x3, #0x10
    4000467c:	f9400861 	ldr	x1, [x3, #16]
    40004680:	f9001401 	str	x1, [x0, #40]
    40004684:	f9001804 	str	x4, [x0, #48]
    40004688:	f9000862 	str	x2, [x3, #16]
    4000468c:	f9000422 	str	x2, [x1, #8]
    40004690:	d5033fbf 	dmb	sy
    40004694:	d65f03c0 	ret
    40004698:	4001cdc8 	.word	0x4001cdc8
    4000469c:	00000000 	.word	0x00000000

00000000400046a0 <timer_stop>:
    400046a0:	b4000160 	cbz	x0, 400046cc <timer_stop+0x2c>
    400046a4:	aa0003e1 	mov	x1, x0
    400046a8:	f8428c22 	ldr	x2, [x1, #40]!
    400046ac:	eb01005f 	cmp	x2, x1
    400046b0:	540000a0 	b.eq	400046c4 <timer_stop+0x24>  // b.none
    400046b4:	f9401803 	ldr	x3, [x0, #48]
    400046b8:	f9000062 	str	x2, [x3]
    400046bc:	f9000443 	str	x3, [x2, #8]
    400046c0:	a9028401 	stp	x1, x1, [x0, #40]
    400046c4:	b900201f 	str	wzr, [x0, #32]
    400046c8:	d5033fbf 	dmb	sy
    400046cc:	d65f03c0 	ret

00000000400046d0 <ticket_lock_init>:
    400046d0:	b40000c0 	cbz	x0, 400046e8 <ticket_lock_init+0x18>
    400046d4:	b900001f 	str	wzr, [x0]
    400046d8:	12800001 	mov	w1, #0xffffffff            	// #-1
    400046dc:	b900041f 	str	wzr, [x0, #4]
    400046e0:	29017c01 	stp	w1, wzr, [x0, #8]
    400046e4:	d5033fbf 	dmb	sy
    400046e8:	d65f03c0 	ret

00000000400046ec <ticket_lock_acquire>:
    400046ec:	b4000280 	cbz	x0, 4000473c <ticket_lock_acquire+0x50>
    400046f0:	885f7c01 	ldxr	w1, [x0]
    400046f4:	11000423 	add	w3, w1, #0x1
    400046f8:	88027c03 	stxr	w2, w3, [x0]
    400046fc:	34000062 	cbz	w2, 40004708 <ticket_lock_acquire+0x1c>
    40004700:	d503203f 	yield
    40004704:	17fffffb 	b	400046f0 <ticket_lock_acquire+0x4>
    40004708:	b9400402 	ldr	w2, [x0, #4]
    4000470c:	d50339bf 	dmb	ishld
    40004710:	6b01005f 	cmp	w2, w1
    40004714:	54000060 	b.eq	40004720 <ticket_lock_acquire+0x34>  // b.none
    40004718:	d503205f 	wfe
    4000471c:	17fffffb 	b	40004708 <ticket_lock_acquire+0x1c>
    40004720:	d5033fbf 	dmb	sy
    40004724:	d53800a1 	mrs	x1, mpidr_el1
    40004728:	12001c21 	and	w1, w1, #0xff
    4000472c:	b9000801 	str	w1, [x0, #8]
    40004730:	b9400c01 	ldr	w1, [x0, #12]
    40004734:	11000421 	add	w1, w1, #0x1
    40004738:	b9000c01 	str	w1, [x0, #12]
    4000473c:	d65f03c0 	ret

0000000040004740 <ticket_lock_release>:
    40004740:	b4000180 	cbz	x0, 40004770 <ticket_lock_release+0x30>
    40004744:	b9400c01 	ldr	w1, [x0, #12]
    40004748:	51000421 	sub	w1, w1, #0x1
    4000474c:	b9000c01 	str	w1, [x0, #12]
    40004750:	12800001 	mov	w1, #0xffffffff            	// #-1
    40004754:	b9000801 	str	w1, [x0, #8]
    40004758:	d5033fbf 	dmb	sy
    4000475c:	b9400401 	ldr	w1, [x0, #4]
    40004760:	11000421 	add	w1, w1, #0x1
    40004764:	d5033abf 	dmb	ishst
    40004768:	b9000401 	str	w1, [x0, #4]
    4000476c:	d503209f 	sev
    40004770:	d65f03c0 	ret

0000000040004774 <ticket_lock_try_acquire>:
    40004774:	b5000060 	cbnz	x0, 40004780 <ticket_lock_try_acquire+0xc>
    40004778:	52800000 	mov	w0, #0x0                   	// #0
    4000477c:	d65f03c0 	ret
    40004780:	b9400002 	ldr	w2, [x0]
    40004784:	d50339bf 	dmb	ishld
    40004788:	b9400401 	ldr	w1, [x0, #4]
    4000478c:	d50339bf 	dmb	ishld
    40004790:	6b02003f 	cmp	w1, w2
    40004794:	54ffff21 	b.ne	40004778 <ticket_lock_try_acquire+0x4>  // b.any
    40004798:	11000422 	add	w2, w1, #0x1
    4000479c:	885f7c03 	ldxr	w3, [x0]
    400047a0:	6b01007f 	cmp	w3, w1
    400047a4:	54000061 	b.ne	400047b0 <ticket_lock_try_acquire+0x3c>  // b.any
    400047a8:	88047c02 	stxr	w4, w2, [x0]
    400047ac:	35ffff84 	cbnz	w4, 4000479c <ticket_lock_try_acquire+0x28>
    400047b0:	6b03003f 	cmp	w1, w3
    400047b4:	54fffe21 	b.ne	40004778 <ticket_lock_try_acquire+0x4>  // b.any
    400047b8:	d5033fbf 	dmb	sy
    400047bc:	d53800a1 	mrs	x1, mpidr_el1
    400047c0:	12001c21 	and	w1, w1, #0xff
    400047c4:	b9000801 	str	w1, [x0, #8]
    400047c8:	b9400c01 	ldr	w1, [x0, #12]
    400047cc:	11000421 	add	w1, w1, #0x1
    400047d0:	b9000c01 	str	w1, [x0, #12]
    400047d4:	52800020 	mov	w0, #0x1                   	// #1
    400047d8:	17ffffe9 	b	4000477c <ticket_lock_try_acquire+0x8>

00000000400047dc <ticket_lock_is_held>:
    400047dc:	b40000c0 	cbz	x0, 400047f4 <ticket_lock_is_held+0x18>
    400047e0:	b9400001 	ldr	w1, [x0]
    400047e4:	b9400400 	ldr	w0, [x0, #4]
    400047e8:	6b00003f 	cmp	w1, w0
    400047ec:	1a9f07e0 	cset	w0, ne	// ne = any
    400047f0:	d65f03c0 	ret
    400047f4:	52800000 	mov	w0, #0x0                   	// #0
    400047f8:	17fffffe 	b	400047f0 <ticket_lock_is_held+0x14>

00000000400047fc <ticket_lock_acquire_irqsave>:
    400047fc:	a9bf7bfd 	stp	x29, x30, [sp, #-16]!
    40004800:	910003fd 	mov	x29, sp
    40004804:	d53b4224 	mrs	x4, daif
    40004808:	d50342df 	msr	daifset, #0x2
    4000480c:	97ffffb8 	bl	400046ec <ticket_lock_acquire>
    40004810:	53093080 	ubfx	w0, w4, #9, #4
    40004814:	a8c17bfd 	ldp	x29, x30, [sp], #16
    40004818:	d65f03c0 	ret

000000004000481c <ticket_lock_release_irqrestore>:
    4000481c:	a9bf7bfd 	stp	x29, x30, [sp, #-16]!
    40004820:	2a0103e2 	mov	w2, w1
    40004824:	910003fd 	mov	x29, sp
    40004828:	97ffffc6 	bl	40004740 <ticket_lock_release>
    4000482c:	d53b4220 	mrs	x0, daif
    40004830:	9273ec00 	and	x0, x0, #0xffffffffffffe1ff
    40004834:	d3777c42 	ubfiz	x2, x2, #9, #32
    40004838:	aa000042 	orr	x2, x2, x0
    4000483c:	d51b4222 	msr	daif, x2
    40004840:	d5033fdf 	isb
    40004844:	a8c17bfd 	ldp	x29, x30, [sp], #16
    40004848:	d65f03c0 	ret
    4000484c:	00000000 	udf	#0

0000000040004850 <bench_thread_y>:
    40004850:	a9be7bfd 	stp	x29, x30, [sp, #-32]!
    40004854:	910003fd 	mov	x29, sp
    40004858:	f9000bf3 	str	x19, [sp, #16]
    4000485c:	90000013 	adrp	x19, 40004000 <kthread_create+0x178>
    40004860:	f9444260 	ldr	x0, [x19, #2176]
    40004864:	b9400000 	ldr	w0, [x0]
    40004868:	34000080 	cbz	w0, 40004878 <bench_thread_y+0x28>
    4000486c:	f9400bf3 	ldr	x19, [sp, #16]
    40004870:	a8c27bfd 	ldp	x29, x30, [sp], #32
    40004874:	d65f03c0 	ret
    40004878:	97fffd2a 	bl	40003d20 <schedule>
    4000487c:	17fffff9 	b	40004860 <bench_thread_y+0x10>
    40004880:	4001cdf8 	.word	0x4001cdf8
    40004884:	00000000 	.word	0x00000000

0000000040004888 <bench_thread_x>:
    40004888:	a9bd7bfd 	stp	x29, x30, [sp, #-48]!
    4000488c:	910003fd 	mov	x29, sp
    40004890:	a90153f3 	stp	x19, x20, [sp, #16]
    40004894:	90000014 	adrp	x20, 40004000 <kthread_create+0x178>
    40004898:	f90013f5 	str	x21, [sp, #32]
    4000489c:	f9447693 	ldr	x19, [x20, #2280]
    400048a0:	b9400260 	ldr	w0, [x19]
    400048a4:	340000a0 	cbz	w0, 400048b8 <bench_thread_x+0x30>
    400048a8:	a94153f3 	ldp	x19, x20, [sp, #16]
    400048ac:	f94013f5 	ldr	x21, [sp, #32]
    400048b0:	a8c37bfd 	ldp	x29, x30, [sp], #48
    400048b4:	d65f03c0 	ret
    400048b8:	d53be035 	mrs	x21, cntpct_el0
    400048bc:	97fffd19 	bl	40003d20 <schedule>
    400048c0:	d53be021 	mrs	x1, cntpct_el0
    400048c4:	f9400660 	ldr	x0, [x19, #8]
    400048c8:	8b010000 	add	x0, x0, x1
    400048cc:	cb150000 	sub	x0, x0, x21
    400048d0:	f9000660 	str	x0, [x19, #8]
    400048d4:	b9401260 	ldr	w0, [x19, #16]
    400048d8:	11000400 	add	w0, w0, #0x1
    400048dc:	b9001260 	str	w0, [x19, #16]
    400048e0:	17ffffef 	b	4000489c <bench_thread_x+0x14>
    400048e4:	d503201f 	nop
    400048e8:	4001cdf8 	.word	0x4001cdf8
    400048ec:	00000000 	.word	0x00000000

00000000400048f0 <bench_print_uint>:
    400048f0:	b50001c0 	cbnz	x0, 40004928 <bench_print_uint+0x38>
    400048f4:	52800601 	mov	w1, #0x30                  	// #48
    400048f8:	d2a12000 	mov	x0, #0x9000000             	// #150994944
    400048fc:	17fff602 	b	40002104 <hal_uart_putc>
    40004900:	9b017e73 	mul	x19, x19, x1
    40004904:	9ad30a80 	udiv	x0, x20, x19
    40004908:	f100241f 	cmp	x0, #0x9
    4000490c:	54ffffa8 	b.hi	40004900 <bench_print_uint+0x10>  // b.pmore
    40004910:	d2800155 	mov	x21, #0xa                   	// #10
    40004914:	b50001b3 	cbnz	x19, 40004948 <bench_print_uint+0x58>
    40004918:	a94153f3 	ldp	x19, x20, [sp, #16]
    4000491c:	f94013f5 	ldr	x21, [sp, #32]
    40004920:	a8c37bfd 	ldp	x29, x30, [sp], #48
    40004924:	d65f03c0 	ret
    40004928:	a9bd7bfd 	stp	x29, x30, [sp, #-48]!
    4000492c:	d2800141 	mov	x1, #0xa                   	// #10
    40004930:	910003fd 	mov	x29, sp
    40004934:	a90153f3 	stp	x19, x20, [sp, #16]
    40004938:	aa0003f4 	mov	x20, x0
    4000493c:	d2800033 	mov	x19, #0x1                   	// #1
    40004940:	f90013f5 	str	x21, [sp, #32]
    40004944:	17fffff0 	b	40004904 <bench_print_uint+0x14>
    40004948:	9ad30a80 	udiv	x0, x20, x19
    4000494c:	9ad50801 	udiv	x1, x0, x21
    40004950:	9b158021 	msub	x1, x1, x21, x0
    40004954:	d2a12000 	mov	x0, #0x9000000             	// #150994944
    40004958:	1100c021 	add	w1, w1, #0x30
    4000495c:	97fff5ea 	bl	40002104 <hal_uart_putc>
    40004960:	9ad50a73 	udiv	x19, x19, x21
    40004964:	17ffffec 	b	40004914 <bench_print_uint+0x24>

0000000040004968 <bench_record_irq_latency>:
    40004968:	90000001 	adrp	x1, 40004000 <kthread_create+0x178>
    4000496c:	f944d021 	ldr	x1, [x1, #2464]
    40004970:	f9400c22 	ldr	x2, [x1, #24]
    40004974:	b4000142 	cbz	x2, 4000499c <bench_record_irq_latency+0x34>
    40004978:	f9400c23 	ldr	x3, [x1, #24]
    4000497c:	f9401022 	ldr	x2, [x1, #32]
    40004980:	cb030042 	sub	x2, x2, x3
    40004984:	8b000040 	add	x0, x2, x0
    40004988:	f9001020 	str	x0, [x1, #32]
    4000498c:	b9402820 	ldr	w0, [x1, #40]
    40004990:	11000400 	add	w0, w0, #0x1
    40004994:	b9002820 	str	w0, [x1, #40]
    40004998:	f9000c3f 	str	xzr, [x1, #24]
    4000499c:	d65f03c0 	ret
    400049a0:	4001cdf8 	.word	0x4001cdf8
    400049a4:	00000000 	.word	0x00000000

00000000400049a8 <benchmark_run>:
    400049a8:	a9bd7bfd 	stp	x29, x30, [sp, #-48]!
    400049ac:	90000000 	adrp	x0, 40004000 <kthread_create+0x178>
    400049b0:	910003fd 	mov	x29, sp
    400049b4:	f9460001 	ldr	x1, [x0, #3072]
    400049b8:	d2a12000 	mov	x0, #0x9000000             	// #150994944
    400049bc:	a90153f3 	stp	x19, x20, [sp, #16]
    400049c0:	a9025bf5 	stp	x21, x22, [sp, #32]
    400049c4:	97fff5d5 	bl	40002118 <hal_uart_puts>
    400049c8:	d53be014 	mrs	x20, cntfrq_el0
    400049cc:	90000000 	adrp	x0, 40004000 <kthread_create+0x178>
    400049d0:	f9460401 	ldr	x1, [x0, #3080]
    400049d4:	d2a12000 	mov	x0, #0x9000000             	// #150994944
    400049d8:	97fff5d0 	bl	40002118 <hal_uart_puts>
    400049dc:	d2884800 	mov	x0, #0x4240                	// #16960
    400049e0:	f2a001e0 	movk	x0, #0xf, lsl #16
    400049e4:	9ac00a80 	udiv	x0, x20, x0
    400049e8:	97ffffc2 	bl	400048f0 <bench_print_uint>
    400049ec:	90000000 	adrp	x0, 40004000 <kthread_create+0x178>
    400049f0:	f9460801 	ldr	x1, [x0, #3088]
    400049f4:	d2a12000 	mov	x0, #0x9000000             	// #150994944
    400049f8:	97fff5c8 	bl	40002118 <hal_uart_puts>
    400049fc:	b4000f14 	cbz	x20, 40004bdc <benchmark_run+0x234>
    40004a00:	d2994015 	mov	x21, #0xca00                	// #51712
    40004a04:	f2a77355 	movk	x21, #0x3b9a, lsl #16
    40004a08:	9ad40ab5 	udiv	x21, x21, x20
    40004a0c:	d53be020 	mrs	x0, cntpct_el0
    40004a10:	d53be033 	mrs	x19, cntpct_el0
    40004a14:	cb000273 	sub	x19, x19, x0
    40004a18:	90000000 	adrp	x0, 40004000 <kthread_create+0x178>
    40004a1c:	f9460c01 	ldr	x1, [x0, #3096]
    40004a20:	d2a12000 	mov	x0, #0x9000000             	// #150994944
    40004a24:	97fff5bd 	bl	40002118 <hal_uart_puts>
    40004a28:	9b137ea0 	mul	x0, x21, x19
    40004a2c:	97ffffb1 	bl	400048f0 <bench_print_uint>
    40004a30:	90000000 	adrp	x0, 40004000 <kthread_create+0x178>
    40004a34:	f9461001 	ldr	x1, [x0, #3104]
    40004a38:	d2a12000 	mov	x0, #0x9000000             	// #150994944
    40004a3c:	97fff5b7 	bl	40002118 <hal_uart_puts>
    40004a40:	90000000 	adrp	x0, 40004000 <kthread_create+0x178>
    40004a44:	f9461413 	ldr	x19, [x0, #3112]
    40004a48:	f9400e76 	ldr	x22, [x19, #24]
    40004a4c:	f900127f 	str	xzr, [x19, #32]
    40004a50:	b9002a7f 	str	wzr, [x19, #40]
    40004a54:	d53be020 	mrs	x0, cntpct_el0
    40004a58:	d2800c81 	mov	x1, #0x64                  	// #100
    40004a5c:	f9000e60 	str	x0, [x19, #24]
    40004a60:	9ac10a94 	udiv	x20, x20, x1
    40004a64:	8b000294 	add	x20, x20, x0
    40004a68:	d51be254 	msr	cntp_cval_el0, x20
    40004a6c:	d5033fdf 	isb
    40004a70:	52800040 	mov	w0, #0x2                   	// #2
    40004a74:	97fffe69 	bl	40004418 <kthread_sleep>
    40004a78:	b9402a60 	ldr	w0, [x19, #40]
    40004a7c:	34000b40 	cbz	w0, 40004be4 <benchmark_run+0x23c>
    40004a80:	f9401274 	ldr	x20, [x19, #32]
    40004a84:	b9402a60 	ldr	w0, [x19, #40]
    40004a88:	2a0003e0 	mov	w0, w0
    40004a8c:	9ac00a94 	udiv	x20, x20, x0
    40004a90:	90000000 	adrp	x0, 40004000 <kthread_create+0x178>
    40004a94:	f9461801 	ldr	x1, [x0, #3120]
    40004a98:	d2a12000 	mov	x0, #0x9000000             	// #150994944
    40004a9c:	97fff59f 	bl	40002118 <hal_uart_puts>
    40004aa0:	9b147ea0 	mul	x0, x21, x20
    40004aa4:	97ffff93 	bl	400048f0 <bench_print_uint>
    40004aa8:	90000000 	adrp	x0, 40004000 <kthread_create+0x178>
    40004aac:	f9461c01 	ldr	x1, [x0, #3128]
    40004ab0:	d2a12000 	mov	x0, #0x9000000             	// #150994944
    40004ab4:	97fff599 	bl	40002118 <hal_uart_puts>
    40004ab8:	aa1403e0 	mov	x0, x20
    40004abc:	97ffff8d 	bl	400048f0 <bench_print_uint>
    40004ac0:	90000000 	adrp	x0, 40004000 <kthread_create+0x178>
    40004ac4:	f9462001 	ldr	x1, [x0, #3136]
    40004ac8:	d2a12000 	mov	x0, #0x9000000             	// #150994944
    40004acc:	97fff593 	bl	40002118 <hal_uart_puts>
    40004ad0:	f9000e76 	str	x22, [x19, #24]
    40004ad4:	90000000 	adrp	x0, 40004000 <kthread_create+0x178>
    40004ad8:	f900067f 	str	xzr, [x19, #8]
    40004adc:	b900127f 	str	wzr, [x19, #16]
    40004ae0:	52840005 	mov	w5, #0x2000                	// #8192
    40004ae4:	f9462801 	ldr	x1, [x0, #3152]
    40004ae8:	90000000 	adrp	x0, 40004000 <kthread_create+0x178>
    40004aec:	52800024 	mov	w4, #0x1                   	// #1
    40004af0:	128006e3 	mov	w3, #0xffffffc8            	// #-56
    40004af4:	f9462c00 	ldr	x0, [x0, #3160]
    40004af8:	d2800002 	mov	x2, #0x0                   	// #0
    40004afc:	b900027f 	str	wzr, [x19]
    40004b00:	97fffce2 	bl	40003e88 <kthread_create>
    40004b04:	2a0003f4 	mov	w20, w0
    40004b08:	90000000 	adrp	x0, 40004000 <kthread_create+0x178>
    40004b0c:	52840005 	mov	w5, #0x2000                	// #8192
    40004b10:	52800024 	mov	w4, #0x1                   	// #1
    40004b14:	128006e3 	mov	w3, #0xffffffc8            	// #-56
    40004b18:	f9463001 	ldr	x1, [x0, #3168]
    40004b1c:	90000000 	adrp	x0, 40004000 <kthread_create+0x178>
    40004b20:	d2800002 	mov	x2, #0x0                   	// #0
    40004b24:	f9463400 	ldr	x0, [x0, #3176]
    40004b28:	97fffcd8 	bl	40003e88 <kthread_create>
    40004b2c:	3100069f 	cmn	w20, #0x1
    40004b30:	3a411804 	ccmn	w0, #0x1, #0x4, ne	// ne = any
    40004b34:	540005e0 	b.eq	40004bf0 <benchmark_run+0x248>  // b.none
    40004b38:	52800c80 	mov	w0, #0x64                  	// #100
    40004b3c:	97fffe37 	bl	40004418 <kthread_sleep>
    40004b40:	52800020 	mov	w0, #0x1                   	// #1
    40004b44:	b9000260 	str	w0, [x19]
    40004b48:	b9401260 	ldr	w0, [x19, #16]
    40004b4c:	34000380 	cbz	w0, 40004bbc <benchmark_run+0x214>
    40004b50:	f9400674 	ldr	x20, [x19, #8]
    40004b54:	b9401260 	ldr	w0, [x19, #16]
    40004b58:	2a0003e0 	mov	w0, w0
    40004b5c:	9ac00a94 	udiv	x20, x20, x0
    40004b60:	90000000 	adrp	x0, 40004000 <kthread_create+0x178>
    40004b64:	f9463801 	ldr	x1, [x0, #3184]
    40004b68:	d2a12000 	mov	x0, #0x9000000             	// #150994944
    40004b6c:	97fff56b 	bl	40002118 <hal_uart_puts>
    40004b70:	9b147ea0 	mul	x0, x21, x20
    40004b74:	97ffff5f 	bl	400048f0 <bench_print_uint>
    40004b78:	90000000 	adrp	x0, 40004000 <kthread_create+0x178>
    40004b7c:	f9461c01 	ldr	x1, [x0, #3128]
    40004b80:	d2a12000 	mov	x0, #0x9000000             	// #150994944
    40004b84:	97fff565 	bl	40002118 <hal_uart_puts>
    40004b88:	aa1403e0 	mov	x0, x20
    40004b8c:	97ffff59 	bl	400048f0 <bench_print_uint>
    40004b90:	90000000 	adrp	x0, 40004000 <kthread_create+0x178>
    40004b94:	f9463c01 	ldr	x1, [x0, #3192]
    40004b98:	d2a12000 	mov	x0, #0x9000000             	// #150994944
    40004b9c:	97fff55f 	bl	40002118 <hal_uart_puts>
    40004ba0:	b9401260 	ldr	w0, [x19, #16]
    40004ba4:	2a0003e0 	mov	w0, w0
    40004ba8:	97ffff52 	bl	400048f0 <bench_print_uint>
    40004bac:	90000000 	adrp	x0, 40004000 <kthread_create+0x178>
    40004bb0:	f9464001 	ldr	x1, [x0, #3200]
    40004bb4:	d2a12000 	mov	x0, #0x9000000             	// #150994944
    40004bb8:	97fff558 	bl	40002118 <hal_uart_puts>
    40004bbc:	90000000 	adrp	x0, 40004000 <kthread_create+0x178>
    40004bc0:	f9464801 	ldr	x1, [x0, #3216]
    40004bc4:	d2a12000 	mov	x0, #0x9000000             	// #150994944
    40004bc8:	97fff554 	bl	40002118 <hal_uart_puts>
    40004bcc:	a94153f3 	ldp	x19, x20, [sp, #16]
    40004bd0:	a9425bf5 	ldp	x21, x22, [sp, #32]
    40004bd4:	a8c37bfd 	ldp	x29, x30, [sp], #48
    40004bd8:	17fffd18 	b	40004038 <kthread_exit>
    40004bdc:	d2800035 	mov	x21, #0x1                   	// #1
    40004be0:	17ffff8b 	b	40004a0c <benchmark_run+0x64>
    40004be4:	90000000 	adrp	x0, 40004000 <kthread_create+0x178>
    40004be8:	f9462401 	ldr	x1, [x0, #3144]
    40004bec:	17ffffb7 	b	40004ac8 <benchmark_run+0x120>
    40004bf0:	90000000 	adrp	x0, 40004000 <kthread_create+0x178>
    40004bf4:	f9464401 	ldr	x1, [x0, #3208]
    40004bf8:	17ffffef 	b	40004bb4 <benchmark_run+0x20c>
    40004bfc:	d503201f 	nop
    40004c00:	40005720 	.word	0x40005720
    40004c04:	00000000 	.word	0x00000000
    40004c08:	4000573d 	.word	0x4000573d
    40004c0c:	00000000 	.word	0x00000000
    40004c10:	40005751 	.word	0x40005751
    40004c14:	00000000 	.word	0x00000000
    40004c18:	40005757 	.word	0x40005757
    40004c1c:	00000000 	.word	0x00000000
    40004c20:	40005771 	.word	0x40005771
    40004c24:	00000000 	.word	0x00000000
    40004c28:	4001cdf8 	.word	0x4001cdf8
    40004c2c:	00000000 	.word	0x00000000
    40004c30:	40005776 	.word	0x40005776
    40004c34:	00000000 	.word	0x00000000
    40004c38:	4000578b 	.word	0x4000578b
    40004c3c:	00000000 	.word	0x00000000
    40004c40:	40005791 	.word	0x40005791
    40004c44:	00000000 	.word	0x00000000
    40004c48:	4000579b 	.word	0x4000579b
    40004c4c:	00000000 	.word	0x00000000
    40004c50:	40004888 	.word	0x40004888
    40004c54:	00000000 	.word	0x00000000
    40004c58:	400057b7 	.word	0x400057b7
    40004c5c:	00000000 	.word	0x00000000
    40004c60:	40004850 	.word	0x40004850
    40004c64:	00000000 	.word	0x00000000
    40004c68:	400057bf 	.word	0x400057bf
    40004c6c:	00000000 	.word	0x00000000
    40004c70:	400057c7 	.word	0x400057c7
    40004c74:	00000000 	.word	0x00000000
    40004c78:	400057e1 	.word	0x400057e1
    40004c7c:	00000000 	.word	0x00000000
    40004c80:	400057eb 	.word	0x400057eb
    40004c84:	00000000 	.word	0x00000000
    40004c88:	400057f6 	.word	0x400057f6
    40004c8c:	00000000 	.word	0x00000000
    40004c90:	4000581d 	.word	0x4000581d
    40004c94:	00000000 	.word	0x00000000
