
/home/kerfs/AISafeOS64/AISafeOS64/build_arm64/kernel/aisafe64.elf.elf:     file format elf64-littleaarch64


Disassembly of section .text.boot:

0000000040000000 <kernel_entry>:
 * @note 必须是 4KB 对齐（异常向量表要求）
 */
.align 12
kernel_entry:
    /* ---- 第一步：禁用所有中断 ---- */
    msr     daifset, #0xF
    40000000:	d5034fdf 	msr	daifset, #0xf

    /* ---- 第二步：检查并降到 EL1 ---- */
    mrs     x20, currentel
    40000004:	d5384254 	mrs	x20, currentel
    and     x20, x20, #0xC
    40000008:	927e0694 	and	x20, x20, #0xc
    cmp     x20, #0xC                /* EL3? */
    4000000c:	f100329f 	cmp	x20, #0xc
    b.eq    .Ldrop_from_el3
    40000010:	54000080 	b.eq	40000020 <kernel_entry+0x20>  // b.none
    cmp     x20, #0x8                /* EL2? */
    40000014:	f100229f 	cmp	x20, #0x8
    b.eq    .Ldrop_from_el2
    40000018:	540000e0 	b.eq	40000034 <kernel_entry+0x34>  // b.none

    /* 已在 EL1，直接进入启动 */
    b       .Lel1_entry
    4000001c:	1400000f 	b	40000058 <kernel_entry+0x58>
/**
 * @brief 从 EL3 降到 EL1
 */
.Ldrop_from_el3:
    /* EL3 安全状态配置（暂时全部安全） */
    mov     x20, #0x3C5              /* EL1h, DAIF 全部掩码 */
    40000020:	d28078b4 	mov	x20, #0x3c5                 	// #965
    msr     spsr_el3, x20
    40000024:	d51e4014 	msr	spsr_el3, x20
    adr     x20, .Lel2_entry
    40000028:	10000074 	adr	x20, 40000034 <kernel_entry+0x34>
    msr     elr_el3, x20
    4000002c:	d51e4034 	msr	elr_el3, x20
    eret
    40000030:	d69f03e0 	eret
 * @brief 从 EL2 降到 EL1
 */
.Lel2_entry:
.Ldrop_from_el2:
    /* 禁用 EL2 阶段翻译（HCR_EL2） */
    msr     hcr_el2, xzr
    40000034:	d51c111f 	msr	hcr_el2, xzr

    /* 配置 SCTLR_EL1：禁用 MMU（后续 P0-3 启用） */
    mov     x20, #(1 << 12)          /* I 位：使能指令缓存 */
    40000038:	d2820014 	mov	x20, #0x1000                	// #4096
    orr     x20, x20, #(1 << 2)      /* C 位：使能数据缓存 */
    4000003c:	b27e0294 	orr	x20, x20, #0x4
    msr     sctlr_el1, x20
    40000040:	d5181014 	msr	sctlr_el1, x20

    /* 设置 EL1 返回状态 */
    mov     x20, #0x3C5              /* EL1h, DAIF 全部掩码 */
    40000044:	d28078b4 	mov	x20, #0x3c5                 	// #965
    msr     spsr_el2, x20
    40000048:	d51c4014 	msr	spsr_el2, x20

    /* 设置返回地址 */
    adr     x20, .Lel1_entry
    4000004c:	10000074 	adr	x20, 40000058 <kernel_entry+0x58>
    msr     elr_el2, x20
    40000050:	d51c4034 	msr	elr_el2, x20

    eret
    40000054:	d69f03e0 	eret
 *          - 设置 CPU 0 栈
 *          - 跳转到 C 入口
 */
.Lel1_entry:
    /* ---- 保存 DTB 地址到全局变量 ---- */
    adr     x21, __dtb_ptr
    40000058:	1004fd55 	adr	x21, 4000a000 <__dtb_ptr>
    str     x0, [x21]
    4000005c:	f90002a0 	str	x0, [x21]

    /* ---- 设置异常向量表 ---- */
    adr     x20, exception_vector_table
    40000060:	10003d14 	adr	x20, 40000800 <exception_vector_table>
    msr     vbar_el1, x20
    40000064:	d518c014 	msr	vbar_el1, x20
    isb
    40000068:	d5033fdf 	isb

    /* ---- 清零 BSS 段 ---- */
    ldr     x20, =__bss_start
    4000006c:	58000334 	ldr	x20, 400000d0 <secondary_entry+0x34>
    ldr     x21, =__bss_end
    40000070:	58000355 	ldr	x21, 400000d8 <secondary_entry+0x3c>
.Lclear_bss:
    cmp     x20, x21
    40000074:	eb15029f 	cmp	x20, x21
    b.ge    .Lbss_done
    40000078:	5400006a 	b.ge	40000084 <kernel_entry+0x84>  // b.tcont
    str     xzr, [x20], #8
    4000007c:	f800869f 	str	xzr, [x20], #8
    b       .Lclear_bss
    40000080:	17fffffd 	b	40000074 <kernel_entry+0x74>
.Lbss_done:

    /* ---- 设置 CPU 0 内核栈 ---- */
    ldr     x20, =__stacks_start
    40000084:	580002f4 	ldr	x20, 400000e0 <secondary_entry+0x44>
    add     x20, x20, #8192          /* CPU 0 栈顶 = stacks_start + 8KB */
    40000088:	91400a94 	add	x20, x20, #0x2, lsl #12
    mov     sp, x20
    4000008c:	9100029f 	mov	sp, x20

    /* ---- 跳转到 C 入口 ---- */
    bl      kernel_main
    40000090:	94000954 	bl	400025e0 <kernel_main>

    /* ---- 不应返回 ---- */
.Lhang:
    wfe
    40000094:	d503205f 	wfe
    b       .Lhang
    40000098:	17ffffff 	b	40000094 <kernel_entry+0x94>

000000004000009c <secondary_entry>:
 */
.section .text.boot
.global secondary_entry
secondary_entry:
    /* 禁用所有中断 */
    msr     daifset, #0xF
    4000009c:	d5034fdf 	msr	daifset, #0xf

    /* 从 MPIDR_EL1 获取 CPU ID */
    mrs     x0, mpidr_el1
    400000a0:	d53800a0 	mrs	x0, mpidr_el1
    and     x0, x0, #0xFF
    400000a4:	92401c00 	and	x0, x0, #0xff

    /* 设置异常向量表（与主核相同） */
    adr     x1, exception_vector_table
    400000a8:	10003ac1 	adr	x1, 40000800 <exception_vector_table>
    msr     vbar_el1, x1
    400000ac:	d518c001 	msr	vbar_el1, x1
    isb
    400000b0:	d5033fdf 	isb

    /* 计算当前 CPU 的栈顶：__stacks_start + (cpu_id + 1) * 8192 */
    ldr     x1, =__stacks_start
    400000b4:	58000161 	ldr	x1, 400000e0 <secondary_entry+0x44>
    add     x1, x1, x0, lsl #13     /* x1 += cpu_id * 8192 */
    400000b8:	8b003421 	add	x1, x1, x0, lsl #13
    add     x1, x1, #8192           /* 栈顶 = base + (cpu_id+1)*8192 */
    400000bc:	91400821 	add	x1, x1, #0x2, lsl #12
    mov     sp, x1
    400000c0:	9100003f 	mov	sp, x1

    /* 跳转到 C 入口，x0 = cpu_id */
    b       smp_secondary_entry
    400000c4:	14000cfb 	b	400034b0 <smp_secondary_entry>

    /* 不应返回 */
1:  wfe
    400000c8:	d503205f 	wfe
    b       1b
    400000cc:	17ffffff 	b	400000c8 <secondary_entry+0x2c>
    400000d0:	4000b000 	.word	0x4000b000
    400000d4:	00000000 	.word	0x00000000
    400000d8:	400b8ca0 	.word	0x400b8ca0
    400000dc:	00000000 	.word	0x00000000
    400000e0:	400b9000 	.word	0x400b9000
	...

0000000040000800 <exception_vector_table>:
exception_vector_table:
    /* ================================================================
     * [0]  当前 EL，SP0，同步异常
     * ================================================================ */
    .align 7
    b       .Lexception_panic
    40000800:	14000235 	b	400010d4 <exception_vector_table+0x8d4>
    40000804:	d503201f 	nop
    40000808:	d503201f 	nop
    4000080c:	d503201f 	nop
    40000810:	d503201f 	nop
    40000814:	d503201f 	nop
    40000818:	d503201f 	nop
    4000081c:	d503201f 	nop
    40000820:	d503201f 	nop
    40000824:	d503201f 	nop
    40000828:	d503201f 	nop
    4000082c:	d503201f 	nop
    40000830:	d503201f 	nop
    40000834:	d503201f 	nop
    40000838:	d503201f 	nop
    4000083c:	d503201f 	nop
    40000840:	d503201f 	nop
    40000844:	d503201f 	nop
    40000848:	d503201f 	nop
    4000084c:	d503201f 	nop
    40000850:	d503201f 	nop
    40000854:	d503201f 	nop
    40000858:	d503201f 	nop
    4000085c:	d503201f 	nop
    40000860:	d503201f 	nop
    40000864:	d503201f 	nop
    40000868:	d503201f 	nop
    4000086c:	d503201f 	nop
    40000870:	d503201f 	nop
    40000874:	d503201f 	nop
    40000878:	d503201f 	nop
    4000087c:	d503201f 	nop

    /* [1]  当前 EL，SP0，IRQ */
    .align 7
    b       .Lexception_panic
    40000880:	14000215 	b	400010d4 <exception_vector_table+0x8d4>
    40000884:	d503201f 	nop
    40000888:	d503201f 	nop
    4000088c:	d503201f 	nop
    40000890:	d503201f 	nop
    40000894:	d503201f 	nop
    40000898:	d503201f 	nop
    4000089c:	d503201f 	nop
    400008a0:	d503201f 	nop
    400008a4:	d503201f 	nop
    400008a8:	d503201f 	nop
    400008ac:	d503201f 	nop
    400008b0:	d503201f 	nop
    400008b4:	d503201f 	nop
    400008b8:	d503201f 	nop
    400008bc:	d503201f 	nop
    400008c0:	d503201f 	nop
    400008c4:	d503201f 	nop
    400008c8:	d503201f 	nop
    400008cc:	d503201f 	nop
    400008d0:	d503201f 	nop
    400008d4:	d503201f 	nop
    400008d8:	d503201f 	nop
    400008dc:	d503201f 	nop
    400008e0:	d503201f 	nop
    400008e4:	d503201f 	nop
    400008e8:	d503201f 	nop
    400008ec:	d503201f 	nop
    400008f0:	d503201f 	nop
    400008f4:	d503201f 	nop
    400008f8:	d503201f 	nop
    400008fc:	d503201f 	nop

    /* [2]  当前 EL，SP0，FIQ */
    .align 7
    b       .Lexception_panic
    40000900:	140001f5 	b	400010d4 <exception_vector_table+0x8d4>
    40000904:	d503201f 	nop
    40000908:	d503201f 	nop
    4000090c:	d503201f 	nop
    40000910:	d503201f 	nop
    40000914:	d503201f 	nop
    40000918:	d503201f 	nop
    4000091c:	d503201f 	nop
    40000920:	d503201f 	nop
    40000924:	d503201f 	nop
    40000928:	d503201f 	nop
    4000092c:	d503201f 	nop
    40000930:	d503201f 	nop
    40000934:	d503201f 	nop
    40000938:	d503201f 	nop
    4000093c:	d503201f 	nop
    40000940:	d503201f 	nop
    40000944:	d503201f 	nop
    40000948:	d503201f 	nop
    4000094c:	d503201f 	nop
    40000950:	d503201f 	nop
    40000954:	d503201f 	nop
    40000958:	d503201f 	nop
    4000095c:	d503201f 	nop
    40000960:	d503201f 	nop
    40000964:	d503201f 	nop
    40000968:	d503201f 	nop
    4000096c:	d503201f 	nop
    40000970:	d503201f 	nop
    40000974:	d503201f 	nop
    40000978:	d503201f 	nop
    4000097c:	d503201f 	nop

    /* [3]  当前 EL，SP0，SError */
    .align 7
    b       .Lexception_panic
    40000980:	140001d5 	b	400010d4 <exception_vector_table+0x8d4>
    40000984:	d503201f 	nop
    40000988:	d503201f 	nop
    4000098c:	d503201f 	nop
    40000990:	d503201f 	nop
    40000994:	d503201f 	nop
    40000998:	d503201f 	nop
    4000099c:	d503201f 	nop
    400009a0:	d503201f 	nop
    400009a4:	d503201f 	nop
    400009a8:	d503201f 	nop
    400009ac:	d503201f 	nop
    400009b0:	d503201f 	nop
    400009b4:	d503201f 	nop
    400009b8:	d503201f 	nop
    400009bc:	d503201f 	nop
    400009c0:	d503201f 	nop
    400009c4:	d503201f 	nop
    400009c8:	d503201f 	nop
    400009cc:	d503201f 	nop
    400009d0:	d503201f 	nop
    400009d4:	d503201f 	nop
    400009d8:	d503201f 	nop
    400009dc:	d503201f 	nop
    400009e0:	d503201f 	nop
    400009e4:	d503201f 	nop
    400009e8:	d503201f 	nop
    400009ec:	d503201f 	nop
    400009f0:	d503201f 	nop
    400009f4:	d503201f 	nop
    400009f8:	d503201f 	nop
    400009fc:	d503201f 	nop

    /* ================================================================
     * [4]  当前 EL，SPx，同步异常 ← SVC 系统调用入口
     * ================================================================ */
    .align 7
    b       .Lsync_handler_spx
    40000a00:	14000161 	b	40000f84 <exception_vector_table+0x784>
    40000a04:	d503201f 	nop
    40000a08:	d503201f 	nop
    40000a0c:	d503201f 	nop
    40000a10:	d503201f 	nop
    40000a14:	d503201f 	nop
    40000a18:	d503201f 	nop
    40000a1c:	d503201f 	nop
    40000a20:	d503201f 	nop
    40000a24:	d503201f 	nop
    40000a28:	d503201f 	nop
    40000a2c:	d503201f 	nop
    40000a30:	d503201f 	nop
    40000a34:	d503201f 	nop
    40000a38:	d503201f 	nop
    40000a3c:	d503201f 	nop
    40000a40:	d503201f 	nop
    40000a44:	d503201f 	nop
    40000a48:	d503201f 	nop
    40000a4c:	d503201f 	nop
    40000a50:	d503201f 	nop
    40000a54:	d503201f 	nop
    40000a58:	d503201f 	nop
    40000a5c:	d503201f 	nop
    40000a60:	d503201f 	nop
    40000a64:	d503201f 	nop
    40000a68:	d503201f 	nop
    40000a6c:	d503201f 	nop
    40000a70:	d503201f 	nop
    40000a74:	d503201f 	nop
    40000a78:	d503201f 	nop
    40000a7c:	d503201f 	nop

    /* [5]  当前 EL，SPx，IRQ */
    .align 7
    b       .Lirq_handler_spx
    40000a80:	14000182 	b	40001088 <exception_vector_table+0x888>
    40000a84:	d503201f 	nop
    40000a88:	d503201f 	nop
    40000a8c:	d503201f 	nop
    40000a90:	d503201f 	nop
    40000a94:	d503201f 	nop
    40000a98:	d503201f 	nop
    40000a9c:	d503201f 	nop
    40000aa0:	d503201f 	nop
    40000aa4:	d503201f 	nop
    40000aa8:	d503201f 	nop
    40000aac:	d503201f 	nop
    40000ab0:	d503201f 	nop
    40000ab4:	d503201f 	nop
    40000ab8:	d503201f 	nop
    40000abc:	d503201f 	nop
    40000ac0:	d503201f 	nop
    40000ac4:	d503201f 	nop
    40000ac8:	d503201f 	nop
    40000acc:	d503201f 	nop
    40000ad0:	d503201f 	nop
    40000ad4:	d503201f 	nop
    40000ad8:	d503201f 	nop
    40000adc:	d503201f 	nop
    40000ae0:	d503201f 	nop
    40000ae4:	d503201f 	nop
    40000ae8:	d503201f 	nop
    40000aec:	d503201f 	nop
    40000af0:	d503201f 	nop
    40000af4:	d503201f 	nop
    40000af8:	d503201f 	nop
    40000afc:	d503201f 	nop

    /* [6]  当前 EL，SPx，FIQ */
    .align 7
    b       .Lexception_panic
    40000b00:	14000175 	b	400010d4 <exception_vector_table+0x8d4>
    40000b04:	d503201f 	nop
    40000b08:	d503201f 	nop
    40000b0c:	d503201f 	nop
    40000b10:	d503201f 	nop
    40000b14:	d503201f 	nop
    40000b18:	d503201f 	nop
    40000b1c:	d503201f 	nop
    40000b20:	d503201f 	nop
    40000b24:	d503201f 	nop
    40000b28:	d503201f 	nop
    40000b2c:	d503201f 	nop
    40000b30:	d503201f 	nop
    40000b34:	d503201f 	nop
    40000b38:	d503201f 	nop
    40000b3c:	d503201f 	nop
    40000b40:	d503201f 	nop
    40000b44:	d503201f 	nop
    40000b48:	d503201f 	nop
    40000b4c:	d503201f 	nop
    40000b50:	d503201f 	nop
    40000b54:	d503201f 	nop
    40000b58:	d503201f 	nop
    40000b5c:	d503201f 	nop
    40000b60:	d503201f 	nop
    40000b64:	d503201f 	nop
    40000b68:	d503201f 	nop
    40000b6c:	d503201f 	nop
    40000b70:	d503201f 	nop
    40000b74:	d503201f 	nop
    40000b78:	d503201f 	nop
    40000b7c:	d503201f 	nop

    /* [7]  当前 EL，SPx，SError */
    .align 7
    b       .Lserror_handler_spx
    40000b80:	14000148 	b	400010a0 <exception_vector_table+0x8a0>
    40000b84:	d503201f 	nop
    40000b88:	d503201f 	nop
    40000b8c:	d503201f 	nop
    40000b90:	d503201f 	nop
    40000b94:	d503201f 	nop
    40000b98:	d503201f 	nop
    40000b9c:	d503201f 	nop
    40000ba0:	d503201f 	nop
    40000ba4:	d503201f 	nop
    40000ba8:	d503201f 	nop
    40000bac:	d503201f 	nop
    40000bb0:	d503201f 	nop
    40000bb4:	d503201f 	nop
    40000bb8:	d503201f 	nop
    40000bbc:	d503201f 	nop
    40000bc0:	d503201f 	nop
    40000bc4:	d503201f 	nop
    40000bc8:	d503201f 	nop
    40000bcc:	d503201f 	nop
    40000bd0:	d503201f 	nop
    40000bd4:	d503201f 	nop
    40000bd8:	d503201f 	nop
    40000bdc:	d503201f 	nop
    40000be0:	d503201f 	nop
    40000be4:	d503201f 	nop
    40000be8:	d503201f 	nop
    40000bec:	d503201f 	nop
    40000bf0:	d503201f 	nop
    40000bf4:	d503201f 	nop
    40000bf8:	d503201f 	nop
    40000bfc:	d503201f 	nop

    /* ================================================================
     * [8-11]  低 EL（AArch64）异常
     * ================================================================ */
    .align 7
    b       .Lexception_panic         /* [8]  同步 */
    40000c00:	14000135 	b	400010d4 <exception_vector_table+0x8d4>
    40000c04:	d503201f 	nop
    40000c08:	d503201f 	nop
    40000c0c:	d503201f 	nop
    40000c10:	d503201f 	nop
    40000c14:	d503201f 	nop
    40000c18:	d503201f 	nop
    40000c1c:	d503201f 	nop
    40000c20:	d503201f 	nop
    40000c24:	d503201f 	nop
    40000c28:	d503201f 	nop
    40000c2c:	d503201f 	nop
    40000c30:	d503201f 	nop
    40000c34:	d503201f 	nop
    40000c38:	d503201f 	nop
    40000c3c:	d503201f 	nop
    40000c40:	d503201f 	nop
    40000c44:	d503201f 	nop
    40000c48:	d503201f 	nop
    40000c4c:	d503201f 	nop
    40000c50:	d503201f 	nop
    40000c54:	d503201f 	nop
    40000c58:	d503201f 	nop
    40000c5c:	d503201f 	nop
    40000c60:	d503201f 	nop
    40000c64:	d503201f 	nop
    40000c68:	d503201f 	nop
    40000c6c:	d503201f 	nop
    40000c70:	d503201f 	nop
    40000c74:	d503201f 	nop
    40000c78:	d503201f 	nop
    40000c7c:	d503201f 	nop
    .align 7
    b       .Lexception_panic         /* [9]  IRQ */
    40000c80:	14000115 	b	400010d4 <exception_vector_table+0x8d4>
    40000c84:	d503201f 	nop
    40000c88:	d503201f 	nop
    40000c8c:	d503201f 	nop
    40000c90:	d503201f 	nop
    40000c94:	d503201f 	nop
    40000c98:	d503201f 	nop
    40000c9c:	d503201f 	nop
    40000ca0:	d503201f 	nop
    40000ca4:	d503201f 	nop
    40000ca8:	d503201f 	nop
    40000cac:	d503201f 	nop
    40000cb0:	d503201f 	nop
    40000cb4:	d503201f 	nop
    40000cb8:	d503201f 	nop
    40000cbc:	d503201f 	nop
    40000cc0:	d503201f 	nop
    40000cc4:	d503201f 	nop
    40000cc8:	d503201f 	nop
    40000ccc:	d503201f 	nop
    40000cd0:	d503201f 	nop
    40000cd4:	d503201f 	nop
    40000cd8:	d503201f 	nop
    40000cdc:	d503201f 	nop
    40000ce0:	d503201f 	nop
    40000ce4:	d503201f 	nop
    40000ce8:	d503201f 	nop
    40000cec:	d503201f 	nop
    40000cf0:	d503201f 	nop
    40000cf4:	d503201f 	nop
    40000cf8:	d503201f 	nop
    40000cfc:	d503201f 	nop
    .align 7
    b       .Lexception_panic         /* [10] FIQ */
    40000d00:	140000f5 	b	400010d4 <exception_vector_table+0x8d4>
    40000d04:	d503201f 	nop
    40000d08:	d503201f 	nop
    40000d0c:	d503201f 	nop
    40000d10:	d503201f 	nop
    40000d14:	d503201f 	nop
    40000d18:	d503201f 	nop
    40000d1c:	d503201f 	nop
    40000d20:	d503201f 	nop
    40000d24:	d503201f 	nop
    40000d28:	d503201f 	nop
    40000d2c:	d503201f 	nop
    40000d30:	d503201f 	nop
    40000d34:	d503201f 	nop
    40000d38:	d503201f 	nop
    40000d3c:	d503201f 	nop
    40000d40:	d503201f 	nop
    40000d44:	d503201f 	nop
    40000d48:	d503201f 	nop
    40000d4c:	d503201f 	nop
    40000d50:	d503201f 	nop
    40000d54:	d503201f 	nop
    40000d58:	d503201f 	nop
    40000d5c:	d503201f 	nop
    40000d60:	d503201f 	nop
    40000d64:	d503201f 	nop
    40000d68:	d503201f 	nop
    40000d6c:	d503201f 	nop
    40000d70:	d503201f 	nop
    40000d74:	d503201f 	nop
    40000d78:	d503201f 	nop
    40000d7c:	d503201f 	nop
    .align 7
    b       .Lexception_panic         /* [11] SError */
    40000d80:	140000d5 	b	400010d4 <exception_vector_table+0x8d4>
    40000d84:	d503201f 	nop
    40000d88:	d503201f 	nop
    40000d8c:	d503201f 	nop
    40000d90:	d503201f 	nop
    40000d94:	d503201f 	nop
    40000d98:	d503201f 	nop
    40000d9c:	d503201f 	nop
    40000da0:	d503201f 	nop
    40000da4:	d503201f 	nop
    40000da8:	d503201f 	nop
    40000dac:	d503201f 	nop
    40000db0:	d503201f 	nop
    40000db4:	d503201f 	nop
    40000db8:	d503201f 	nop
    40000dbc:	d503201f 	nop
    40000dc0:	d503201f 	nop
    40000dc4:	d503201f 	nop
    40000dc8:	d503201f 	nop
    40000dcc:	d503201f 	nop
    40000dd0:	d503201f 	nop
    40000dd4:	d503201f 	nop
    40000dd8:	d503201f 	nop
    40000ddc:	d503201f 	nop
    40000de0:	d503201f 	nop
    40000de4:	d503201f 	nop
    40000de8:	d503201f 	nop
    40000dec:	d503201f 	nop
    40000df0:	d503201f 	nop
    40000df4:	d503201f 	nop
    40000df8:	d503201f 	nop
    40000dfc:	d503201f 	nop

    /* ================================================================
     * [12-15] 低 EL（AArch32）异常
     * ================================================================ */
    .align 7
    b       .Lexception_panic         /* [12] 同步 */
    40000e00:	140000b5 	b	400010d4 <exception_vector_table+0x8d4>
    40000e04:	d503201f 	nop
    40000e08:	d503201f 	nop
    40000e0c:	d503201f 	nop
    40000e10:	d503201f 	nop
    40000e14:	d503201f 	nop
    40000e18:	d503201f 	nop
    40000e1c:	d503201f 	nop
    40000e20:	d503201f 	nop
    40000e24:	d503201f 	nop
    40000e28:	d503201f 	nop
    40000e2c:	d503201f 	nop
    40000e30:	d503201f 	nop
    40000e34:	d503201f 	nop
    40000e38:	d503201f 	nop
    40000e3c:	d503201f 	nop
    40000e40:	d503201f 	nop
    40000e44:	d503201f 	nop
    40000e48:	d503201f 	nop
    40000e4c:	d503201f 	nop
    40000e50:	d503201f 	nop
    40000e54:	d503201f 	nop
    40000e58:	d503201f 	nop
    40000e5c:	d503201f 	nop
    40000e60:	d503201f 	nop
    40000e64:	d503201f 	nop
    40000e68:	d503201f 	nop
    40000e6c:	d503201f 	nop
    40000e70:	d503201f 	nop
    40000e74:	d503201f 	nop
    40000e78:	d503201f 	nop
    40000e7c:	d503201f 	nop
    .align 7
    b       .Lexception_panic         /* [13] IRQ */
    40000e80:	14000095 	b	400010d4 <exception_vector_table+0x8d4>
    40000e84:	d503201f 	nop
    40000e88:	d503201f 	nop
    40000e8c:	d503201f 	nop
    40000e90:	d503201f 	nop
    40000e94:	d503201f 	nop
    40000e98:	d503201f 	nop
    40000e9c:	d503201f 	nop
    40000ea0:	d503201f 	nop
    40000ea4:	d503201f 	nop
    40000ea8:	d503201f 	nop
    40000eac:	d503201f 	nop
    40000eb0:	d503201f 	nop
    40000eb4:	d503201f 	nop
    40000eb8:	d503201f 	nop
    40000ebc:	d503201f 	nop
    40000ec0:	d503201f 	nop
    40000ec4:	d503201f 	nop
    40000ec8:	d503201f 	nop
    40000ecc:	d503201f 	nop
    40000ed0:	d503201f 	nop
    40000ed4:	d503201f 	nop
    40000ed8:	d503201f 	nop
    40000edc:	d503201f 	nop
    40000ee0:	d503201f 	nop
    40000ee4:	d503201f 	nop
    40000ee8:	d503201f 	nop
    40000eec:	d503201f 	nop
    40000ef0:	d503201f 	nop
    40000ef4:	d503201f 	nop
    40000ef8:	d503201f 	nop
    40000efc:	d503201f 	nop
    .align 7
    b       .Lexception_panic         /* [14] FIQ */
    40000f00:	14000075 	b	400010d4 <exception_vector_table+0x8d4>
    40000f04:	d503201f 	nop
    40000f08:	d503201f 	nop
    40000f0c:	d503201f 	nop
    40000f10:	d503201f 	nop
    40000f14:	d503201f 	nop
    40000f18:	d503201f 	nop
    40000f1c:	d503201f 	nop
    40000f20:	d503201f 	nop
    40000f24:	d503201f 	nop
    40000f28:	d503201f 	nop
    40000f2c:	d503201f 	nop
    40000f30:	d503201f 	nop
    40000f34:	d503201f 	nop
    40000f38:	d503201f 	nop
    40000f3c:	d503201f 	nop
    40000f40:	d503201f 	nop
    40000f44:	d503201f 	nop
    40000f48:	d503201f 	nop
    40000f4c:	d503201f 	nop
    40000f50:	d503201f 	nop
    40000f54:	d503201f 	nop
    40000f58:	d503201f 	nop
    40000f5c:	d503201f 	nop
    40000f60:	d503201f 	nop
    40000f64:	d503201f 	nop
    40000f68:	d503201f 	nop
    40000f6c:	d503201f 	nop
    40000f70:	d503201f 	nop
    40000f74:	d503201f 	nop
    40000f78:	d503201f 	nop
    40000f7c:	d503201f 	nop
    .align 7
    b       .Lexception_panic         /* [15] SError */
    40000f80:	14000055 	b	400010d4 <exception_vector_table+0x8d4>
 *          EC=0x15 (SVC64) → syscall_handler
 *          其他 → exception_sync_handler(esr, far, &elr, spsr)
 */
.Lsync_handler_spx:
    /* 保存所有通用寄存器 */
    stp     x0, x1, [sp, #-16]!
    40000f84:	a9bf07e0 	stp	x0, x1, [sp, #-16]!
    stp     x2, x3, [sp, #-16]!
    40000f88:	a9bf0fe2 	stp	x2, x3, [sp, #-16]!
    stp     x4, x5, [sp, #-16]!
    40000f8c:	a9bf17e4 	stp	x4, x5, [sp, #-16]!
    stp     x6, x7, [sp, #-16]!
    40000f90:	a9bf1fe6 	stp	x6, x7, [sp, #-16]!
    stp     x8, x9, [sp, #-16]!
    40000f94:	a9bf27e8 	stp	x8, x9, [sp, #-16]!
    stp     x10, x11, [sp, #-16]!
    40000f98:	a9bf2fea 	stp	x10, x11, [sp, #-16]!
    stp     x12, x13, [sp, #-16]!
    40000f9c:	a9bf37ec 	stp	x12, x13, [sp, #-16]!
    stp     x14, x15, [sp, #-16]!
    40000fa0:	a9bf3fee 	stp	x14, x15, [sp, #-16]!
    stp     x16, x17, [sp, #-16]!
    40000fa4:	a9bf47f0 	stp	x16, x17, [sp, #-16]!
    stp     x18, x19, [sp, #-16]!
    40000fa8:	a9bf4ff2 	stp	x18, x19, [sp, #-16]!
    stp     x20, x21, [sp, #-16]!
    40000fac:	a9bf57f4 	stp	x20, x21, [sp, #-16]!
    stp     x22, x23, [sp, #-16]!
    40000fb0:	a9bf5ff6 	stp	x22, x23, [sp, #-16]!
    stp     x24, x25, [sp, #-16]!
    40000fb4:	a9bf67f8 	stp	x24, x25, [sp, #-16]!
    stp     x26, x27, [sp, #-16]!
    40000fb8:	a9bf6ffa 	stp	x26, x27, [sp, #-16]!
    stp     x28, x29, [sp, #-16]!
    40000fbc:	a9bf77fc 	stp	x28, x29, [sp, #-16]!
    str     x30, [sp, #-8]!
    40000fc0:	f81f8ffe 	str	x30, [sp, #-8]!

    /* 保存 ELR_EL1 和 SPSR_EL1 */
    mrs     x20, elr_el1
    40000fc4:	d5384034 	mrs	x20, elr_el1
    mrs     x21, spsr_el1
    40000fc8:	d5384015 	mrs	x21, spsr_el1
    stp     x20, x21, [sp, #-16]!
    40000fcc:	a9bf57f4 	stp	x20, x21, [sp, #-16]!

    /* 读取 ESR_EL1 判断异常类型 */
    mrs     x20, esr_el1
    40000fd0:	d5385214 	mrs	x20, esr_el1
    lsr     x21, x20, #26            /* EC = ESR[31:26] */
    40000fd4:	d35afe95 	lsr	x21, x20, #26

    /* EC = 0x15 (21) = SVC 指令 */
    cmp     x21, #0x15
    40000fd8:	f10056bf 	cmp	x21, #0x15
    b.eq    .Lsvc_handler
    40000fdc:	540000e0 	b.eq	40000ff8 <exception_vector_table+0x7f8>  // b.none

    /* 其他同步异常 → exception_sync_handler(esr, far, &elr, spsr) */
    mrs     x1, far_el1              /* x1 = FAR */
    40000fe0:	d5386001 	mrs	x1, far_el1
    mov     x0, x20                  /* x0 = ESR */
    40000fe4:	aa1403e0 	mov	x0, x20
    mov     x2, sp                   /* x2 = 指向栈上 ELR 的指针 */
    40000fe8:	910003e2 	mov	x2, sp
    ldr     x3, [sp, #8]             /* x3 = SPSR */
    40000fec:	f94007e3 	ldr	x3, [sp, #8]
    bl      exception_sync_handler
    40000ff0:	940004b6 	bl	400022c8 <exception_sync_handler>

    /* 恢复并返回 */
    b       .Lsync_restore
    40000ff4:	14000011 	b	40001038 <exception_vector_table+0x838>
     *   offset 40: x5
     *   offset 48: x6
     *   offset 56: x7
     *   offset 64: x8 (syscall number)
     */
    sub     sp, sp, #72        /* 分配 72 字节给 syscall_frame_t */
    40000ff8:	d10123ff 	sub	sp, sp, #0x48

    /* 从已保存区域加载寄存器并存储到 frame */
    /* 已保存的寄存器位于 sp+72 (原始 sp) 偏移处 */
    ldp     x9, x10, [sp, #72+0xF8]  /* x0,x1 at orig_sp+0xF8 */
    40000ffc:	a9542be9 	ldp	x9, x10, [sp, #320]
    stp     x9, x10, [sp, #0]        /* frame->x0, frame->x1 */
    40001000:	a9002be9 	stp	x9, x10, [sp]

    ldp     x9, x10, [sp, #72+0xE8]  /* x2,x3 at orig_sp+0xE8 */
    40001004:	a9532be9 	ldp	x9, x10, [sp, #304]
    stp     x9, x10, [sp, #16]       /* frame->x2, frame->x3 */
    40001008:	a9012be9 	stp	x9, x10, [sp, #16]

    ldp     x9, x10, [sp, #72+0xD8]  /* x4,x5 at orig_sp+0xD8 */
    4000100c:	a9522be9 	ldp	x9, x10, [sp, #288]
    stp     x9, x10, [sp, #32]       /* frame->x4, frame->x5 */
    40001010:	a9022be9 	stp	x9, x10, [sp, #32]

    ldp     x9, x10, [sp, #72+0xC8]  /* x6,x7 at orig_sp+0xC8 */
    40001014:	a9512be9 	ldp	x9, x10, [sp, #272]
    stp     x9, x10, [sp, #48]       /* frame->x6, frame->x7 */
    40001018:	a9032be9 	stp	x9, x10, [sp, #48]

    ldr     x9, [sp, #72+0xB8]       /* x8 at orig_sp+0xB8 */
    4000101c:	f94083e9 	ldr	x9, [sp, #256]
    str     x9, [sp, #64]            /* frame->x8 */
    40001020:	f90023e9 	str	x9, [sp, #64]

    /* 将 frame 指针传给 syscall_handler(frame) */
    mov     x0, sp
    40001024:	910003e0 	mov	x0, sp
    bl      syscall_handler
    40001028:	94001b02 	bl	40007c30 <syscall_handler>

    /* 从 frame->x0 取返回值，写回已保存区域 */
    ldr     x9, [sp, #0]             /* frame->x0 = return value */
    4000102c:	f94003e9 	ldr	x9, [sp]
    str     x9, [sp, #72+0xF8]       /* 写回 saved x0 位置 */
    40001030:	f900a3e9 	str	x9, [sp, #320]

    /* 释放 frame */
    add     sp, sp, #72
    40001034:	910123ff 	add	sp, sp, #0x48

.Lsync_restore:
    /* 恢复 ELR_EL1 和 SPSR_EL1 */
    ldp     x20, x21, [sp], #16
    40001038:	a8c157f4 	ldp	x20, x21, [sp], #16
    msr     elr_el1, x20
    4000103c:	d5184034 	msr	elr_el1, x20
    msr     spsr_el1, x21
    40001040:	d5184015 	msr	spsr_el1, x21

    /* 恢复所有通用寄存器 */
    ldr     x30, [sp], #8
    40001044:	f84087fe 	ldr	x30, [sp], #8
    ldp     x28, x29, [sp], #16
    40001048:	a8c177fc 	ldp	x28, x29, [sp], #16
    ldp     x26, x27, [sp], #16
    4000104c:	a8c16ffa 	ldp	x26, x27, [sp], #16
    ldp     x24, x25, [sp], #16
    40001050:	a8c167f8 	ldp	x24, x25, [sp], #16
    ldp     x22, x23, [sp], #16
    40001054:	a8c15ff6 	ldp	x22, x23, [sp], #16
    ldp     x20, x21, [sp], #16
    40001058:	a8c157f4 	ldp	x20, x21, [sp], #16
    ldp     x18, x19, [sp], #16
    4000105c:	a8c14ff2 	ldp	x18, x19, [sp], #16
    ldp     x16, x17, [sp], #16
    40001060:	a8c147f0 	ldp	x16, x17, [sp], #16
    ldp     x14, x15, [sp], #16
    40001064:	a8c13fee 	ldp	x14, x15, [sp], #16
    ldp     x12, x13, [sp], #16
    40001068:	a8c137ec 	ldp	x12, x13, [sp], #16
    ldp     x10, x11, [sp], #16
    4000106c:	a8c12fea 	ldp	x10, x11, [sp], #16
    ldp     x8, x9, [sp], #16
    40001070:	a8c127e8 	ldp	x8, x9, [sp], #16
    ldp     x6, x7, [sp], #16
    40001074:	a8c11fe6 	ldp	x6, x7, [sp], #16
    ldp     x4, x5, [sp], #16
    40001078:	a8c117e4 	ldp	x4, x5, [sp], #16
    ldp     x2, x3, [sp], #16
    4000107c:	a8c10fe2 	ldp	x2, x3, [sp], #16
    ldp     x0, x1, [sp], #16
    40001080:	a8c107e0 	ldp	x0, x1, [sp], #16

    eret
    40001084:	d69f03e0 	eret
 * @details 保存 x0-x3，调用 irq_handler（C 函数），
 *          恢复 x0-x3，eret 返回。
 */
.Lirq_handler_spx:
    /* 保存通用寄存器 */
    stp     x0, x1, [sp, #-16]!
    40001088:	a9bf07e0 	stp	x0, x1, [sp, #-16]!
    stp     x2, x3, [sp, #-16]!
    4000108c:	a9bf0fe2 	stp	x2, x3, [sp, #-16]!

    /* 调用 IRQ 处理函数（C 语言入口） */
    bl      irq_handler
    40001090:	94000502 	bl	40002498 <irq_handler>

    /* 恢复通用寄存器 */
    ldp     x2, x3, [sp], #16
    40001094:	a8c10fe2 	ldp	x2, x3, [sp], #16
    ldp     x0, x1, [sp], #16
    40001098:	a8c107e0 	ldp	x0, x1, [sp], #16
    eret
    4000109c:	d69f03e0 	eret
/**
 * @brief EL1h SError 异常处理
 */
.Lserror_handler_spx:
    /* 保存通用寄存器 */
    stp     x0, x1, [sp, #-16]!
    400010a0:	a9bf07e0 	stp	x0, x1, [sp, #-16]!
    stp     x2, x3, [sp, #-16]!
    400010a4:	a9bf0fe2 	stp	x2, x3, [sp, #-16]!
    stp     x4, x5, [sp, #-16]!
    400010a8:	a9bf17e4 	stp	x4, x5, [sp, #-16]!
    stp     x6, x7, [sp, #-16]!
    400010ac:	a9bf1fe6 	stp	x6, x7, [sp, #-16]!

    /* 读取异常信息寄存器 */
    mrs     x0, esr_el1              /* x0 = ESR */
    400010b0:	d5385200 	mrs	x0, esr_el1
    mrs     x1, far_el1              /* x1 = FAR */
    400010b4:	d5386001 	mrs	x1, far_el1
    mrs     x2, elr_el1              /* x2 = ELR */
    400010b8:	d5384022 	mrs	x2, elr_el1

    /* 调用 SError 处理函数 */
    bl      el1_serror_handler
    400010bc:	9400051b 	bl	40002528 <el1_serror_handler>

    /* SError 处理函数不返回（挂起），若返回则 panic */
    ldp     x6, x7, [sp], #16
    400010c0:	a8c11fe6 	ldp	x6, x7, [sp], #16
    ldp     x4, x5, [sp], #16
    400010c4:	a8c117e4 	ldp	x4, x5, [sp], #16
    ldp     x2, x3, [sp], #16
    400010c8:	a8c10fe2 	ldp	x2, x3, [sp], #16
    ldp     x0, x1, [sp], #16
    400010cc:	a8c107e0 	ldp	x0, x1, [sp], #16
    b       .Lexception_panic
    400010d0:	14000001 	b	400010d4 <exception_vector_table+0x8d4>

/* ========== 异常默认处理 ========== */

.Lexception_panic:
    /* 内核异常 panic：永停 */
    wfe
    400010d4:	d503205f 	wfe
    b       .Lexception_panic
    400010d8:	17ffffff 	b	400010d4 <exception_vector_table+0x8d4>
	...

Disassembly of section .text:

0000000040002000 <context_switch>:
    .type context_switch, @function
context_switch:
    /* ---- 保存 prev 上下文到 prev->context[] ---- */

    /* 保存 callee-saved 通用寄存器 x19 ~ x28 */
    stp     x19, x20, [x0, #0]
    40002000:	a9005013 	stp	x19, x20, [x0]
    stp     x21, x22, [x0, #16]
    40002004:	a9015815 	stp	x21, x22, [x0, #16]
    stp     x23, x24, [x0, #32]
    40002008:	a9026017 	stp	x23, x24, [x0, #32]
    stp     x25, x26, [x0, #48]
    4000200c:	a9036819 	stp	x25, x26, [x0, #48]
    stp     x27, x28, [x0, #64]
    40002010:	a904701b 	stp	x27, x28, [x0, #64]

    /* 保存 FP(x29) 和 LR(x30) */
    stp     x29, x30, [x0, #80]
    40002014:	a905781d 	stp	x29, x30, [x0, #80]

    /* 保存当前 SP */
    mov     x9, sp
    40002018:	910003e9 	mov	x9, sp
    str     x9, [x0, #96]
    4000201c:	f9003009 	str	x9, [x0, #96]

    /* ---- 恢复 next 上下文从 next->context[] ---- */
    /* x1 仍然指向 next->context */

    /* 恢复 callee-saved 通用寄存器 x19 ~ x28 */
    ldp     x19, x20, [x1, #0]
    40002020:	a9405033 	ldp	x19, x20, [x1]
    ldp     x21, x22, [x1, #16]
    40002024:	a9415835 	ldp	x21, x22, [x1, #16]
    ldp     x23, x24, [x1, #32]
    40002028:	a9426037 	ldp	x23, x24, [x1, #32]
    ldp     x25, x26, [x1, #48]
    4000202c:	a9436839 	ldp	x25, x26, [x1, #48]
    ldp     x27, x28, [x1, #64]
    40002030:	a944703b 	ldp	x27, x28, [x1, #64]

    /* 恢复 FP(x29) 和 LR(x30) */
    ldp     x29, x30, [x1, #80]
    40002034:	a945783d 	ldp	x29, x30, [x1, #80]

    /* 恢复 SP */
    ldr     x9, [x1, #96]
    40002038:	f9403029 	ldr	x9, [x1, #96]
    mov     sp, x9
    4000203c:	9100013f 	mov	sp, x9

    /* 返回到 next 线程的 LR（不修改 SPSR/ELR，IRQ 上下文安全） */
    ret
    40002040:	d65f03c0 	ret

0000000040002044 <arch_setup_thread_context>:
 * ======================================================================== */
    .global arch_setup_thread_context
    .type arch_setup_thread_context, @function
arch_setup_thread_context:
    /* context[0] = x19 = entry（真实入口地址） */
    str     x1, [x0, #0]
    40002044:	f9000001 	str	x1, [x0]

    /* context[1] = x20 = arg（入口参数） */
    str     x2, [x0, #8]
    40002048:	f9000402 	str	x2, [x0, #8]

    /* 清零 x21 ~ x28 */
    str     xzr, [x0, #16]        /* context[2] = x21 = 0 */
    4000204c:	f900081f 	str	xzr, [x0, #16]
    str     xzr, [x0, #24]        /* context[3] = x22 = 0 */
    40002050:	f9000c1f 	str	xzr, [x0, #24]
    str     xzr, [x0, #32]        /* context[4] = x23 = 0 */
    40002054:	f900101f 	str	xzr, [x0, #32]
    str     xzr, [x0, #40]        /* context[5] = x24 = 0 */
    40002058:	f900141f 	str	xzr, [x0, #40]
    str     xzr, [x0, #48]        /* context[6] = x25 = 0 */
    4000205c:	f900181f 	str	xzr, [x0, #48]
    str     xzr, [x0, #56]        /* context[7] = x26 = 0 */
    40002060:	f9001c1f 	str	xzr, [x0, #56]
    str     xzr, [x0, #64]        /* context[8] = x27 = 0 */
    40002064:	f900201f 	str	xzr, [x0, #64]
    str     xzr, [x0, #72]        /* context[9] = x28 = 0 */
    40002068:	f900241f 	str	xzr, [x0, #72]

    /* context[10] = FP(x29) = 0 */
    str     xzr, [x0, #80]
    4000206c:	f900281f 	str	xzr, [x0, #80]

    /* context[11] = LR(x30) = thread_entry_trampoline */
    ldr     x9, =thread_entry_trampoline
    40002070:	58000309 	ldr	x9, 400020d0 <cpu_switch_to_first_task+0x38>
    str     x9, [x0, #88]
    40002074:	f9002c09 	str	x9, [x0, #88]

    /* context[12] = SP = stack_top */
    str     x3, [x0, #96]
    40002078:	f9003003 	str	x3, [x0, #96]

    /* context[13] = SPSR_EL1 = 0x5（EL1h, IRQ 使能） */
    mov     x9, #0x5
    4000207c:	d28000a9 	mov	x9, #0x5                   	// #5
    str     x9, [x0, #104]
    40002080:	f9003409 	str	x9, [x0, #104]

    /* context[14] = ELR_EL1 = thread_entry_trampoline */
    ldr     x9, =thread_entry_trampoline
    40002084:	58000269 	ldr	x9, 400020d0 <cpu_switch_to_first_task+0x38>
    str     x9, [x0, #112]
    40002088:	f9003809 	str	x9, [x0, #112]

    ret
    4000208c:	d65f03c0 	ret

0000000040002090 <thread_entry_trampoline>:
 * 将参数移到 x0，跳转到真实入口。
 * ======================================================================== */
    .global thread_entry_trampoline
    .type thread_entry_trampoline, @function
thread_entry_trampoline:
    mov     x0, x20            /* x0 = arg */
    40002090:	aa1403e0 	mov	x0, x20
    br      x19                /* 跳转到 entry(arg) */
    40002094:	d61f0260 	br	x19

0000000040002098 <cpu_switch_to_first_task>:
 * ======================================================================== */
    .global cpu_switch_to_first_task
    .type cpu_switch_to_first_task, @function
cpu_switch_to_first_task:
    /* 恢复 callee-saved 通用寄存器 */
    ldp     x19, x20, [x0, #0]
    40002098:	a9405013 	ldp	x19, x20, [x0]
    ldp     x21, x22, [x0, #16]
    4000209c:	a9415815 	ldp	x21, x22, [x0, #16]
    ldp     x23, x24, [x0, #32]
    400020a0:	a9426017 	ldp	x23, x24, [x0, #32]
    ldp     x25, x26, [x0, #48]
    400020a4:	a9436819 	ldp	x25, x26, [x0, #48]
    ldp     x27, x28, [x0, #64]
    400020a8:	a944701b 	ldp	x27, x28, [x0, #64]
    ldp     x29, x30, [x0, #80]
    400020ac:	a945781d 	ldp	x29, x30, [x0, #80]

    /* 恢复 SP */
    ldr     x9, [x0, #96]
    400020b0:	f9403009 	ldr	x9, [x0, #96]
    mov     sp, x9
    400020b4:	9100013f 	mov	sp, x9

    /* 设置 SPSR_EL1 = EL1h, IRQ 使能（DAIF=0） */
    mov     x9, #0x5
    400020b8:	d28000a9 	mov	x9, #0x5                   	// #5
    msr     spsr_el1, x9
    400020bc:	d5184009 	msr	spsr_el1, x9

    /* ELR_EL1 = LR（由 arch_setup_thread_context 设置为 trampoline） */
    msr     elr_el1, x30
    400020c0:	d518403e 	msr	elr_el1, x30

    /* 确保所有系统寄存器写入完成 */
    isb
    400020c4:	d5033fdf 	isb

    /* 通过 eret 进入第一个任务 */
    eret
    400020c8:	d69f03e0 	eret
    400020cc:	00000000 	udf	#0
    400020d0:	40002090 	.word	0x40002090
    400020d4:	00000000 	.word	0x00000000

00000000400020d8 <hal_uart_init>:
    400020d8:	b900301f 	str	wzr, [x0, #48]
    400020dc:	528001a1 	mov	w1, #0xd                   	// #13
    400020e0:	b9002c1f 	str	wzr, [x0, #44]
    400020e4:	b9002401 	str	w1, [x0, #36]
    400020e8:	52800021 	mov	w1, #0x1                   	// #1
    400020ec:	b9002801 	str	w1, [x0, #40]
    400020f0:	52800e01 	mov	w1, #0x70                  	// #112
    400020f4:	b9002c01 	str	w1, [x0, #44]
    400020f8:	52806021 	mov	w1, #0x301                 	// #769
    400020fc:	b9003001 	str	w1, [x0, #48]
    40002100:	d65f03c0 	ret

0000000040002104 <hal_uart_putc>:
    40002104:	12001c21 	and	w1, w1, #0xff
    40002108:	b9401802 	ldr	w2, [x0, #24]
    4000210c:	372fffe2 	tbnz	w2, #5, 40002108 <hal_uart_putc+0x4>
    40002110:	b9000001 	str	w1, [x0]
    40002114:	d65f03c0 	ret

0000000040002118 <hal_uart_puts>:
    40002118:	b5000041 	cbnz	x1, 40002120 <hal_uart_puts+0x8>
    4000211c:	d65f03c0 	ret
    40002120:	aa0103e3 	mov	x3, x1
    40002124:	39400021 	ldrb	w1, [x1]
    40002128:	35000041 	cbnz	w1, 40002130 <hal_uart_puts+0x18>
    4000212c:	d65f03c0 	ret
    40002130:	a9bf7bfd 	stp	x29, x30, [sp, #-16]!
    40002134:	910003fd 	mov	x29, sp
    40002138:	7100283f 	cmp	w1, #0xa
    4000213c:	54000061 	b.ne	40002148 <hal_uart_puts+0x30>  // b.any
    40002140:	528001a1 	mov	w1, #0xd                   	// #13
    40002144:	97fffff0 	bl	40002104 <hal_uart_putc>
    40002148:	38401461 	ldrb	w1, [x3], #1
    4000214c:	97ffffee 	bl	40002104 <hal_uart_putc>
    40002150:	39400061 	ldrb	w1, [x3]
    40002154:	35ffff21 	cbnz	w1, 40002138 <hal_uart_puts+0x20>
    40002158:	a8c17bfd 	ldp	x29, x30, [sp], #16
    4000215c:	d65f03c0 	ret

0000000040002160 <hal_dcache_clean>:
    40002160:	8b010001 	add	x1, x0, x1
    40002164:	927ae400 	and	x0, x0, #0xffffffffffffffc0
    40002168:	eb01001f 	cmp	x0, x1
    4000216c:	54000043 	b.cc	40002174 <hal_dcache_clean+0x14>  // b.lo, b.ul, b.last
    40002170:	d65f03c0 	ret
    40002174:	d50b7a20 	dc	cvac, x0
    40002178:	91010000 	add	x0, x0, #0x40
    4000217c:	17fffffb 	b	40002168 <hal_dcache_clean+0x8>

0000000040002180 <hal_dcache_invalidate>:
    40002180:	8b010001 	add	x1, x0, x1
    40002184:	927ae400 	and	x0, x0, #0xffffffffffffffc0
    40002188:	eb01001f 	cmp	x0, x1
    4000218c:	54000043 	b.cc	40002194 <hal_dcache_invalidate+0x14>  // b.lo, b.ul, b.last
    40002190:	d65f03c0 	ret
    40002194:	d5087620 	dc	ivac, x0
    40002198:	91010000 	add	x0, x0, #0x40
    4000219c:	17fffffb 	b	40002188 <hal_dcache_invalidate+0x8>

00000000400021a0 <hal_dcache_clean_and_invalidate>:
    400021a0:	8b010001 	add	x1, x0, x1
    400021a4:	927ae400 	and	x0, x0, #0xffffffffffffffc0
    400021a8:	eb01001f 	cmp	x0, x1
    400021ac:	54000043 	b.cc	400021b4 <hal_dcache_clean_and_invalidate+0x14>  // b.lo, b.ul, b.last
    400021b0:	d65f03c0 	ret
    400021b4:	d50b7e20 	dc	civac, x0
    400021b8:	91010000 	add	x0, x0, #0x40
    400021bc:	17fffffb 	b	400021a8 <hal_dcache_clean_and_invalidate+0x8>

00000000400021c0 <hal_uart_getc>:
    400021c0:	b40000e1 	cbz	x1, 400021dc <hal_uart_getc+0x1c>
    400021c4:	b9401802 	ldr	w2, [x0, #24]
    400021c8:	372000a2 	tbnz	w2, #4, 400021dc <hal_uart_getc+0x1c>
    400021cc:	b9400000 	ldr	w0, [x0]
    400021d0:	39000020 	strb	w0, [x1]
    400021d4:	52800020 	mov	w0, #0x1                   	// #1
    400021d8:	d65f03c0 	ret
    400021dc:	52800000 	mov	w0, #0x0                   	// #0
    400021e0:	17fffffe 	b	400021d8 <hal_uart_getc+0x18>

00000000400021e4 <hal_uart_enable_rx_irq>:
    400021e4:	b9403801 	ldr	w1, [x0, #56]
    400021e8:	321c0021 	orr	w1, w1, #0x10
    400021ec:	b9003801 	str	w1, [x0, #56]
    400021f0:	d65f03c0 	ret
    400021f4:	00000000 	udf	#0

00000000400021f8 <uart_print_uint.constprop.0>:
    400021f8:	b50001c0 	cbnz	x0, 40002230 <uart_print_uint.constprop.0+0x38>
    400021fc:	52800601 	mov	w1, #0x30                  	// #48
    40002200:	d2a12000 	mov	x0, #0x9000000             	// #150994944
    40002204:	17ffffc0 	b	40002104 <hal_uart_putc>
    40002208:	9b017e73 	mul	x19, x19, x1
    4000220c:	9ad30a80 	udiv	x0, x20, x19
    40002210:	f100241f 	cmp	x0, #0x9
    40002214:	54ffffa8 	b.hi	40002208 <uart_print_uint.constprop.0+0x10>  // b.pmore
    40002218:	d2800155 	mov	x21, #0xa                   	// #10
    4000221c:	b50001b3 	cbnz	x19, 40002250 <uart_print_uint.constprop.0+0x58>
    40002220:	a94153f3 	ldp	x19, x20, [sp, #16]
    40002224:	f94013f5 	ldr	x21, [sp, #32]
    40002228:	a8c37bfd 	ldp	x29, x30, [sp], #48
    4000222c:	d65f03c0 	ret
    40002230:	a9bd7bfd 	stp	x29, x30, [sp, #-48]!
    40002234:	d2800141 	mov	x1, #0xa                   	// #10
    40002238:	910003fd 	mov	x29, sp
    4000223c:	a90153f3 	stp	x19, x20, [sp, #16]
    40002240:	aa0003f4 	mov	x20, x0
    40002244:	d2800033 	mov	x19, #0x1                   	// #1
    40002248:	f90013f5 	str	x21, [sp, #32]
    4000224c:	17fffff0 	b	4000220c <uart_print_uint.constprop.0+0x14>
    40002250:	9ad30a80 	udiv	x0, x20, x19
    40002254:	9ad50801 	udiv	x1, x0, x21
    40002258:	9b158021 	msub	x1, x1, x21, x0
    4000225c:	d2a12000 	mov	x0, #0x9000000             	// #150994944
    40002260:	1100c021 	add	w1, w1, #0x30
    40002264:	97ffffa8 	bl	40002104 <hal_uart_putc>
    40002268:	9ad50a73 	udiv	x19, x19, x21
    4000226c:	17ffffec 	b	4000221c <uart_print_uint.constprop.0+0x24>

0000000040002270 <uart_print_hex.constprop.0>:
    40002270:	a9bd7bfd 	stp	x29, x30, [sp, #-48]!
    40002274:	910003fd 	mov	x29, sp
    40002278:	a90153f3 	stp	x19, x20, [sp, #16]
    4000227c:	aa0003f4 	mov	x20, x0
    40002280:	52800793 	mov	w19, #0x3c                  	// #60
    40002284:	f90013f5 	str	x21, [sp, #32]
    40002288:	90000015 	adrp	x21, 40002000 <context_switch>
    4000228c:	f94162a0 	ldr	x0, [x21, #704]
    40002290:	9ad32681 	lsr	x1, x20, x19
    40002294:	92400c21 	and	x1, x1, #0xf
    40002298:	51001273 	sub	w19, w19, #0x4
    4000229c:	38616801 	ldrb	w1, [x0, x1]
    400022a0:	d2a12000 	mov	x0, #0x9000000             	// #150994944
    400022a4:	97ffff98 	bl	40002104 <hal_uart_putc>
    400022a8:	3100127f 	cmn	w19, #0x4
    400022ac:	54ffff01 	b.ne	4000228c <uart_print_hex.constprop.0+0x1c>  // b.any
    400022b0:	a94153f3 	ldp	x19, x20, [sp, #16]
    400022b4:	f94013f5 	ldr	x21, [sp, #32]
    400022b8:	a8c37bfd 	ldp	x29, x30, [sp], #48
    400022bc:	d65f03c0 	ret
    400022c0:	400094b8 	.word	0x400094b8
    400022c4:	00000000 	.word	0x00000000

00000000400022c8 <exception_sync_handler>:
    400022c8:	a9bb7bfd 	stp	x29, x30, [sp, #-80]!
    400022cc:	910003fd 	mov	x29, sp
    400022d0:	a90153f3 	stp	x19, x20, [sp, #16]
    400022d4:	531a7c14 	lsr	w20, w0, #26
    400022d8:	aa0003f3 	mov	x19, x0
    400022dc:	a9025bf5 	stp	x21, x22, [sp, #32]
    400022e0:	aa0203f5 	mov	x21, x2
    400022e4:	a90363f7 	stp	x23, x24, [sp, #48]
    400022e8:	aa0103f8 	mov	x24, x1
    400022ec:	aa0303f7 	mov	x23, x3
    400022f0:	a9046bf9 	stp	x25, x26, [sp, #64]
    400022f4:	1200601a 	and	w26, w0, #0x1ffffff
    400022f8:	f9400056 	ldr	x22, [x2]
    400022fc:	7100f29f 	cmp	w20, #0x3c
    40002300:	54000948 	b.hi	40002428 <exception_sync_handler+0x160>  // b.pmore
    40002304:	90000000 	adrp	x0, 40002000 <context_switch>
    40002308:	f9422000 	ldr	x0, [x0, #1088]
    4000230c:	91006000 	add	x0, x0, #0x18
    40002310:	f8747819 	ldr	x25, [x0, x20, lsl #3]
    40002314:	90000000 	adrp	x0, 40002000 <context_switch>
    40002318:	f9422401 	ldr	x1, [x0, #1096]
    4000231c:	d2a12000 	mov	x0, #0x9000000             	// #150994944
    40002320:	97ffff7e 	bl	40002118 <hal_uart_puts>
    40002324:	90000000 	adrp	x0, 40002000 <context_switch>
    40002328:	f9422801 	ldr	x1, [x0, #1104]
    4000232c:	d2a12000 	mov	x0, #0x9000000             	// #150994944
    40002330:	97ffff7a 	bl	40002118 <hal_uart_puts>
    40002334:	aa1403e0 	mov	x0, x20
    40002338:	97ffffce 	bl	40002270 <uart_print_hex.constprop.0>
    4000233c:	90000000 	adrp	x0, 40002000 <context_switch>
    40002340:	f9422c01 	ldr	x1, [x0, #1112]
    40002344:	d2a12000 	mov	x0, #0x9000000             	// #150994944
    40002348:	97ffff74 	bl	40002118 <hal_uart_puts>
    4000234c:	aa1903e1 	mov	x1, x25
    40002350:	d2a12000 	mov	x0, #0x9000000             	// #150994944
    40002354:	97ffff71 	bl	40002118 <hal_uart_puts>
    40002358:	90000000 	adrp	x0, 40002000 <context_switch>
    4000235c:	f9423001 	ldr	x1, [x0, #1120]
    40002360:	d2a12000 	mov	x0, #0x9000000             	// #150994944
    40002364:	97ffff6d 	bl	40002118 <hal_uart_puts>
    40002368:	90000000 	adrp	x0, 40002000 <context_switch>
    4000236c:	f9423401 	ldr	x1, [x0, #1128]
    40002370:	d2a12000 	mov	x0, #0x9000000             	// #150994944
    40002374:	97ffff69 	bl	40002118 <hal_uart_puts>
    40002378:	aa1303e0 	mov	x0, x19
    4000237c:	97ffffbd 	bl	40002270 <uart_print_hex.constprop.0>
    40002380:	90000000 	adrp	x0, 40002000 <context_switch>
    40002384:	90000013 	adrp	x19, 40002000 <context_switch>
    40002388:	f9423801 	ldr	x1, [x0, #1136]
    4000238c:	d2a12000 	mov	x0, #0x9000000             	// #150994944
    40002390:	97ffff62 	bl	40002118 <hal_uart_puts>
    40002394:	92406340 	and	x0, x26, #0x1ffffff
    40002398:	97ffffb6 	bl	40002270 <uart_print_hex.constprop.0>
    4000239c:	f9423e61 	ldr	x1, [x19, #1144]
    400023a0:	d2a12000 	mov	x0, #0x9000000             	// #150994944
    400023a4:	97ffff5d 	bl	40002118 <hal_uart_puts>
    400023a8:	90000000 	adrp	x0, 40002000 <context_switch>
    400023ac:	f9424001 	ldr	x1, [x0, #1152]
    400023b0:	d2a12000 	mov	x0, #0x9000000             	// #150994944
    400023b4:	97ffff59 	bl	40002118 <hal_uart_puts>
    400023b8:	aa1803e0 	mov	x0, x24
    400023bc:	97ffffad 	bl	40002270 <uart_print_hex.constprop.0>
    400023c0:	90000000 	adrp	x0, 40002000 <context_switch>
    400023c4:	f9424401 	ldr	x1, [x0, #1160]
    400023c8:	d2a12000 	mov	x0, #0x9000000             	// #150994944
    400023cc:	97ffff53 	bl	40002118 <hal_uart_puts>
    400023d0:	aa1603e0 	mov	x0, x22
    400023d4:	97ffffa7 	bl	40002270 <uart_print_hex.constprop.0>
    400023d8:	f9423e61 	ldr	x1, [x19, #1144]
    400023dc:	d2a12000 	mov	x0, #0x9000000             	// #150994944
    400023e0:	910012d6 	add	x22, x22, #0x4
    400023e4:	97ffff4d 	bl	40002118 <hal_uart_puts>
    400023e8:	90000000 	adrp	x0, 40002000 <context_switch>
    400023ec:	f9424801 	ldr	x1, [x0, #1168]
    400023f0:	d2a12000 	mov	x0, #0x9000000             	// #150994944
    400023f4:	97ffff49 	bl	40002118 <hal_uart_puts>
    400023f8:	aa1703e0 	mov	x0, x23
    400023fc:	97ffff9d 	bl	40002270 <uart_print_hex.constprop.0>
    40002400:	f9423e61 	ldr	x1, [x19, #1144]
    40002404:	d2a12000 	mov	x0, #0x9000000             	// #150994944
    40002408:	97ffff44 	bl	40002118 <hal_uart_puts>
    4000240c:	a94153f3 	ldp	x19, x20, [sp, #16]
    40002410:	a94363f7 	ldp	x23, x24, [sp, #48]
    40002414:	a9446bf9 	ldp	x25, x26, [sp, #64]
    40002418:	f90002b6 	str	x22, [x21]
    4000241c:	a9425bf5 	ldp	x21, x22, [sp, #32]
    40002420:	a8c57bfd 	ldp	x29, x30, [sp], #80
    40002424:	d65f03c0 	ret
    40002428:	90000000 	adrp	x0, 40002000 <context_switch>
    4000242c:	f9421c19 	ldr	x25, [x0, #1080]
    40002430:	17ffffb9 	b	40002314 <exception_sync_handler+0x4c>
    40002434:	d503201f 	nop
    40002438:	40009000 	.word	0x40009000
    4000243c:	00000000 	.word	0x00000000
    40002440:	400094b8 	.word	0x400094b8
    40002444:	00000000 	.word	0x00000000
    40002448:	40009009 	.word	0x40009009
    4000244c:	00000000 	.word	0x00000000
    40002450:	4000902e 	.word	0x4000902e
    40002454:	00000000 	.word	0x00000000
    40002458:	400091b3 	.word	0x400091b3
    4000245c:	00000000 	.word	0x00000000
    40002460:	400091b9 	.word	0x400091b9
    40002464:	00000000 	.word	0x00000000
    40002468:	40009040 	.word	0x40009040
    4000246c:	00000000 	.word	0x00000000
    40002470:	40009053 	.word	0x40009053
    40002474:	00000000 	.word	0x00000000
    40002478:	400091ba 	.word	0x400091ba
    4000247c:	00000000 	.word	0x00000000
    40002480:	4000905b 	.word	0x4000905b
    40002484:	00000000 	.word	0x00000000
    40002488:	4000906e 	.word	0x4000906e
    4000248c:	00000000 	.word	0x00000000
    40002490:	40009076 	.word	0x40009076
    40002494:	00000000 	.word	0x00000000

0000000040002498 <irq_handler>:
    40002498:	a9be7bfd 	stp	x29, x30, [sp, #-32]!
    4000249c:	910003fd 	mov	x29, sp
    400024a0:	f9000bf3 	str	x19, [sp, #16]
    400024a4:	9400024d 	bl	40002dd8 <gic_get_irq_id>
    400024a8:	710ff81f 	cmp	w0, #0x3fe
    400024ac:	54000308 	b.hi	4000250c <irq_handler+0x74>  // b.pmore
    400024b0:	2a0003f3 	mov	w19, w0
    400024b4:	71003c1f 	cmp	w0, #0xf
    400024b8:	540000c8 	b.hi	400024d0 <irq_handler+0x38>  // b.pmore
    400024bc:	94000307 	bl	400030d8 <ipi_handler>
    400024c0:	2a1303e0 	mov	w0, w19
    400024c4:	f9400bf3 	ldr	x19, [sp, #16]
    400024c8:	a8c27bfd 	ldp	x29, x30, [sp], #32
    400024cc:	14000244 	b	40002ddc <gic_end_of_interrupt>
    400024d0:	7100781f 	cmp	w0, #0x1e
    400024d4:	54000061 	b.ne	400024e0 <irq_handler+0x48>  // b.any
    400024d8:	94000720 	bl	40004158 <timer_interrupt_handler>
    400024dc:	17fffff9 	b	400024c0 <irq_handler+0x28>
    400024e0:	90000000 	adrp	x0, 40002000 <context_switch>
    400024e4:	f9428c01 	ldr	x1, [x0, #1304]
    400024e8:	d2a12000 	mov	x0, #0x9000000             	// #150994944
    400024ec:	97ffff0b 	bl	40002118 <hal_uart_puts>
    400024f0:	2a1303e0 	mov	w0, w19
    400024f4:	97ffff41 	bl	400021f8 <uart_print_uint.constprop.0>
    400024f8:	90000000 	adrp	x0, 40002000 <context_switch>
    400024fc:	f9429001 	ldr	x1, [x0, #1312]
    40002500:	d2a12000 	mov	x0, #0x9000000             	// #150994944
    40002504:	97ffff05 	bl	40002118 <hal_uart_puts>
    40002508:	17ffffee 	b	400024c0 <irq_handler+0x28>
    4000250c:	f9400bf3 	ldr	x19, [sp, #16]
    40002510:	a8c27bfd 	ldp	x29, x30, [sp], #32
    40002514:	d65f03c0 	ret
    40002518:	4000908a 	.word	0x4000908a
    4000251c:	00000000 	.word	0x00000000
    40002520:	400091ba 	.word	0x400091ba
    40002524:	00000000 	.word	0x00000000

0000000040002528 <el1_serror_handler>:
    40002528:	a9bd7bfd 	stp	x29, x30, [sp, #-48]!
    4000252c:	910003fd 	mov	x29, sp
    40002530:	f90013f5 	str	x21, [sp, #32]
    40002534:	aa0003f5 	mov	x21, x0
    40002538:	90000000 	adrp	x0, 40002000 <context_switch>
    4000253c:	a90153f3 	stp	x19, x20, [sp, #16]
    40002540:	aa0103f4 	mov	x20, x1
    40002544:	f942dc01 	ldr	x1, [x0, #1464]
    40002548:	aa0203f3 	mov	x19, x2
    4000254c:	d2a12000 	mov	x0, #0x9000000             	// #150994944
    40002550:	97fffef2 	bl	40002118 <hal_uart_puts>
    40002554:	90000000 	adrp	x0, 40002000 <context_switch>
    40002558:	f942e001 	ldr	x1, [x0, #1472]
    4000255c:	d2a12000 	mov	x0, #0x9000000             	// #150994944
    40002560:	97fffeee 	bl	40002118 <hal_uart_puts>
    40002564:	aa1503e0 	mov	x0, x21
    40002568:	97ffff42 	bl	40002270 <uart_print_hex.constprop.0>
    4000256c:	90000000 	adrp	x0, 40002000 <context_switch>
    40002570:	f942e401 	ldr	x1, [x0, #1480]
    40002574:	d2a12000 	mov	x0, #0x9000000             	// #150994944
    40002578:	97fffee8 	bl	40002118 <hal_uart_puts>
    4000257c:	aa1403e0 	mov	x0, x20
    40002580:	97ffff3c 	bl	40002270 <uart_print_hex.constprop.0>
    40002584:	90000000 	adrp	x0, 40002000 <context_switch>
    40002588:	f942e801 	ldr	x1, [x0, #1488]
    4000258c:	d2a12000 	mov	x0, #0x9000000             	// #150994944
    40002590:	97fffee2 	bl	40002118 <hal_uart_puts>
    40002594:	aa1303e0 	mov	x0, x19
    40002598:	97ffff36 	bl	40002270 <uart_print_hex.constprop.0>
    4000259c:	90000000 	adrp	x0, 40002000 <context_switch>
    400025a0:	f942ec01 	ldr	x1, [x0, #1496]
    400025a4:	d2a12000 	mov	x0, #0x9000000             	// #150994944
    400025a8:	97fffedc 	bl	40002118 <hal_uart_puts>
    400025ac:	d503205f 	wfe
    400025b0:	17ffffff 	b	400025ac <el1_serror_handler+0x84>
    400025b4:	d503201f 	nop
    400025b8:	400090a0 	.word	0x400090a0
    400025bc:	00000000 	.word	0x00000000
    400025c0:	40009040 	.word	0x40009040
    400025c4:	00000000 	.word	0x00000000
    400025c8:	40009066 	.word	0x40009066
    400025cc:	00000000 	.word	0x00000000
    400025d0:	4000906e 	.word	0x4000906e
    400025d4:	00000000 	.word	0x00000000
    400025d8:	400091ba 	.word	0x400091ba
    400025dc:	00000000 	.word	0x00000000

00000000400025e0 <kernel_main>:
    400025e0:	a9bd7bfd 	stp	x29, x30, [sp, #-48]!
    400025e4:	d2a12000 	mov	x0, #0x9000000             	// #150994944
    400025e8:	910003fd 	mov	x29, sp
    400025ec:	f9000bf3 	str	x19, [sp, #16]
    400025f0:	97fffeba 	bl	400020d8 <hal_uart_init>
    400025f4:	90000000 	adrp	x0, 40002000 <context_switch>
    400025f8:	f9449c01 	ldr	x1, [x0, #2360]
    400025fc:	d2a12000 	mov	x0, #0x9000000             	// #150994944
    40002600:	91080021 	add	x1, x1, #0x200
    40002604:	97fffec5 	bl	40002118 <hal_uart_puts>
    40002608:	90000000 	adrp	x0, 40002000 <context_switch>
    4000260c:	f944a001 	ldr	x1, [x0, #2368]
    40002610:	d2a12000 	mov	x0, #0x9000000             	// #150994944
    40002614:	97fffec1 	bl	40002118 <hal_uart_puts>
    40002618:	9400010c 	bl	40002a48 <mmu_early_init>
    4000261c:	90000000 	adrp	x0, 40002000 <context_switch>
    40002620:	f944a401 	ldr	x1, [x0, #2376]
    40002624:	d2a12000 	mov	x0, #0x9000000             	// #150994944
    40002628:	97fffebc 	bl	40002118 <hal_uart_puts>
    4000262c:	90000000 	adrp	x0, 40002000 <context_switch>
    40002630:	f944a801 	ldr	x1, [x0, #2384]
    40002634:	d2a12000 	mov	x0, #0x9000000             	// #150994944
    40002638:	97fffeb8 	bl	40002118 <hal_uart_puts>
    4000263c:	90000000 	adrp	x0, 40002000 <context_switch>
    40002640:	f944ac01 	ldr	x1, [x0, #2392]
    40002644:	d2a12000 	mov	x0, #0x9000000             	// #150994944
    40002648:	97fffeb4 	bl	40002118 <hal_uart_puts>
    4000264c:	52800141 	mov	w1, #0xa                   	// #10
    40002650:	d2a12000 	mov	x0, #0x9000000             	// #150994944
    40002654:	97fffeac 	bl	40002104 <hal_uart_putc>
    40002658:	90000000 	adrp	x0, 40002000 <context_switch>
    4000265c:	f944b001 	ldr	x1, [x0, #2400]
    40002660:	d2a12000 	mov	x0, #0x9000000             	// #150994944
    40002664:	97fffead 	bl	40002118 <hal_uart_puts>
    40002668:	90000000 	adrp	x0, 40002000 <context_switch>
    4000266c:	f944b401 	ldr	x1, [x0, #2408]
    40002670:	d2a12000 	mov	x0, #0x9000000             	// #150994944
    40002674:	97fffea9 	bl	40002118 <hal_uart_puts>
    40002678:	52800401 	mov	w1, #0x20                  	// #32
    4000267c:	d2a12000 	mov	x0, #0x9000000             	// #150994944
    40002680:	97fffea1 	bl	40002104 <hal_uart_putc>
    40002684:	90000000 	adrp	x0, 40002000 <context_switch>
    40002688:	f944b801 	ldr	x1, [x0, #2416]
    4000268c:	d2a12000 	mov	x0, #0x9000000             	// #150994944
    40002690:	97fffea2 	bl	40002118 <hal_uart_puts>
    40002694:	52800141 	mov	w1, #0xa                   	// #10
    40002698:	d2a12000 	mov	x0, #0x9000000             	// #150994944
    4000269c:	97fffe9a 	bl	40002104 <hal_uart_putc>
    400026a0:	90000000 	adrp	x0, 40002000 <context_switch>
    400026a4:	f944bc01 	ldr	x1, [x0, #2424]
    400026a8:	d2a12000 	mov	x0, #0x9000000             	// #150994944
    400026ac:	97fffe9b 	bl	40002118 <hal_uart_puts>
    400026b0:	d53800a0 	mrs	x0, mpidr_el1
    400026b4:	92401c00 	and	x0, x0, #0xff
    400026b8:	97fffed0 	bl	400021f8 <uart_print_uint.constprop.0>
    400026bc:	52800141 	mov	w1, #0xa                   	// #10
    400026c0:	d2a12000 	mov	x0, #0x9000000             	// #150994944
    400026c4:	97fffe90 	bl	40002104 <hal_uart_putc>
    400026c8:	90000000 	adrp	x0, 40002000 <context_switch>
    400026cc:	f944c001 	ldr	x1, [x0, #2432]
    400026d0:	d2a12000 	mov	x0, #0x9000000             	// #150994944
    400026d4:	97fffe91 	bl	40002118 <hal_uart_puts>
    400026d8:	d5384241 	mrs	x1, currentel
    400026dc:	53020c21 	ubfx	w1, w1, #2, #2
    400026e0:	d2a12000 	mov	x0, #0x9000000             	// #150994944
    400026e4:	1100c021 	add	w1, w1, #0x30
    400026e8:	97fffe87 	bl	40002104 <hal_uart_putc>
    400026ec:	52800141 	mov	w1, #0xa                   	// #10
    400026f0:	d2a12000 	mov	x0, #0x9000000             	// #150994944
    400026f4:	97fffe84 	bl	40002104 <hal_uart_putc>
    400026f8:	90000000 	adrp	x0, 40002000 <context_switch>
    400026fc:	f944c401 	ldr	x1, [x0, #2440]
    40002700:	d2a12000 	mov	x0, #0x9000000             	// #150994944
    40002704:	97fffe85 	bl	40002118 <hal_uart_puts>
    40002708:	90000000 	adrp	x0, 40002000 <context_switch>
    4000270c:	f944c813 	ldr	x19, [x0, #2448]
    40002710:	90000000 	adrp	x0, 40002000 <context_switch>
    40002714:	f944cc00 	ldr	x0, [x0, #2456]
    40002718:	cb000273 	sub	x19, x19, x0
    4000271c:	90000000 	adrp	x0, 40002000 <context_switch>
    40002720:	f944d000 	ldr	x0, [x0, #2464]
    40002724:	f90013e0 	str	x0, [sp, #32]
    40002728:	90000000 	adrp	x0, 40002000 <context_switch>
    4000272c:	f944d400 	ldr	x0, [x0, #2472]
    40002730:	f90017e0 	str	x0, [sp, #40]
    40002734:	90000000 	adrp	x0, 40002000 <context_switch>
    40002738:	f944d801 	ldr	x1, [x0, #2480]
    4000273c:	d2a12000 	mov	x0, #0x9000000             	// #150994944
    40002740:	97fffe76 	bl	40002118 <hal_uart_puts>
    40002744:	aa1303e0 	mov	x0, x19
    40002748:	97fffeac 	bl	400021f8 <uart_print_uint.constprop.0>
    4000274c:	90000000 	adrp	x0, 40002000 <context_switch>
    40002750:	f944dc01 	ldr	x1, [x0, #2488]
    40002754:	d2a12000 	mov	x0, #0x9000000             	// #150994944
    40002758:	97fffe70 	bl	40002118 <hal_uart_puts>
    4000275c:	d34afe60 	lsr	x0, x19, #10
    40002760:	97fffea6 	bl	400021f8 <uart_print_uint.constprop.0>
    40002764:	90000000 	adrp	x0, 40002000 <context_switch>
    40002768:	f944e001 	ldr	x1, [x0, #2496]
    4000276c:	d2a12000 	mov	x0, #0x9000000             	// #150994944
    40002770:	97fffe6a 	bl	40002118 <hal_uart_puts>
    40002774:	90000000 	adrp	x0, 40002000 <context_switch>
    40002778:	f944e401 	ldr	x1, [x0, #2504]
    4000277c:	d2a12000 	mov	x0, #0x9000000             	// #150994944
    40002780:	97fffe66 	bl	40002118 <hal_uart_puts>
    40002784:	f94013e0 	ldr	x0, [sp, #32]
    40002788:	97fffeba 	bl	40002270 <uart_print_hex.constprop.0>
    4000278c:	90000000 	adrp	x0, 40002000 <context_switch>
    40002790:	f944e801 	ldr	x1, [x0, #2512]
    40002794:	d2a12000 	mov	x0, #0x9000000             	// #150994944
    40002798:	97fffe60 	bl	40002118 <hal_uart_puts>
    4000279c:	f94017e0 	ldr	x0, [sp, #40]
    400027a0:	97fffeb4 	bl	40002270 <uart_print_hex.constprop.0>
    400027a4:	90000000 	adrp	x0, 40002000 <context_switch>
    400027a8:	f944ec01 	ldr	x1, [x0, #2520]
    400027ac:	d2a12000 	mov	x0, #0x9000000             	// #150994944
    400027b0:	97fffe5a 	bl	40002118 <hal_uart_puts>
    400027b4:	d2800100 	mov	x0, #0x8                   	// #8
    400027b8:	97fffe90 	bl	400021f8 <uart_print_uint.constprop.0>
    400027bc:	90000000 	adrp	x0, 40002000 <context_switch>
    400027c0:	f944f001 	ldr	x1, [x0, #2528]
    400027c4:	d2a12000 	mov	x0, #0x9000000             	// #150994944
    400027c8:	97fffe54 	bl	40002118 <hal_uart_puts>
    400027cc:	90000000 	adrp	x0, 40002000 <context_switch>
    400027d0:	f944f401 	ldr	x1, [x0, #2536]
    400027d4:	d2a12000 	mov	x0, #0x9000000             	// #150994944
    400027d8:	97fffe50 	bl	40002118 <hal_uart_puts>
    400027dc:	940000d9 	bl	40002b40 <gic_init>
    400027e0:	340000e0 	cbz	w0, 400027fc <kernel_main+0x21c>
    400027e4:	90000000 	adrp	x0, 40002000 <context_switch>
    400027e8:	f944f801 	ldr	x1, [x0, #2544]
    400027ec:	d2a12000 	mov	x0, #0x9000000             	// #150994944
    400027f0:	97fffe4a 	bl	40002118 <hal_uart_puts>
    400027f4:	d503205f 	wfe
    400027f8:	17ffffff 	b	400027f4 <kernel_main+0x214>
    400027fc:	90000000 	adrp	x0, 40002000 <context_switch>
    40002800:	f944fc01 	ldr	x1, [x0, #2552]
    40002804:	d2a12000 	mov	x0, #0x9000000             	// #150994944
    40002808:	97fffe44 	bl	40002118 <hal_uart_puts>
    4000280c:	940005d1 	bl	40003f50 <timer_init>
    40002810:	12800be1 	mov	w1, #0xffffffa0            	// #-96
    40002814:	528003c0 	mov	w0, #0x1e                  	// #30
    40002818:	94000138 	bl	40002cf8 <gic_set_priority>
    4000281c:	528003c0 	mov	w0, #0x1e                  	// #30
    40002820:	94000112 	bl	40002c68 <gic_enable_irq>
    40002824:	90000000 	adrp	x0, 40002000 <context_switch>
    40002828:	f9450001 	ldr	x1, [x0, #2560]
    4000282c:	d2a12000 	mov	x0, #0x9000000             	// #150994944
    40002830:	97fffe3a 	bl	40002118 <hal_uart_puts>
    40002834:	9400036d 	bl	400035e8 <scheduler_init>
    40002838:	340000e0 	cbz	w0, 40002854 <kernel_main+0x274>
    4000283c:	90000000 	adrp	x0, 40002000 <context_switch>
    40002840:	f9450401 	ldr	x1, [x0, #2568]
    40002844:	d2a12000 	mov	x0, #0x9000000             	// #150994944
    40002848:	97fffe34 	bl	40002118 <hal_uart_puts>
    4000284c:	d503205f 	wfe
    40002850:	17ffffff 	b	4000284c <kernel_main+0x26c>
    40002854:	90000000 	adrp	x0, 40002000 <context_switch>
    40002858:	f9450801 	ldr	x1, [x0, #2576]
    4000285c:	d2a12000 	mov	x0, #0x9000000             	// #150994944
    40002860:	97fffe2e 	bl	40002118 <hal_uart_puts>
    40002864:	94000251 	bl	400031a8 <smp_init>
    40002868:	340000a0 	cbz	w0, 4000287c <kernel_main+0x29c>
    4000286c:	90000000 	adrp	x0, 40002000 <context_switch>
    40002870:	f9450c01 	ldr	x1, [x0, #2584]
    40002874:	d2a12000 	mov	x0, #0x9000000             	// #150994944
    40002878:	97fffe28 	bl	40002118 <hal_uart_puts>
    4000287c:	9400026f 	bl	40003238 <smp_boot_secondary>
    40002880:	940002f8 	bl	40003460 <smp_get_online_count>
    40002884:	2a0003f3 	mov	w19, w0
    40002888:	90000000 	adrp	x0, 40002000 <context_switch>
    4000288c:	f9451001 	ldr	x1, [x0, #2592]
    40002890:	d2a12000 	mov	x0, #0x9000000             	// #150994944
    40002894:	97fffe21 	bl	40002118 <hal_uart_puts>
    40002898:	2a1303e0 	mov	w0, w19
    4000289c:	97fffe75 	bl	40002270 <uart_print_hex.constprop.0>
    400028a0:	90000000 	adrp	x0, 40002000 <context_switch>
    400028a4:	f9451401 	ldr	x1, [x0, #2600]
    400028a8:	d2a12000 	mov	x0, #0x9000000             	// #150994944
    400028ac:	97fffe1b 	bl	40002118 <hal_uart_puts>
    400028b0:	94000726 	bl	40004548 <smp_sched_init>
    400028b4:	340000a0 	cbz	w0, 400028c8 <kernel_main+0x2e8>
    400028b8:	90000000 	adrp	x0, 40002000 <context_switch>
    400028bc:	f9451801 	ldr	x1, [x0, #2608]
    400028c0:	d2a12000 	mov	x0, #0x9000000             	// #150994944
    400028c4:	97fffe15 	bl	40002118 <hal_uart_puts>
    400028c8:	90000000 	adrp	x0, 40002000 <context_switch>
    400028cc:	f9451c01 	ldr	x1, [x0, #2616]
    400028d0:	d2a12000 	mov	x0, #0x9000000             	// #150994944
    400028d4:	97fffe11 	bl	40002118 <hal_uart_puts>
    400028d8:	d2800000 	mov	x0, #0x0                   	// #0
    400028dc:	d51be220 	msr	cntp_ctl_el0, x0
    400028e0:	d5033fdf 	isb
    400028e4:	d53be021 	mrs	x1, cntpct_el0
    400028e8:	d53be000 	mrs	x0, cntfrq_el0
    400028ec:	d5033fdf 	isb
    400028f0:	d286c002 	mov	x2, #0x3600                	// #13824
    400028f4:	f100001f 	cmp	x0, #0x0
    400028f8:	f2a02dc2 	movk	x2, #0x16e, lsl #16
    400028fc:	9a821000 	csel	x0, x0, x2, ne	// ne = any
    40002900:	d2807d02 	mov	x2, #0x3e8                 	// #1000
    40002904:	9ac20800 	udiv	x0, x0, x2
    40002908:	8b010000 	add	x0, x0, x1
    4000290c:	d51be240 	msr	cntp_cval_el0, x0
    40002910:	d5033fdf 	isb
    40002914:	d2800020 	mov	x0, #0x1                   	// #1
    40002918:	d51be220 	msr	cntp_ctl_el0, x0
    4000291c:	d5033fdf 	isb
    40002920:	d50342ff 	msr	daifclr, #0x2
    40002924:	90000000 	adrp	x0, 40002000 <context_switch>
    40002928:	f9452001 	ldr	x1, [x0, #2624]
    4000292c:	d2a12000 	mov	x0, #0x9000000             	// #150994944
    40002930:	97fffdfa 	bl	40002118 <hal_uart_puts>
    40002934:	94000459 	bl	40003a98 <scheduler_start>
    40002938:	400094b8 	.word	0x400094b8
    4000293c:	00000000 	.word	0x00000000
    40002940:	400090bd 	.word	0x400090bd
    40002944:	00000000 	.word	0x00000000
    40002948:	400090ea 	.word	0x400090ea
    4000294c:	00000000 	.word	0x00000000
    40002950:	40009113 	.word	0x40009113
    40002954:	00000000 	.word	0x00000000
    40002958:	40009127 	.word	0x40009127
    4000295c:	00000000 	.word	0x00000000
    40002960:	4000912e 	.word	0x4000912e
    40002964:	00000000 	.word	0x00000000
    40002968:	4000913f 	.word	0x4000913f
    4000296c:	00000000 	.word	0x00000000
    40002970:	4000914b 	.word	0x4000914b
    40002974:	00000000 	.word	0x00000000
    40002978:	40009154 	.word	0x40009154
    4000297c:	00000000 	.word	0x00000000
    40002980:	40009166 	.word	0x40009166
    40002984:	00000000 	.word	0x00000000
    40002988:	40009183 	.word	0x40009183
    4000298c:	00000000 	.word	0x00000000
    40002990:	400b8ca0 	.word	0x400b8ca0
    40002994:	00000000 	.word	0x00000000
    40002998:	4000b000 	.word	0x4000b000
    4000299c:	00000000 	.word	0x00000000
    400029a0:	400b9000 	.word	0x400b9000
    400029a4:	00000000 	.word	0x00000000
    400029a8:	400c9000 	.word	0x400c9000
    400029ac:	00000000 	.word	0x00000000
    400029b0:	400091a3 	.word	0x400091a3
    400029b4:	00000000 	.word	0x00000000
    400029b8:	400091ad 	.word	0x400091ad
    400029bc:	00000000 	.word	0x00000000
    400029c0:	400091b6 	.word	0x400091b6
    400029c4:	00000000 	.word	0x00000000
    400029c8:	400091bc 	.word	0x400091bc
    400029cc:	00000000 	.word	0x00000000
    400029d0:	400091c8 	.word	0x400091c8
    400029d4:	00000000 	.word	0x00000000
    400029d8:	400091ce 	.word	0x400091ce
    400029dc:	00000000 	.word	0x00000000
    400029e0:	400091d7 	.word	0x400091d7
    400029e4:	00000000 	.word	0x00000000
    400029e8:	400091df 	.word	0x400091df
    400029ec:	00000000 	.word	0x00000000
    400029f0:	400091fd 	.word	0x400091fd
    400029f4:	00000000 	.word	0x00000000
    400029f8:	4000921e 	.word	0x4000921e
    400029fc:	00000000 	.word	0x00000000
    40002a00:	4000923e 	.word	0x4000923e
    40002a04:	00000000 	.word	0x00000000
    40002a08:	40009262 	.word	0x40009262
    40002a0c:	00000000 	.word	0x00000000
    40002a10:	40009289 	.word	0x40009289
    40002a14:	00000000 	.word	0x00000000
    40002a18:	400092a7 	.word	0x400092a7
    40002a1c:	00000000 	.word	0x00000000
    40002a20:	400092c7 	.word	0x400092c7
    40002a24:	00000000 	.word	0x00000000
    40002a28:	400091ba 	.word	0x400091ba
    40002a2c:	00000000 	.word	0x00000000
    40002a30:	400092e0 	.word	0x400092e0
    40002a34:	00000000 	.word	0x00000000
    40002a38:	40009306 	.word	0x40009306
    40002a3c:	00000000 	.word	0x00000000
    40002a40:	4000932b 	.word	0x4000932b
    40002a44:	00000000 	.word	0x00000000

0000000040002a48 <mmu_early_init>:
    40002a48:	90000000 	adrp	x0, 40002000 <context_switch>
    40002a4c:	f9456c00 	ldr	x0, [x0, #2776]
    40002a50:	91400402 	add	x2, x0, #0x1, lsl #12
    40002a54:	aa0003e1 	mov	x1, x0
    40002a58:	f800841f 	str	xzr, [x0], #8
    40002a5c:	eb02001f 	cmp	x0, x2
    40002a60:	54ffffc1 	b.ne	40002a58 <mmu_early_init+0x10>  // b.any
    40002a64:	90000000 	adrp	x0, 40002000 <context_switch>
    40002a68:	f9457000 	ldr	x0, [x0, #2784]
    40002a6c:	91400403 	add	x3, x0, #0x1, lsl #12
    40002a70:	aa0003e2 	mov	x2, x0
    40002a74:	f800841f 	str	xzr, [x0], #8
    40002a78:	eb03001f 	cmp	x0, x3
    40002a7c:	54ffffc1 	b.ne	40002a74 <mmu_early_init+0x2c>  // b.any
    40002a80:	b2400440 	orr	x0, x2, #0x3
    40002a84:	f9000020 	str	x0, [x1]
    40002a88:	d280e060 	mov	x0, #0x703                 	// #1795
    40002a8c:	f9000040 	str	x0, [x2]
    40002a90:	d2809fe0 	mov	x0, #0x4ff                 	// #1279
    40002a94:	d518a200 	msr	mair_el1, x0
    40002a98:	d5033fdf 	isb
    40002a9c:	d287e200 	mov	x0, #0x3f10                	// #16144
    40002aa0:	f2b7e200 	movk	x0, #0xbf10, lsl #16
    40002aa4:	d5182040 	msr	tcr_el1, x0
    40002aa8:	d5033fdf 	isb
    40002aac:	d5182001 	msr	ttbr0_el1, x1
    40002ab0:	d5033fdf 	isb
    40002ab4:	d508831f 	tlbi	vmalle1is
    40002ab8:	d508831f 	tlbi	vmalle1is
    40002abc:	d5033f9f 	dsb	sy
    40002ac0:	d5033fdf 	isb
    40002ac4:	d5381000 	mrs	x0, sctlr_el1
    40002ac8:	b2400000 	orr	x0, x0, #0x1
    40002acc:	d5181000 	msr	sctlr_el1, x0
    40002ad0:	d5033fdf 	isb
    40002ad4:	d65f03c0 	ret
    40002ad8:	4000c000 	.word	0x4000c000
    40002adc:	00000000 	.word	0x00000000
    40002ae0:	4000b000 	.word	0x4000b000
    40002ae4:	00000000 	.word	0x00000000

0000000040002ae8 <gic_enable_cpuif>:
    40002ae8:	90000000 	adrp	x0, 40002000 <context_switch>
    40002aec:	f9459c00 	ldr	x0, [x0, #2872]
    40002af0:	f9400001 	ldr	x1, [x0]
    40002af4:	b900003f 	str	wzr, [x1]
    40002af8:	d5033fbf 	dmb	sy
    40002afc:	f9400001 	ldr	x1, [x0]
    40002b00:	52801fe2 	mov	w2, #0xff                  	// #255
    40002b04:	b9000422 	str	w2, [x1, #4]
    40002b08:	d5033fbf 	dmb	sy
    40002b0c:	f9400001 	ldr	x1, [x0]
    40002b10:	b900083f 	str	wzr, [x1, #8]
    40002b14:	d5033fbf 	dmb	sy
    40002b18:	f9400001 	ldr	x1, [x0]
    40002b1c:	52800022 	mov	w2, #0x1                   	// #1
    40002b20:	b9000022 	str	w2, [x1]
    40002b24:	d5033fbf 	dmb	sy
    40002b28:	f9400000 	ldr	x0, [x0]
    40002b2c:	b9400000 	ldr	w0, [x0]
    40002b30:	d5033fbf 	dmb	sy
    40002b34:	d65f03c0 	ret
    40002b38:	4000d000 	.word	0x4000d000
    40002b3c:	00000000 	.word	0x00000000

0000000040002b40 <gic_init>:
    40002b40:	a9bf7bfd 	stp	x29, x30, [sp, #-16]!
    40002b44:	90000000 	adrp	x0, 40002000 <context_switch>
    40002b48:	d2a10021 	mov	x1, #0x8010000             	// #134283264
    40002b4c:	910003fd 	mov	x29, sp
    40002b50:	f9462403 	ldr	x3, [x0, #3144]
    40002b54:	d2a10000 	mov	x0, #0x8000000             	// #134217728
    40002b58:	a9000061 	stp	x1, x0, [x3]
    40002b5c:	b900001f 	str	wzr, [x0]
    40002b60:	d5033fbf 	dmb	sy
    40002b64:	f9400461 	ldr	x1, [x3, #8]
    40002b68:	52800002 	mov	w2, #0x0                   	// #0
    40002b6c:	12800005 	mov	w5, #0xffffffff            	// #-1
    40002b70:	91020021 	add	x1, x1, #0x80
    40002b74:	b8584020 	ldur	w0, [x1, #-124]
    40002b78:	531b1000 	ubfiz	w0, w0, #5, #5
    40002b7c:	11007c04 	add	w4, w0, #0x1f
    40002b80:	53057c00 	lsr	w0, w0, #5
    40002b84:	11000442 	add	w2, w2, #0x1
    40002b88:	b8004425 	str	w5, [x1], #4
    40002b8c:	6b02001f 	cmp	w0, w2
    40002b90:	54ffffa2 	b.cs	40002b84 <gic_init+0x44>  // b.hs, b.nlast
    40002b94:	d5033fbf 	dmb	sy
    40002b98:	f9400461 	ldr	x1, [x3, #8]
    40002b9c:	52800022 	mov	w2, #0x1                   	// #1
    40002ba0:	12800006 	mov	w6, #0xffffffff            	// #-1
    40002ba4:	91061025 	add	x5, x1, #0x184
    40002ba8:	6b00005f 	cmp	w2, w0
    40002bac:	54000329 	b.ls	40002c10 <gic_init+0xd0>  // b.plast
    40002bb0:	91108025 	add	x5, x1, #0x420
    40002bb4:	52800402 	mov	w2, #0x20                  	// #32
    40002bb8:	12800fe6 	mov	w6, #0xffffff80            	// #-128
    40002bbc:	6b04005f 	cmp	w2, w4
    40002bc0:	540002e9 	b.ls	40002c1c <gic_init+0xdc>  // b.plast
    40002bc4:	52800402 	mov	w2, #0x20                  	// #32
    40002bc8:	52800025 	mov	w5, #0x1                   	// #1
    40002bcc:	6b04005f 	cmp	w2, w4
    40002bd0:	540002c9 	b.ls	40002c28 <gic_init+0xe8>  // b.plast
    40002bd4:	910a1024 	add	x4, x1, #0x284
    40002bd8:	52800022 	mov	w2, #0x1                   	// #1
    40002bdc:	12800005 	mov	w5, #0xffffffff            	// #-1
    40002be0:	6b00005f 	cmp	w2, w0
    40002be4:	540002a9 	b.ls	40002c38 <gic_init+0xf8>  // b.plast
    40002be8:	52800020 	mov	w0, #0x1                   	// #1
    40002bec:	b9000020 	str	w0, [x1]
    40002bf0:	d5033fbf 	dmb	sy
    40002bf4:	97ffffbd 	bl	40002ae8 <gic_enable_cpuif>
    40002bf8:	f9400060 	ldr	x0, [x3]
    40002bfc:	b9400c00 	ldr	w0, [x0, #12]
    40002c00:	d5033fbf 	dmb	sy
    40002c04:	52800000 	mov	w0, #0x0                   	// #0
    40002c08:	a8c17bfd 	ldp	x29, x30, [sp], #16
    40002c0c:	d65f03c0 	ret
    40002c10:	11000442 	add	w2, w2, #0x1
    40002c14:	b80044a6 	str	w6, [x5], #4
    40002c18:	17ffffe4 	b	40002ba8 <gic_init+0x68>
    40002c1c:	11000442 	add	w2, w2, #0x1
    40002c20:	380014a6 	strb	w6, [x5], #1
    40002c24:	17ffffe6 	b	40002bbc <gic_init+0x7c>
    40002c28:	11200046 	add	w6, w2, #0x800
    40002c2c:	11000442 	add	w2, w2, #0x1
    40002c30:	382168c5 	strb	w5, [x6, x1]
    40002c34:	17ffffe6 	b	40002bcc <gic_init+0x8c>
    40002c38:	11000442 	add	w2, w2, #0x1
    40002c3c:	b8004485 	str	w5, [x4], #4
    40002c40:	17ffffe8 	b	40002be0 <gic_init+0xa0>
    40002c44:	d503201f 	nop
    40002c48:	4000d000 	.word	0x4000d000
    40002c4c:	00000000 	.word	0x00000000

0000000040002c50 <gic_init_secondary>:
    40002c50:	a9bf7bfd 	stp	x29, x30, [sp, #-16]!
    40002c54:	910003fd 	mov	x29, sp
    40002c58:	97ffffa4 	bl	40002ae8 <gic_enable_cpuif>
    40002c5c:	52800000 	mov	w0, #0x0                   	// #0
    40002c60:	a8c17bfd 	ldp	x29, x30, [sp], #16
    40002c64:	d65f03c0 	ret

0000000040002c68 <gic_enable_irq>:
    40002c68:	710f6c1f 	cmp	w0, #0x3db
    40002c6c:	540001a8 	b.hi	40002ca0 <gic_enable_irq+0x38>  // b.pmore
    40002c70:	90000002 	adrp	x2, 40002000 <context_switch>
    40002c74:	52800021 	mov	w1, #0x1                   	// #1
    40002c78:	1ac02021 	lsl	w1, w1, w0
    40002c7c:	53057c00 	lsr	w0, w0, #5
    40002c80:	f9465442 	ldr	x2, [x2, #3240]
    40002c84:	11010000 	add	w0, w0, #0x40
    40002c88:	d37e6c00 	ubfiz	x0, x0, #2, #28
    40002c8c:	f9400442 	ldr	x2, [x2, #8]
    40002c90:	b8226801 	str	w1, [x0, x2]
    40002c94:	d5033fbf 	dmb	sy
    40002c98:	52800000 	mov	w0, #0x0                   	// #0
    40002c9c:	d65f03c0 	ret
    40002ca0:	128002a0 	mov	w0, #0xffffffea            	// #-22
    40002ca4:	17fffffe 	b	40002c9c <gic_enable_irq+0x34>
    40002ca8:	4000d000 	.word	0x4000d000
    40002cac:	00000000 	.word	0x00000000

0000000040002cb0 <gic_disable_irq>:
    40002cb0:	710f6c1f 	cmp	w0, #0x3db
    40002cb4:	540001a8 	b.hi	40002ce8 <gic_disable_irq+0x38>  // b.pmore
    40002cb8:	90000002 	adrp	x2, 40002000 <context_switch>
    40002cbc:	52800021 	mov	w1, #0x1                   	// #1
    40002cc0:	1ac02021 	lsl	w1, w1, w0
    40002cc4:	53057c00 	lsr	w0, w0, #5
    40002cc8:	f9467842 	ldr	x2, [x2, #3312]
    40002ccc:	11018000 	add	w0, w0, #0x60
    40002cd0:	d37e6c00 	ubfiz	x0, x0, #2, #28
    40002cd4:	f9400442 	ldr	x2, [x2, #8]
    40002cd8:	b8226801 	str	w1, [x0, x2]
    40002cdc:	d5033fbf 	dmb	sy
    40002ce0:	52800000 	mov	w0, #0x0                   	// #0
    40002ce4:	d65f03c0 	ret
    40002ce8:	128002a0 	mov	w0, #0xffffffea            	// #-22
    40002cec:	17fffffe 	b	40002ce4 <gic_disable_irq+0x34>
    40002cf0:	4000d000 	.word	0x4000d000
    40002cf4:	00000000 	.word	0x00000000

0000000040002cf8 <gic_set_priority>:
    40002cf8:	12001c21 	and	w1, w1, #0xff
    40002cfc:	710f6c1f 	cmp	w0, #0x3db
    40002d00:	54000128 	b.hi	40002d24 <gic_set_priority+0x2c>  // b.pmore
    40002d04:	90000002 	adrp	x2, 40002000 <context_switch>
    40002d08:	11100000 	add	w0, w0, #0x400
    40002d0c:	f9469842 	ldr	x2, [x2, #3376]
    40002d10:	f9400442 	ldr	x2, [x2, #8]
    40002d14:	38226801 	strb	w1, [x0, x2]
    40002d18:	d5033fbf 	dmb	sy
    40002d1c:	52800000 	mov	w0, #0x0                   	// #0
    40002d20:	d65f03c0 	ret
    40002d24:	128002a0 	mov	w0, #0xffffffea            	// #-22
    40002d28:	17fffffe 	b	40002d20 <gic_set_priority+0x28>
    40002d2c:	d503201f 	nop
    40002d30:	4000d000 	.word	0x4000d000
    40002d34:	00000000 	.word	0x00000000

0000000040002d38 <gic_get_priority>:
    40002d38:	710f6c1f 	cmp	w0, #0x3db
    40002d3c:	54000108 	b.hi	40002d5c <gic_get_priority+0x24>  // b.pmore
    40002d40:	90000001 	adrp	x1, 40002000 <context_switch>
    40002d44:	11100000 	add	w0, w0, #0x400
    40002d48:	f946b421 	ldr	x1, [x1, #3432]
    40002d4c:	f9400421 	ldr	x1, [x1, #8]
    40002d50:	38616800 	ldrb	w0, [x0, x1]
    40002d54:	12001c00 	and	w0, w0, #0xff
    40002d58:	d65f03c0 	ret
    40002d5c:	52801fe0 	mov	w0, #0xff                  	// #255
    40002d60:	17fffffe 	b	40002d58 <gic_get_priority+0x20>
    40002d64:	d503201f 	nop
    40002d68:	4000d000 	.word	0x4000d000
    40002d6c:	00000000 	.word	0x00000000

0000000040002d70 <gic_set_affinity>:
    40002d70:	51008002 	sub	w2, w0, #0x20
    40002d74:	12001c21 	and	w1, w1, #0xff
    40002d78:	710eec5f 	cmp	w2, #0x3bb
    40002d7c:	54000148 	b.hi	40002da4 <gic_set_affinity+0x34>  // b.pmore
    40002d80:	34000121 	cbz	w1, 40002da4 <gic_set_affinity+0x34>
    40002d84:	90000002 	adrp	x2, 40002000 <context_switch>
    40002d88:	11200000 	add	w0, w0, #0x800
    40002d8c:	f946d842 	ldr	x2, [x2, #3504]
    40002d90:	f9400442 	ldr	x2, [x2, #8]
    40002d94:	38226801 	strb	w1, [x0, x2]
    40002d98:	d5033fbf 	dmb	sy
    40002d9c:	52800000 	mov	w0, #0x0                   	// #0
    40002da0:	d65f03c0 	ret
    40002da4:	128002a0 	mov	w0, #0xffffffea            	// #-22
    40002da8:	17fffffe 	b	40002da0 <gic_set_affinity+0x30>
    40002dac:	d503201f 	nop
    40002db0:	4000d000 	.word	0x4000d000
    40002db4:	00000000 	.word	0x00000000

0000000040002db8 <gic_acknowledge_irq>:
    40002db8:	90000000 	adrp	x0, 40002000 <context_switch>
    40002dbc:	f946e800 	ldr	x0, [x0, #3536]
    40002dc0:	f9400000 	ldr	x0, [x0]
    40002dc4:	b9400c00 	ldr	w0, [x0, #12]
    40002dc8:	d5033fbf 	dmb	sy
    40002dcc:	d65f03c0 	ret
    40002dd0:	4000d000 	.word	0x4000d000
    40002dd4:	00000000 	.word	0x00000000

0000000040002dd8 <gic_get_irq_id>:
    40002dd8:	17fffff8 	b	40002db8 <gic_acknowledge_irq>

0000000040002ddc <gic_end_of_interrupt>:
    40002ddc:	710ff81f 	cmp	w0, #0x3fe
    40002de0:	540000c8 	b.hi	40002df8 <gic_end_of_interrupt+0x1c>  // b.pmore
    40002de4:	90000001 	adrp	x1, 40002000 <context_switch>
    40002de8:	f9470021 	ldr	x1, [x1, #3584]
    40002dec:	f9400021 	ldr	x1, [x1]
    40002df0:	b9001020 	str	w0, [x1, #16]
    40002df4:	d5033fbf 	dmb	sy
    40002df8:	d65f03c0 	ret
    40002dfc:	d503201f 	nop
    40002e00:	4000d000 	.word	0x4000d000
    40002e04:	00000000 	.word	0x00000000

0000000040002e08 <gic_send_sgi>:
    40002e08:	12001c21 	and	w1, w1, #0xff
    40002e0c:	71003c1f 	cmp	w0, #0xf
    40002e10:	54000148 	b.hi	40002e38 <gic_send_sgi+0x30>  // b.pmore
    40002e14:	34000121 	cbz	w1, 40002e38 <gic_send_sgi+0x30>
    40002e18:	2a014001 	orr	w1, w0, w1, lsl #16
    40002e1c:	90000000 	adrp	x0, 40002000 <context_switch>
    40002e20:	f9472000 	ldr	x0, [x0, #3648]
    40002e24:	f9400400 	ldr	x0, [x0, #8]
    40002e28:	b90f0001 	str	w1, [x0, #3840]
    40002e2c:	d5033fbf 	dmb	sy
    40002e30:	52800000 	mov	w0, #0x0                   	// #0
    40002e34:	d65f03c0 	ret
    40002e38:	128002a0 	mov	w0, #0xffffffea            	// #-22
    40002e3c:	17fffffe 	b	40002e34 <gic_send_sgi+0x2c>
    40002e40:	4000d000 	.word	0x4000d000
    40002e44:	00000000 	.word	0x00000000

0000000040002e48 <gic_register_handler>:
    40002e48:	710f6c1f 	cmp	w0, #0x3db
    40002e4c:	540000a8 	b.hi	40002e60 <gic_register_handler+0x18>  // b.pmore
    40002e50:	f100003f 	cmp	x1, #0x0
    40002e54:	128002a0 	mov	w0, #0xffffffea            	// #-22
    40002e58:	1a9f0000 	csel	w0, w0, wzr, eq	// eq = none
    40002e5c:	d65f03c0 	ret
    40002e60:	128002a0 	mov	w0, #0xffffffea            	// #-22
    40002e64:	17fffffe 	b	40002e5c <gic_register_handler+0x14>

0000000040002e68 <gic_set_target>:
    40002e68:	17ffffc2 	b	40002d70 <gic_set_affinity>

0000000040002e6c <gic_set_trigger_mode>:
    40002e6c:	51008002 	sub	w2, w0, #0x20
    40002e70:	710eec5f 	cmp	w2, #0x3bb
    40002e74:	540002a8 	b.hi	40002ec8 <gic_set_trigger_mode+0x5c>  // b.pmore
    40002e78:	53047c03 	lsr	w3, w0, #4
    40002e7c:	531f0c00 	ubfiz	w0, w0, #1, #4
    40002e80:	52800062 	mov	w2, #0x3                   	// #3
    40002e84:	52800044 	mov	w4, #0x2                   	// #2
    40002e88:	1ac02042 	lsl	w2, w2, w0
    40002e8c:	7100003f 	cmp	w1, #0x0
    40002e90:	1ac02084 	lsl	w4, w4, w0
    40002e94:	90000000 	adrp	x0, 40002000 <context_switch>
    40002e98:	110c0061 	add	w1, w3, #0x300
    40002e9c:	1a9f0084 	csel	w4, w4, wzr, eq	// eq = none
    40002ea0:	f9476800 	ldr	x0, [x0, #3792]
    40002ea4:	d37e7021 	ubfiz	x1, x1, #2, #29
    40002ea8:	f9400403 	ldr	x3, [x0, #8]
    40002eac:	b8636820 	ldr	w0, [x1, x3]
    40002eb0:	0a220000 	bic	w0, w0, w2
    40002eb4:	2a040000 	orr	w0, w0, w4
    40002eb8:	b8236820 	str	w0, [x1, x3]
    40002ebc:	d5033fbf 	dmb	sy
    40002ec0:	52800000 	mov	w0, #0x0                   	// #0
    40002ec4:	d65f03c0 	ret
    40002ec8:	128002a0 	mov	w0, #0xffffffea            	// #-22
    40002ecc:	17fffffe 	b	40002ec4 <gic_set_trigger_mode+0x58>
    40002ed0:	4000d000 	.word	0x4000d000
    40002ed4:	00000000 	.word	0x00000000

0000000040002ed8 <ipi_init>:
    40002ed8:	a9bf7bfd 	stp	x29, x30, [sp, #-16]!
    40002edc:	90000000 	adrp	x0, 40002000 <context_switch>
    40002ee0:	d2800002 	mov	x2, #0x0                   	// #0
    40002ee4:	910003fd 	mov	x29, sp
    40002ee8:	f9479c01 	ldr	x1, [x0, #3896]
    40002eec:	d2800305 	mov	x5, #0x18                  	// #24
    40002ef0:	aa0103e0 	mov	x0, x1
    40002ef4:	91030024 	add	x4, x1, #0xc0
    40002ef8:	2a0203e3 	mov	w3, w2
    40002efc:	a9007c3f 	stp	xzr, xzr, [x1]
    40002f00:	91006021 	add	x1, x1, #0x18
    40002f04:	f822789f 	str	xzr, [x4, x2, lsl #3]
    40002f08:	91000442 	add	x2, x2, #0x1
    40002f0c:	9b050063 	madd	x3, x3, x5, x0
    40002f10:	b900107f 	str	wzr, [x3, #16]
    40002f14:	f100205f 	cmp	x2, #0x8
    40002f18:	54ffff01 	b.ne	40002ef8 <ipi_init+0x20>  // b.any
    40002f1c:	91040000 	add	x0, x0, #0x100
    40002f20:	9400052a 	bl	400043c8 <ticket_lock_init>
    40002f24:	d5033fbf 	dmb	sy
    40002f28:	52800000 	mov	w0, #0x0                   	// #0
    40002f2c:	a8c17bfd 	ldp	x29, x30, [sp], #16
    40002f30:	d65f03c0 	ret
    40002f34:	d503201f 	nop
    40002f38:	4000d010 	.word	0x4000d010
    40002f3c:	00000000 	.word	0x00000000

0000000040002f40 <ipi_send>:
    40002f40:	71001c1f 	cmp	w0, #0x7
    40002f44:	54000288 	b.hi	40002f94 <ipi_send+0x54>  // b.pmore
    40002f48:	a9be7bfd 	stp	x29, x30, [sp, #-32]!
    40002f4c:	910003fd 	mov	x29, sp
    40002f50:	a90153f3 	stp	x19, x20, [sp, #16]
    40002f54:	2a0103f3 	mov	w19, w1
    40002f58:	7100103f 	cmp	w1, #0x4
    40002f5c:	54000148 	b.hi	40002f84 <ipi_send+0x44>  // b.pmore
    40002f60:	2a0003f4 	mov	w20, w0
    40002f64:	94000145 	bl	40003478 <smp_cpu_online>
    40002f68:	360000e0 	tbz	w0, #0, 40002f84 <ipi_send+0x44>
    40002f6c:	52800021 	mov	w1, #0x1                   	// #1
    40002f70:	2a1303e0 	mov	w0, w19
    40002f74:	1ad42021 	lsl	w1, w1, w20
    40002f78:	a94153f3 	ldp	x19, x20, [sp, #16]
    40002f7c:	a8c27bfd 	ldp	x29, x30, [sp], #32
    40002f80:	17ffffa2 	b	40002e08 <gic_send_sgi>
    40002f84:	a94153f3 	ldp	x19, x20, [sp, #16]
    40002f88:	128002a0 	mov	w0, #0xffffffea            	// #-22
    40002f8c:	a8c27bfd 	ldp	x29, x30, [sp], #32
    40002f90:	d65f03c0 	ret
    40002f94:	128002a0 	mov	w0, #0xffffffea            	// #-22
    40002f98:	d65f03c0 	ret

0000000040002f9c <ipi_broadcast>:
    40002f9c:	a9bc7bfd 	stp	x29, x30, [sp, #-64]!
    40002fa0:	910003fd 	mov	x29, sp
    40002fa4:	a90153f3 	stp	x19, x20, [sp, #16]
    40002fa8:	a9025bf5 	stp	x21, x22, [sp, #32]
    40002fac:	2a0003f5 	mov	w21, w0
    40002fb0:	a90363f7 	stp	x23, x24, [sp, #48]
    40002fb4:	12001c37 	and	w23, w1, #0xff
    40002fb8:	94000110 	bl	400033f8 <smp_get_cpu_id>
    40002fbc:	710012bf 	cmp	w21, #0x4
    40002fc0:	54000348 	b.hi	40003028 <ipi_broadcast+0x8c>  // b.pmore
    40002fc4:	2a0003f6 	mov	w22, w0
    40002fc8:	52800013 	mov	w19, #0x0                   	// #0
    40002fcc:	52800014 	mov	w20, #0x0                   	// #0
    40002fd0:	52800038 	mov	w24, #0x1                   	// #1
    40002fd4:	2a1403e0 	mov	w0, w20
    40002fd8:	94000128 	bl	40003478 <smp_cpu_online>
    40002fdc:	36000100 	tbz	w0, #0, 40002ffc <ipi_broadcast+0x60>
    40002fe0:	2a1303e0 	mov	w0, w19
    40002fe4:	710002ff 	cmp	w23, #0x0
    40002fe8:	1ad42301 	lsl	w1, w24, w20
    40002fec:	2a010273 	orr	w19, w19, w1
    40002ff0:	7a5412c0 	ccmp	w22, w20, #0x0, ne	// ne = any
    40002ff4:	12001e73 	and	w19, w19, #0xff
    40002ff8:	1a801273 	csel	w19, w19, w0, ne	// ne = any
    40002ffc:	11000694 	add	w20, w20, #0x1
    40003000:	7100229f 	cmp	w20, #0x8
    40003004:	54fffe81 	b.ne	40002fd4 <ipi_broadcast+0x38>  // b.any
    40003008:	340001d3 	cbz	w19, 40003040 <ipi_broadcast+0xa4>
    4000300c:	a94363f7 	ldp	x23, x24, [sp, #48]
    40003010:	2a1303e1 	mov	w1, w19
    40003014:	a94153f3 	ldp	x19, x20, [sp, #16]
    40003018:	2a1503e0 	mov	w0, w21
    4000301c:	a9425bf5 	ldp	x21, x22, [sp, #32]
    40003020:	a8c47bfd 	ldp	x29, x30, [sp], #64
    40003024:	17ffff79 	b	40002e08 <gic_send_sgi>
    40003028:	128002a0 	mov	w0, #0xffffffea            	// #-22
    4000302c:	a94153f3 	ldp	x19, x20, [sp, #16]
    40003030:	a9425bf5 	ldp	x21, x22, [sp, #32]
    40003034:	a94363f7 	ldp	x23, x24, [sp, #48]
    40003038:	a8c47bfd 	ldp	x29, x30, [sp], #64
    4000303c:	d65f03c0 	ret
    40003040:	52800000 	mov	w0, #0x0                   	// #0
    40003044:	17fffffa 	b	4000302c <ipi_broadcast+0x90>

0000000040003048 <ipi_call_func>:
    40003048:	2a0003e4 	mov	w4, w0
    4000304c:	71001c9f 	cmp	w4, #0x7
    40003050:	540003c8 	b.hi	400030c8 <ipi_call_func+0x80>  // b.pmore
    40003054:	b40003a1 	cbz	x1, 400030c8 <ipi_call_func+0x80>
    40003058:	a9be7bfd 	stp	x29, x30, [sp, #-32]!
    4000305c:	910003fd 	mov	x29, sp
    40003060:	a90153f3 	stp	x19, x20, [sp, #16]
    40003064:	12001c74 	and	w20, w3, #0xff
    40003068:	90000003 	adrp	x3, 40003000 <ipi_broadcast+0x64>
    4000306c:	f9406865 	ldr	x5, [x3, #208]
    40003070:	d2800303 	mov	x3, #0x18                  	// #24
    40003074:	9b037c84 	mul	x4, x4, x3
    40003078:	8b0400b3 	add	x19, x5, x4
    4000307c:	f82468a1 	str	x1, [x5, x4]
    40003080:	f9000662 	str	x2, [x19, #8]
    40003084:	b900127f 	str	wzr, [x19, #16]
    40003088:	d5033fbf 	dmb	sy
    4000308c:	52800041 	mov	w1, #0x2                   	// #2
    40003090:	97ffffac 	bl	40002f40 <ipi_send>
    40003094:	370000b4 	tbnz	w20, #0, 400030a8 <ipi_call_func+0x60>
    40003098:	a94153f3 	ldp	x19, x20, [sp, #16]
    4000309c:	52800000 	mov	w0, #0x0                   	// #0
    400030a0:	a8c27bfd 	ldp	x29, x30, [sp], #32
    400030a4:	d65f03c0 	ret
    400030a8:	52884800 	mov	w0, #0x4240                	// #16960
    400030ac:	72a001e0 	movk	w0, #0xf, lsl #16
    400030b0:	d5033fbf 	dmb	sy
    400030b4:	b9401261 	ldr	w1, [x19, #16]
    400030b8:	35ffff01 	cbnz	w1, 40003098 <ipi_call_func+0x50>
    400030bc:	71000400 	subs	w0, w0, #0x1
    400030c0:	54ffff81 	b.ne	400030b0 <ipi_call_func+0x68>  // b.any
    400030c4:	17fffff5 	b	40003098 <ipi_call_func+0x50>
    400030c8:	128002a0 	mov	w0, #0xffffffea            	// #-22
    400030cc:	d65f03c0 	ret
    400030d0:	4000d010 	.word	0x4000d010
    400030d4:	00000000 	.word	0x00000000

00000000400030d8 <ipi_handler>:
    400030d8:	a9be7bfd 	stp	x29, x30, [sp, #-32]!
    400030dc:	910003fd 	mov	x29, sp
    400030e0:	f9000bf3 	str	x19, [sp, #16]
    400030e4:	2a0003f3 	mov	w19, w0
    400030e8:	940000c4 	bl	400033f8 <smp_get_cpu_id>
    400030ec:	71001c1f 	cmp	w0, #0x7
    400030f0:	54000108 	b.hi	40003110 <ipi_handler+0x38>  // b.pmore
    400030f4:	90000001 	adrp	x1, 40003000 <ipi_broadcast+0x64>
    400030f8:	2a0003e3 	mov	w3, w0
    400030fc:	f940d021 	ldr	x1, [x1, #416]
    40003100:	91030021 	add	x1, x1, #0xc0
    40003104:	f8637822 	ldr	x2, [x1, x3, lsl #3]
    40003108:	91000442 	add	x2, x2, #0x1
    4000310c:	f8237822 	str	x2, [x1, x3, lsl #3]
    40003110:	7100127f 	cmp	w19, #0x4
    40003114:	54000388 	b.hi	40003184 <ipi_handler+0xac>  // b.pmore
    40003118:	71000e7f 	cmp	w19, #0x3
    4000311c:	540003a0 	b.eq	40003190 <ipi_handler+0xb8>  // b.none
    40003120:	7100127f 	cmp	w19, #0x4
    40003124:	54000300 	b.eq	40003184 <ipi_handler+0xac>  // b.none
    40003128:	7100067f 	cmp	w19, #0x1
    4000312c:	540000c0 	b.eq	40003144 <ipi_handler+0x6c>  // b.none
    40003130:	71000a7f 	cmp	w19, #0x2
    40003134:	540000e0 	b.eq	40003150 <ipi_handler+0x78>  // b.none
    40003138:	f9400bf3 	ldr	x19, [sp, #16]
    4000313c:	a8c27bfd 	ldp	x29, x30, [sp], #32
    40003140:	14000206 	b	40003958 <schedule>
    40003144:	94000087 	bl	40003360 <smp_cpu_stop>
    40003148:	d503205f 	wfe
    4000314c:	17ffffff 	b	40003148 <ipi_handler+0x70>
    40003150:	2a0003e0 	mov	w0, w0
    40003154:	90000001 	adrp	x1, 40003000 <ipi_broadcast+0x64>
    40003158:	d2800302 	mov	x2, #0x18                  	// #24
    4000315c:	f940d021 	ldr	x1, [x1, #416]
    40003160:	9b027c00 	mul	x0, x0, x2
    40003164:	8b000033 	add	x19, x1, x0
    40003168:	f8606821 	ldr	x1, [x1, x0]
    4000316c:	b40000c1 	cbz	x1, 40003184 <ipi_handler+0xac>
    40003170:	f9400660 	ldr	x0, [x19, #8]
    40003174:	d63f0020 	blr	x1
    40003178:	52800020 	mov	w0, #0x1                   	// #1
    4000317c:	b9001260 	str	w0, [x19, #16]
    40003180:	d5033fbf 	dmb	sy
    40003184:	f9400bf3 	ldr	x19, [sp, #16]
    40003188:	a8c27bfd 	ldp	x29, x30, [sp], #32
    4000318c:	d65f03c0 	ret
    40003190:	d508831f 	tlbi	vmalle1is
    40003194:	d5033b9f 	dsb	ish
    40003198:	d5033fdf 	isb
    4000319c:	17fffffa 	b	40003184 <ipi_handler+0xac>
    400031a0:	4000d010 	.word	0x4000d010
    400031a4:	00000000 	.word	0x00000000

00000000400031a8 <smp_init>:
    400031a8:	a9bf7bfd 	stp	x29, x30, [sp, #-16]!
    400031ac:	90000000 	adrp	x0, 40003000 <ipi_broadcast+0x64>
    400031b0:	910003fd 	mov	x29, sp
    400031b4:	f9411801 	ldr	x1, [x0, #560]
    400031b8:	910b0022 	add	x2, x1, #0x2c0
    400031bc:	aa0103e0 	mov	x0, x1
    400031c0:	91016023 	add	x3, x1, #0x58
    400031c4:	f800843f 	str	xzr, [x1], #8
    400031c8:	eb03003f 	cmp	x1, x3
    400031cc:	54ffffc1 	b.ne	400031c4 <smp_init+0x1c>  // b.any
    400031d0:	eb02003f 	cmp	x1, x2
    400031d4:	54ffff61 	b.ne	400031c0 <smp_init+0x18>  // b.any
    400031d8:	d2c00041 	mov	x1, #0x200000000           	// #8589934592
    400031dc:	a9007c01 	stp	x1, xzr, [x0]
    400031e0:	52800021 	mov	w1, #0x1                   	// #1
    400031e4:	b902c001 	str	w1, [x0, #704]
    400031e8:	b902c401 	str	w1, [x0, #708]
    400031ec:	b902c81f 	str	wzr, [x0, #712]
    400031f0:	b902cc1f 	str	wzr, [x0, #716]
    400031f4:	b902d01f 	str	wzr, [x0, #720]
    400031f8:	b902d41f 	str	wzr, [x0, #724]
    400031fc:	b902d81f 	str	wzr, [x0, #728]
    40003200:	b902dc1f 	str	wzr, [x0, #732]
    40003204:	b902e01f 	str	wzr, [x0, #736]
    40003208:	a9027c1f 	stp	xzr, xzr, [x0, #32]
    4000320c:	f900181f 	str	xzr, [x0, #48]
    40003210:	910ba000 	add	x0, x0, #0x2e8
    40003214:	b81fc01f 	stur	wzr, [x0, #-4]
    40003218:	9400046c 	bl	400043c8 <ticket_lock_init>
    4000321c:	d5033fbf 	dmb	sy
    40003220:	52800000 	mov	w0, #0x0                   	// #0
    40003224:	a8c17bfd 	ldp	x29, x30, [sp], #16
    40003228:	d65f03c0 	ret
    4000322c:	d503201f 	nop
    40003230:	4000d140 	.word	0x4000d140
    40003234:	00000000 	.word	0x00000000

0000000040003238 <smp_boot_secondary>:
    40003238:	a9ba7bfd 	stp	x29, x30, [sp, #-96]!
    4000323c:	90000000 	adrp	x0, 40003000 <ipi_broadcast+0x64>
    40003240:	910003fd 	mov	x29, sp
    40003244:	a90153f3 	stp	x19, x20, [sp, #16]
    40003248:	f941a813 	ldr	x19, [x0, #848]
    4000324c:	a9025bf5 	stp	x21, x22, [sp, #32]
    40003250:	910ba260 	add	x0, x19, #0x2e8
    40003254:	a90363f7 	stp	x23, x24, [sp, #48]
    40003258:	aa1303f4 	mov	x20, x19
    4000325c:	a9046bf9 	stp	x25, x26, [sp, #64]
    40003260:	d2800079 	mov	x25, #0x3                   	// #3
    40003264:	52800017 	mov	w23, #0x0                   	// #0
    40003268:	f9002bfb 	str	x27, [sp, #80]
    4000326c:	9400045e 	bl	400043e4 <ticket_lock_acquire>
    40003270:	d2800032 	mov	x18, #0x1                   	// #1
    40003274:	2a1203f8 	mov	w24, w18
    40003278:	f2b88019 	movk	x25, #0xc400, lsl #16
    4000327c:	9000001a 	adrp	x26, 40003000 <ipi_broadcast+0x64>
    40003280:	b942c260 	ldr	w0, [x19, #704]
    40003284:	1ad22315 	lsl	w21, w24, w18
    40003288:	6a0002bf 	tst	w21, w0
    4000328c:	540003a1 	b.ne	40003300 <smp_boot_secondary+0xc8>  // b.any
    40003290:	b9005e98 	str	w24, [x20, #92]
    40003294:	d5033fbf 	dmb	sy
    40003298:	f941af5b 	ldr	x27, [x26, #856]
    4000329c:	aa1903e0 	mov	x0, x25
    400032a0:	aa1203e1 	mov	x1, x18
    400032a4:	aa1b03e2 	mov	x2, x27
    400032a8:	aa1203e3 	mov	x3, x18
    400032ac:	d4000002 	hvc	#0x0
    400032b0:	aa0003fb 	mov	x27, x0
    400032b4:	3500049b 	cbnz	w27, 40003344 <smp_boot_secondary+0x10c>
    400032b8:	52884801 	mov	w1, #0x4240                	// #16960
    400032bc:	910b2262 	add	x2, x19, #0x2c8
    400032c0:	2a1203e0 	mov	w0, w18
    400032c4:	72a001e1 	movk	w1, #0xf, lsl #16
    400032c8:	d5033fbf 	dmb	sy
    400032cc:	b8607843 	ldr	w3, [x2, x0, lsl #2]
    400032d0:	35000063 	cbnz	w3, 400032dc <smp_boot_secondary+0xa4>
    400032d4:	71000421 	subs	w1, w1, #0x1
    400032d8:	54ffff81 	b.ne	400032c8 <smp_boot_secondary+0x90>  // b.any
    400032dc:	910b2261 	add	x1, x19, #0x2c8
    400032e0:	b8607820 	ldr	w0, [x1, x0, lsl #2]
    400032e4:	340002a0 	cbz	w0, 40003338 <smp_boot_secondary+0x100>
    400032e8:	b942c260 	ldr	w0, [x19, #704]
    400032ec:	2a0002b5 	orr	w21, w21, w0
    400032f0:	b902c275 	str	w21, [x19, #704]
    400032f4:	b942c660 	ldr	w0, [x19, #708]
    400032f8:	11000400 	add	w0, w0, #0x1
    400032fc:	b902c660 	str	w0, [x19, #708]
    40003300:	91000652 	add	x18, x18, #0x1
    40003304:	91016294 	add	x20, x20, #0x58
    40003308:	f100225f 	cmp	x18, #0x8
    4000330c:	54fffba1 	b.ne	40003280 <smp_boot_secondary+0x48>  // b.any
    40003310:	910ba260 	add	x0, x19, #0x2e8
    40003314:	94000449 	bl	40004438 <ticket_lock_release>
    40003318:	a94153f3 	ldp	x19, x20, [sp, #16]
    4000331c:	2a1703e0 	mov	w0, w23
    40003320:	a9425bf5 	ldp	x21, x22, [sp, #32]
    40003324:	a94363f7 	ldp	x23, x24, [sp, #48]
    40003328:	a9446bf9 	ldp	x25, x26, [sp, #64]
    4000332c:	f9402bfb 	ldr	x27, [sp, #80]
    40003330:	a8c67bfd 	ldp	x29, x30, [sp], #96
    40003334:	d65f03c0 	ret
    40003338:	12800e77 	mov	w23, #0xffffff8c            	// #-116
    4000333c:	b9005e9f 	str	wzr, [x20, #92]
    40003340:	17fffff0 	b	40003300 <smp_boot_secondary+0xc8>
    40003344:	b9005e9f 	str	wzr, [x20, #92]
    40003348:	17ffffee 	b	40003300 <smp_boot_secondary+0xc8>
    4000334c:	d503201f 	nop
    40003350:	4000d140 	.word	0x4000d140
    40003354:	00000000 	.word	0x00000000
    40003358:	4000009c 	.word	0x4000009c
    4000335c:	00000000 	.word	0x00000000

0000000040003360 <smp_cpu_stop>:
    40003360:	a9be7bfd 	stp	x29, x30, [sp, #-32]!
    40003364:	910003fd 	mov	x29, sp
    40003368:	a90153f3 	stp	x19, x20, [sp, #16]
    4000336c:	2a0003f4 	mov	w20, w0
    40003370:	51000400 	sub	w0, w0, #0x1
    40003374:	7100181f 	cmp	w0, #0x6
    40003378:	54000368 	b.hi	400033e4 <smp_cpu_stop+0x84>  // b.pmore
    4000337c:	90000000 	adrp	x0, 40003000 <ipi_broadcast+0x64>
    40003380:	f941f813 	ldr	x19, [x0, #1008]
    40003384:	910ba260 	add	x0, x19, #0x2e8
    40003388:	94000417 	bl	400043e4 <ticket_lock_acquire>
    4000338c:	2a1403e0 	mov	w0, w20
    40003390:	d2800b01 	mov	x1, #0x58                  	// #88
    40003394:	9b014c00 	madd	x0, x0, x1, x19
    40003398:	52800061 	mov	w1, #0x3                   	// #3
    4000339c:	b9000401 	str	w1, [x0, #4]
    400033a0:	d5033fbf 	dmb	sy
    400033a4:	b942c261 	ldr	w1, [x19, #704]
    400033a8:	52800020 	mov	w0, #0x1                   	// #1
    400033ac:	1ad42000 	lsl	w0, w0, w20
    400033b0:	0a200020 	bic	w0, w1, w0
    400033b4:	b902c260 	str	w0, [x19, #704]
    400033b8:	b942c660 	ldr	w0, [x19, #708]
    400033bc:	34000080 	cbz	w0, 400033cc <smp_cpu_stop+0x6c>
    400033c0:	b942c660 	ldr	w0, [x19, #708]
    400033c4:	51000400 	sub	w0, w0, #0x1
    400033c8:	b902c660 	str	w0, [x19, #708]
    400033cc:	910ba260 	add	x0, x19, #0x2e8
    400033d0:	9400041a 	bl	40004438 <ticket_lock_release>
    400033d4:	52800000 	mov	w0, #0x0                   	// #0
    400033d8:	a94153f3 	ldp	x19, x20, [sp, #16]
    400033dc:	a8c27bfd 	ldp	x29, x30, [sp], #32
    400033e0:	d65f03c0 	ret
    400033e4:	128002a0 	mov	w0, #0xffffffea            	// #-22
    400033e8:	17fffffc 	b	400033d8 <smp_cpu_stop+0x78>
    400033ec:	d503201f 	nop
    400033f0:	4000d140 	.word	0x4000d140
    400033f4:	00000000 	.word	0x00000000

00000000400033f8 <smp_get_cpu_id>:
    400033f8:	d53800a0 	mrs	x0, mpidr_el1
    400033fc:	12001c00 	and	w0, w0, #0xff
    40003400:	d65f03c0 	ret

0000000040003404 <smp_get_percpu>:
    40003404:	d53800a2 	mrs	x2, mpidr_el1
    40003408:	90000000 	adrp	x0, 40003000 <ipi_broadcast+0x64>
    4000340c:	52800b03 	mov	w3, #0x58                  	// #88
    40003410:	f27d105f 	tst	x2, #0xf8
    40003414:	f9421401 	ldr	x1, [x0, #1064]
    40003418:	12001c40 	and	w0, w2, #0xff
    4000341c:	9ba30400 	umaddl	x0, w0, w3, x1
    40003420:	9a810000 	csel	x0, x0, x1, eq	// eq = none
    40003424:	d65f03c0 	ret
    40003428:	4000d140 	.word	0x4000d140
    4000342c:	00000000 	.word	0x00000000

0000000040003430 <smp_get_percpu_by_id>:
    40003430:	71001c1f 	cmp	w0, #0x7
    40003434:	540000c8 	b.hi	4000344c <smp_get_percpu_by_id+0x1c>  // b.pmore
    40003438:	90000001 	adrp	x1, 40003000 <ipi_broadcast+0x64>
    4000343c:	52800b02 	mov	w2, #0x58                  	// #88
    40003440:	f9422c21 	ldr	x1, [x1, #1112]
    40003444:	9ba20400 	umaddl	x0, w0, w2, x1
    40003448:	d65f03c0 	ret
    4000344c:	d2800000 	mov	x0, #0x0                   	// #0
    40003450:	17fffffe 	b	40003448 <smp_get_percpu_by_id+0x18>
    40003454:	d503201f 	nop
    40003458:	4000d140 	.word	0x4000d140
    4000345c:	00000000 	.word	0x00000000

0000000040003460 <smp_get_online_count>:
    40003460:	90000000 	adrp	x0, 40003000 <ipi_broadcast+0x64>
    40003464:	f9423800 	ldr	x0, [x0, #1136]
    40003468:	b942c400 	ldr	w0, [x0, #708]
    4000346c:	d65f03c0 	ret
    40003470:	4000d140 	.word	0x4000d140
    40003474:	00000000 	.word	0x00000000

0000000040003478 <smp_cpu_online>:
    40003478:	71001c1f 	cmp	w0, #0x7
    4000347c:	54000128 	b.hi	400034a0 <smp_cpu_online+0x28>  // b.pmore
    40003480:	90000001 	adrp	x1, 40003000 <ipi_broadcast+0x64>
    40003484:	f9425421 	ldr	x1, [x1, #1192]
    40003488:	b942c022 	ldr	w2, [x1, #704]
    4000348c:	52800021 	mov	w1, #0x1                   	// #1
    40003490:	1ac02020 	lsl	w0, w1, w0
    40003494:	6a02001f 	tst	w0, w2
    40003498:	1a9f07e0 	cset	w0, ne	// ne = any
    4000349c:	d65f03c0 	ret
    400034a0:	52800000 	mov	w0, #0x0                   	// #0
    400034a4:	17fffffe 	b	4000349c <smp_cpu_online+0x24>
    400034a8:	4000d140 	.word	0x4000d140
    400034ac:	00000000 	.word	0x00000000

00000000400034b0 <smp_secondary_entry>:
    400034b0:	71001c1f 	cmp	w0, #0x7
    400034b4:	54000588 	b.hi	40003564 <smp_secondary_entry+0xb4>  // b.pmore
    400034b8:	a9be7bfd 	stp	x29, x30, [sp, #-32]!
    400034bc:	910003fd 	mov	x29, sp
    400034c0:	f9000bf3 	str	x19, [sp, #16]
    400034c4:	2a0003f3 	mov	w19, w0
    400034c8:	d5381040 	mrs	x0, cpacr_el1
    400034cc:	b26c0400 	orr	x0, x0, #0x300000
    400034d0:	d5181040 	msr	cpacr_el1, x0
    400034d4:	d5033fdf 	isb
    400034d8:	97fffdde 	bl	40002c50 <gic_init_secondary>
    400034dc:	d2800000 	mov	x0, #0x0                   	// #0
    400034e0:	d51be220 	msr	cntp_ctl_el0, x0
    400034e4:	d5033fdf 	isb
    400034e8:	d53be020 	mrs	x0, cntpct_el0
    400034ec:	d53be001 	mrs	x1, cntfrq_el0
    400034f0:	d5033fdf 	isb
    400034f4:	d286c002 	mov	x2, #0x3600                	// #13824
    400034f8:	f100003f 	cmp	x1, #0x0
    400034fc:	f2a02dc2 	movk	x2, #0x16e, lsl #16
    40003500:	9a821021 	csel	x1, x1, x2, ne	// ne = any
    40003504:	d2807d02 	mov	x2, #0x3e8                 	// #1000
    40003508:	9ac20821 	udiv	x1, x1, x2
    4000350c:	8b000021 	add	x1, x1, x0
    40003510:	d51be241 	msr	cntp_cval_el0, x1
    40003514:	d5033fdf 	isb
    40003518:	d2800024 	mov	x4, #0x1                   	// #1
    4000351c:	d51be224 	msr	cntp_ctl_el0, x4
    40003520:	d5033fdf 	isb
    40003524:	2a1303e3 	mov	w3, w19
    40003528:	90000000 	adrp	x0, 40003000 <ipi_broadcast+0x64>
    4000352c:	d2800b02 	mov	x2, #0x58                  	// #88
    40003530:	f942b401 	ldr	x1, [x0, #1384]
    40003534:	9b027c62 	mul	x2, x3, x2
    40003538:	8b020020 	add	x0, x1, x2
    4000353c:	b8226833 	str	w19, [x1, x2]
    40003540:	910b2021 	add	x1, x1, #0x2c8
    40003544:	f900041f 	str	xzr, [x0, #8]
    40003548:	52800042 	mov	w2, #0x2                   	// #2
    4000354c:	b9000402 	str	w2, [x0, #4]
    40003550:	b8237824 	str	w4, [x1, x3, lsl #2]
    40003554:	a9027c1f 	stp	xzr, xzr, [x0, #32]
    40003558:	d5033fbf 	dmb	sy
    4000355c:	d50342ff 	msr	daifclr, #0x2
    40003560:	9400015f 	bl	40003adc <scheduler_start_secondary>
    40003564:	d65f03c0 	ret
    40003568:	4000d140 	.word	0x4000d140
    4000356c:	00000000 	.word	0x00000000

0000000040003570 <idle_task_entry>:
    40003570:	d503205f 	wfe
    40003574:	17ffffff 	b	40003570 <idle_task_entry>

0000000040003578 <stack_alloc_by_scheduler>:
    40003578:	90000001 	adrp	x1, 40003000 <ipi_broadcast+0x64>
    4000357c:	f942e823 	ldr	x3, [x1, #1488]
    40003580:	90000001 	adrp	x1, 40003000 <ipi_broadcast+0x64>
    40003584:	f942ec21 	ldr	x1, [x1, #1496]
    40003588:	f9400022 	ldr	x2, [x1]
    4000358c:	b50000a2 	cbnz	x2, 400035a0 <stack_alloc_by_scheduler+0x28>
    40003590:	90000002 	adrp	x2, 40003000 <ipi_broadcast+0x64>
    40003594:	f942f042 	ldr	x2, [x2, #1504]
    40003598:	f9000022 	str	x2, [x1]
    4000359c:	d5033fbf 	dmb	sy
    400035a0:	f9400022 	ldr	x2, [x1]
    400035a4:	91003c42 	add	x2, x2, #0xf
    400035a8:	8b204040 	add	x0, x2, w0, uxtw
    400035ac:	927cec00 	and	x0, x0, #0xfffffffffffffff0
    400035b0:	eb00007f 	cmp	x3, x0
    400035b4:	540000a3 	b.cc	400035c8 <stack_alloc_by_scheduler+0x50>  // b.lo, b.ul, b.last
    400035b8:	f9000020 	str	x0, [x1]
    400035bc:	d5033fbf 	dmb	sy
    400035c0:	f9400020 	ldr	x0, [x1]
    400035c4:	d65f03c0 	ret
    400035c8:	d2800000 	mov	x0, #0x0                   	// #0
    400035cc:	17fffffe 	b	400035c4 <stack_alloc_by_scheduler+0x4c>
    400035d0:	402c9000 	.word	0x402c9000
    400035d4:	00000000 	.word	0x00000000
    400035d8:	4000d438 	.word	0x4000d438
    400035dc:	00000000 	.word	0x00000000
    400035e0:	400c9000 	.word	0x400c9000
    400035e4:	00000000 	.word	0x00000000

00000000400035e8 <scheduler_init>:
    400035e8:	a9bb7bfd 	stp	x29, x30, [sp, #-80]!
    400035ec:	90000000 	adrp	x0, 40003000 <ipi_broadcast+0x64>
    400035f0:	910003fd 	mov	x29, sp
    400035f4:	a90153f3 	stp	x19, x20, [sp, #16]
    400035f8:	f9439c13 	ldr	x19, [x0, #1848]
    400035fc:	a9025bf5 	stp	x21, x22, [sp, #32]
    40003600:	91405a75 	add	x21, x19, #0x16, lsl #12
    40003604:	a90363f7 	stp	x23, x24, [sp, #48]
    40003608:	a9046bf9 	stp	x25, x26, [sp, #64]
    4000360c:	396702a0 	ldrb	w0, [x21, #2496]
    40003610:	37000800 	tbnz	w0, #0, 40003710 <scheduler_init+0x128>
    40003614:	aa1303f4 	mov	x20, x19
    40003618:	aa1303e0 	mov	x0, x19
    4000361c:	d2800003 	mov	x3, #0x0                   	// #0
    40003620:	d2820704 	mov	x4, #0x1038                	// #4152
    40003624:	d2903805 	mov	x5, #0x81c0                	// #33216
    40003628:	91008002 	add	x2, x0, #0x20
    4000362c:	52802001 	mov	w1, #0x100                 	// #256
    40003630:	a9007c1f 	stp	xzr, xzr, [x0]
    40003634:	a9017c1f 	stp	xzr, xzr, [x0, #16]
    40003638:	71000421 	subs	w1, w1, #0x1
    4000363c:	a9000842 	stp	x2, x2, [x2]
    40003640:	91004042 	add	x2, x2, #0x10
    40003644:	54ffffa1 	b.ne	40003638 <scheduler_init+0x50>  // b.any
    40003648:	8b040063 	add	x3, x3, x4
    4000364c:	b910201f 	str	wzr, [x0, #4128]
    40003650:	b910241f 	str	wzr, [x0, #4132]
    40003654:	f908141f 	str	xzr, [x0, #4136]
    40003658:	f908181f 	str	xzr, [x0, #4144]
    4000365c:	8b040000 	add	x0, x0, x4
    40003660:	eb05007f 	cmp	x3, x5
    40003664:	54fffe21 	b.ne	40003628 <scheduler_init+0x40>  // b.any
    40003668:	90000000 	adrp	x0, 40003000 <ipi_broadcast+0x64>
    4000366c:	f943a000 	ldr	x0, [x0, #1856]
    40003670:	91004002 	add	x2, x0, #0x10
    40003674:	29397c01 	stp	w1, wzr, [x0, #-56]
    40003678:	11000421 	add	w1, w1, #0x1
    4000367c:	a93d7c1f 	stp	xzr, xzr, [x0, #-48]
    40003680:	f81e001f 	stur	xzr, [x0, #-32]
    40003684:	b81e801f 	stur	wzr, [x0, #-24]
    40003688:	381ec01f 	sturb	wzr, [x0, #-20]
    4000368c:	293e7c1f 	stp	wzr, wzr, [x0, #-16]
    40003690:	b81f801f 	stur	wzr, [x0, #-8]
    40003694:	a9000000 	stp	x0, x0, [x0]
    40003698:	a9010802 	stp	x2, x2, [x0, #16]
    4000369c:	9103a000 	add	x0, x0, #0xe8
    400036a0:	f813801f 	stur	xzr, [x0, #-200]
    400036a4:	3814001f 	sturb	wzr, [x0, #-192]
    400036a8:	7104003f 	cmp	w1, #0x100
    400036ac:	54fffe21 	b.ne	40003670 <scheduler_init+0x88>  // b.any
    400036b0:	d2903816 	mov	x22, #0x81c0                	// #33216
    400036b4:	8b160277 	add	x23, x19, x22
    400036b8:	90000019 	adrp	x25, 40003000 <ipi_broadcast+0x64>
    400036bc:	9000001a 	adrp	x26, 40003000 <ipi_broadcast+0x64>
    400036c0:	52801d18 	mov	w24, #0xe8                  	// #232
    400036c4:	f943a721 	ldr	x1, [x25, #1864]
    400036c8:	52840005 	mov	w5, #0x2000                	// #8192
    400036cc:	f943ab40 	ldr	x0, [x26, #1872]
    400036d0:	52800004 	mov	w4, #0x0                   	// #0
    400036d4:	52800003 	mov	w3, #0x0                   	// #0
    400036d8:	d2800002 	mov	x2, #0x0                   	// #0
    400036dc:	9400011b 	bl	40003b48 <kthread_create>
    400036e0:	3100041f 	cmn	w0, #0x1
    400036e4:	54000240 	b.eq	4000372c <scheduler_init+0x144>  // b.none
    400036e8:	9bb85800 	umaddl	x0, w0, w24, x22
    400036ec:	8b000260 	add	x0, x19, x0
    400036f0:	f9081a80 	str	x0, [x20, #4144]
    400036f4:	d2820700 	mov	x0, #0x1038                	// #4152
    400036f8:	8b000294 	add	x20, x20, x0
    400036fc:	eb17029f 	cmp	x20, x23
    40003700:	54fffe21 	b.ne	400036c4 <scheduler_init+0xdc>  // b.any
    40003704:	d5033fbf 	dmb	sy
    40003708:	52800020 	mov	w0, #0x1                   	// #1
    4000370c:	392702a0 	strb	w0, [x21, #2496]
    40003710:	52800000 	mov	w0, #0x0                   	// #0
    40003714:	a94153f3 	ldp	x19, x20, [sp, #16]
    40003718:	a9425bf5 	ldp	x21, x22, [sp, #32]
    4000371c:	a94363f7 	ldp	x23, x24, [sp, #48]
    40003720:	a9446bf9 	ldp	x25, x26, [sp, #64]
    40003724:	a8c57bfd 	ldp	x29, x30, [sp], #80
    40003728:	d65f03c0 	ret
    4000372c:	12800160 	mov	w0, #0xfffffff4            	// #-12
    40003730:	17fffff9 	b	40003714 <scheduler_init+0x12c>
    40003734:	d503201f 	nop
    40003738:	4000d440 	.word	0x4000d440
    4000373c:	00000000 	.word	0x00000000
    40003740:	400156b0 	.word	0x400156b0
    40003744:	00000000 	.word	0x00000000
    40003748:	40003570 	.word	0x40003570
    4000374c:	00000000 	.word	0x00000000
    40003750:	400094ad 	.word	0x400094ad
    40003754:	00000000 	.word	0x00000000

0000000040003758 <scheduler_enqueue>:
    40003758:	b40004a0 	cbz	x0, 400037ec <scheduler_enqueue+0x94>
    4000375c:	d53800a3 	mrs	x3, mpidr_el1
    40003760:	39427001 	ldrb	w1, [x0, #156]
    40003764:	12001c66 	and	w6, w3, #0xff
    40003768:	92401c63 	and	x3, x3, #0xff
    4000376c:	90000002 	adrp	x2, 40003000 <ipi_broadcast+0x64>
    40003770:	d28040e5 	mov	x5, #0x207                 	// #519
    40003774:	9102c000 	add	x0, x0, #0xb0
    40003778:	d3461c24 	ubfx	x4, x1, #6, #2
    4000377c:	f943f842 	ldr	x2, [x2, #2032]
    40003780:	9b051065 	madd	x5, x3, x5, x4
    40003784:	d2800024 	mov	x4, #0x1                   	// #1
    40003788:	9ac12084 	lsl	x4, x4, x1
    4000378c:	f8657847 	ldr	x7, [x2, x5, lsl #3]
    40003790:	aa070084 	orr	x4, x4, x7
    40003794:	f8257844 	str	x4, [x2, x5, lsl #3]
    40003798:	52820705 	mov	w5, #0x1038                	// #4152
    4000379c:	11000824 	add	w4, w1, #0x2
    400037a0:	d37c1c21 	ubfiz	x1, x1, #4, #8
    400037a4:	9ba57cc5 	umull	x5, w6, w5
    400037a8:	91008021 	add	x1, x1, #0x20
    400037ac:	8b24d0a4 	add	x4, x5, w4, sxtw #4
    400037b0:	8b020084 	add	x4, x4, x2
    400037b4:	f9000004 	str	x4, [x0]
    400037b8:	d2820704 	mov	x4, #0x1038                	// #4152
    400037bc:	9b047c63 	mul	x3, x3, x4
    400037c0:	8b030021 	add	x1, x1, x3
    400037c4:	8b010041 	add	x1, x2, x1
    400037c8:	8b030042 	add	x2, x2, x3
    400037cc:	f9400424 	ldr	x4, [x1, #8]
    400037d0:	f9000404 	str	x4, [x0, #8]
    400037d4:	f9000080 	str	x0, [x4]
    400037d8:	f9000420 	str	x0, [x1, #8]
    400037dc:	b9502440 	ldr	w0, [x2, #4132]
    400037e0:	11000400 	add	w0, w0, #0x1
    400037e4:	b9102440 	str	w0, [x2, #4132]
    400037e8:	d5033fbf 	dmb	sy
    400037ec:	d65f03c0 	ret
    400037f0:	4000d440 	.word	0x4000d440
    400037f4:	00000000 	.word	0x00000000

00000000400037f8 <scheduler_dequeue>:
    400037f8:	b4000500 	cbz	x0, 40003898 <scheduler_dequeue+0xa0>
    400037fc:	d53800a1 	mrs	x1, mpidr_el1
    40003800:	aa0003e2 	mov	x2, x0
    40003804:	d2820706 	mov	x6, #0x1038                	// #4152
    40003808:	f9405c04 	ldr	x4, [x0, #184]
    4000380c:	12001c25 	and	w5, w1, #0xff
    40003810:	f84b0c43 	ldr	x3, [x2, #176]!
    40003814:	f9000083 	str	x3, [x4]
    40003818:	9ba67ca5 	umull	x5, w5, w6
    4000381c:	f9000464 	str	x4, [x3, #8]
    40003820:	a90b0802 	stp	x2, x2, [x0, #176]
    40003824:	90000002 	adrp	x2, 40003000 <ipi_broadcast+0x64>
    40003828:	39427004 	ldrb	w4, [x0, #156]
    4000382c:	39427003 	ldrb	w3, [x0, #156]
    40003830:	92401c20 	and	x0, x1, #0xff
    40003834:	f9445042 	ldr	x2, [x2, #2208]
    40003838:	91000863 	add	x3, x3, #0x2
    4000383c:	9b067c01 	mul	x1, x0, x6
    40003840:	8b031023 	add	x3, x1, x3, lsl #4
    40003844:	11000881 	add	w1, w4, #0x2
    40003848:	8b21d0a1 	add	x1, x5, w1, sxtw #4
    4000384c:	f8636843 	ldr	x3, [x2, x3]
    40003850:	8b020021 	add	x1, x1, x2
    40003854:	eb01007f 	cmp	x3, x1
    40003858:	54000121 	b.ne	4000387c <scheduler_dequeue+0x84>  // b.any
    4000385c:	d3461c81 	ubfx	x1, x4, #6, #2
    40003860:	d28040e3 	mov	x3, #0x207                 	// #519
    40003864:	9b030403 	madd	x3, x0, x3, x1
    40003868:	d2800021 	mov	x1, #0x1                   	// #1
    4000386c:	9ac42021 	lsl	x1, x1, x4
    40003870:	f8637844 	ldr	x4, [x2, x3, lsl #3]
    40003874:	8a210081 	bic	x1, x4, x1
    40003878:	f8237841 	str	x1, [x2, x3, lsl #3]
    4000387c:	d2820701 	mov	x1, #0x1038                	// #4152
    40003880:	9b010800 	madd	x0, x0, x1, x2
    40003884:	b9502401 	ldr	w1, [x0, #4132]
    40003888:	34000061 	cbz	w1, 40003894 <scheduler_dequeue+0x9c>
    4000388c:	51000421 	sub	w1, w1, #0x1
    40003890:	b9102401 	str	w1, [x0, #4132]
    40003894:	d5033fbf 	dmb	sy
    40003898:	d65f03c0 	ret
    4000389c:	d503201f 	nop
    400038a0:	4000d440 	.word	0x4000d440
    400038a4:	00000000 	.word	0x00000000

00000000400038a8 <scheduler_pick_next>:
    400038a8:	d53800a1 	mrs	x1, mpidr_el1
    400038ac:	92401c21 	and	x1, x1, #0xff
    400038b0:	d28040e4 	mov	x4, #0x207                 	// #519
    400038b4:	52800080 	mov	w0, #0x4                   	// #4
    400038b8:	90000005 	adrp	x5, 40003000 <ipi_broadcast+0x64>
    400038bc:	9b047c24 	mul	x4, x1, x4
    400038c0:	51000400 	sub	w0, w0, #0x1
    400038c4:	f9448ca3 	ldr	x3, [x5, #2328]
    400038c8:	8b204082 	add	x2, x4, w0, uxtw
    400038cc:	f8627862 	ldr	x2, [x3, x2, lsl #3]
    400038d0:	b4000182 	cbz	x2, 40003900 <scheduler_pick_next+0x58>
    400038d4:	531a6400 	lsl	w0, w0, #6
    400038d8:	dac01042 	clz	x2, x2
    400038dc:	1100fc00 	add	w0, w0, #0x3f
    400038e0:	4b020000 	sub	w0, w0, w2
    400038e4:	d2820702 	mov	x2, #0x1038                	// #4152
    400038e8:	91000800 	add	x0, x0, #0x2
    400038ec:	9b027c21 	mul	x1, x1, x2
    400038f0:	8b001020 	add	x0, x1, x0, lsl #4
    400038f4:	f8606860 	ldr	x0, [x3, x0]
    400038f8:	d102c000 	sub	x0, x0, #0xb0
    400038fc:	d65f03c0 	ret
    40003900:	35fffe00 	cbnz	w0, 400038c0 <scheduler_pick_next+0x18>
    40003904:	d2820700 	mov	x0, #0x1038                	// #4152
    40003908:	9b000c21 	madd	x1, x1, x0, x3
    4000390c:	f9481820 	ldr	x0, [x1, #4144]
    40003910:	17fffffb 	b	400038fc <scheduler_pick_next+0x54>
    40003914:	d503201f 	nop
    40003918:	4000d440 	.word	0x4000d440
    4000391c:	00000000 	.word	0x00000000

0000000040003920 <scheduler_load_current>:
    40003920:	b4000160 	cbz	x0, 4000394c <scheduler_load_current+0x2c>
    40003924:	d53800a1 	mrs	x1, mpidr_el1
    40003928:	90000002 	adrp	x2, 40003000 <ipi_broadcast+0x64>
    4000392c:	92401c21 	and	x1, x1, #0xff
    40003930:	d2820703 	mov	x3, #0x1038                	// #4152
    40003934:	f944a842 	ldr	x2, [x2, #2384]
    40003938:	9b030821 	madd	x1, x1, x3, x2
    4000393c:	f9081420 	str	x0, [x1, #4136]
    40003940:	52800041 	mov	w1, #0x2                   	// #2
    40003944:	b9007c01 	str	w1, [x0, #124]
    40003948:	d5033fbf 	dmb	sy
    4000394c:	d65f03c0 	ret
    40003950:	4000d440 	.word	0x4000d440
    40003954:	00000000 	.word	0x00000000

0000000040003958 <schedule>:
    40003958:	a9bf7bfd 	stp	x29, x30, [sp, #-16]!
    4000395c:	910003fd 	mov	x29, sp
    40003960:	d53800a0 	mrs	x0, mpidr_el1
    40003964:	90000001 	adrp	x1, 40003000 <ipi_broadcast+0x64>
    40003968:	92401c00 	and	x0, x0, #0xff
    4000396c:	d2820702 	mov	x2, #0x1038                	// #4152
    40003970:	f944f021 	ldr	x1, [x1, #2528]
    40003974:	9b020400 	madd	x0, x0, x2, x1
    40003978:	f9481408 	ldr	x8, [x0, #4136]
    4000397c:	97ffffcb 	bl	400038a8 <scheduler_pick_next>
    40003980:	b40002c0 	cbz	x0, 400039d8 <schedule+0x80>
    40003984:	b9407c01 	ldr	w1, [x0, #124]
    40003988:	aa0003e9 	mov	x9, x0
    4000398c:	7100043f 	cmp	w1, #0x1
    40003990:	54000041 	b.ne	40003998 <schedule+0x40>  // b.any
    40003994:	97ffff99 	bl	400037f8 <scheduler_dequeue>
    40003998:	eb09011f 	cmp	x8, x9
    4000399c:	540001e0 	b.eq	400039d8 <schedule+0x80>  // b.none
    400039a0:	b4000108 	cbz	x8, 400039c0 <schedule+0x68>
    400039a4:	b9407d00 	ldr	w0, [x8, #124]
    400039a8:	7100081f 	cmp	w0, #0x2
    400039ac:	540000a1 	b.ne	400039c0 <schedule+0x68>  // b.any
    400039b0:	52800020 	mov	w0, #0x1                   	// #1
    400039b4:	b9007d00 	str	w0, [x8, #124]
    400039b8:	aa0803e0 	mov	x0, x8
    400039bc:	97ffff67 	bl	40003758 <scheduler_enqueue>
    400039c0:	aa0903e0 	mov	x0, x9
    400039c4:	97ffffd7 	bl	40003920 <scheduler_load_current>
    400039c8:	a8c17bfd 	ldp	x29, x30, [sp], #16
    400039cc:	aa0903e1 	mov	x1, x9
    400039d0:	aa0803e0 	mov	x0, x8
    400039d4:	17fff98b 	b	40002000 <context_switch>
    400039d8:	a8c17bfd 	ldp	x29, x30, [sp], #16
    400039dc:	d65f03c0 	ret
    400039e0:	4000d440 	.word	0x4000d440
    400039e4:	00000000 	.word	0x00000000

00000000400039e8 <scheduler_tick>:
    400039e8:	a9be7bfd 	stp	x29, x30, [sp, #-32]!
    400039ec:	910003fd 	mov	x29, sp
    400039f0:	f9000bf3 	str	x19, [sp, #16]
    400039f4:	d53800a0 	mrs	x0, mpidr_el1
    400039f8:	90000001 	adrp	x1, 40003000 <ipi_broadcast+0x64>
    400039fc:	12001c13 	and	w19, w0, #0xff
    40003a00:	92401c00 	and	x0, x0, #0xff
    40003a04:	d2820702 	mov	x2, #0x1038                	// #4152
    40003a08:	f9454821 	ldr	x1, [x1, #2704]
    40003a0c:	9b020400 	madd	x0, x0, x2, x1
    40003a10:	f9481406 	ldr	x6, [x0, #4136]
    40003a14:	b4000366 	cbz	x6, 40003a80 <scheduler_tick+0x98>
    40003a18:	b940a0c0 	ldr	w0, [x6, #160]
    40003a1c:	7100041f 	cmp	w0, #0x1
    40003a20:	54000161 	b.ne	40003a4c <scheduler_tick+0x64>  // b.any
    40003a24:	b940a4c0 	ldr	w0, [x6, #164]
    40003a28:	34000120 	cbz	w0, 40003a4c <scheduler_tick+0x64>
    40003a2c:	51000400 	sub	w0, w0, #0x1
    40003a30:	b900a4c0 	str	w0, [x6, #164]
    40003a34:	350000c0 	cbnz	w0, 40003a4c <scheduler_tick+0x64>
    40003a38:	b940a8c0 	ldr	w0, [x6, #168]
    40003a3c:	f9400bf3 	ldr	x19, [sp, #16]
    40003a40:	b900a4c0 	str	w0, [x6, #164]
    40003a44:	a8c27bfd 	ldp	x29, x30, [sp], #32
    40003a48:	17ffffc4 	b	40003958 <schedule>
    40003a4c:	97ffff97 	bl	400038a8 <scheduler_pick_next>
    40003a50:	f100001f 	cmp	x0, #0x0
    40003a54:	fa4010c4 	ccmp	x6, x0, #0x4, ne	// ne = any
    40003a58:	540000c0 	b.eq	40003a70 <scheduler_tick+0x88>  // b.none
    40003a5c:	39427001 	ldrb	w1, [x0, #156]
    40003a60:	394270c0 	ldrb	w0, [x6, #156]
    40003a64:	6b00003f 	cmp	w1, w0
    40003a68:	54000049 	b.ls	40003a70 <scheduler_tick+0x88>  // b.plast
    40003a6c:	97ffffbb 	bl	40003958 <schedule>
    40003a70:	2a1303e0 	mov	w0, w19
    40003a74:	f9400bf3 	ldr	x19, [sp, #16]
    40003a78:	a8c27bfd 	ldp	x29, x30, [sp], #32
    40003a7c:	14000493 	b	40004cc8 <smp_tick_check_balance>
    40003a80:	f9400bf3 	ldr	x19, [sp, #16]
    40003a84:	a8c27bfd 	ldp	x29, x30, [sp], #32
    40003a88:	d65f03c0 	ret
    40003a8c:	d503201f 	nop
    40003a90:	4000d440 	.word	0x4000d440
    40003a94:	00000000 	.word	0x00000000

0000000040003a98 <scheduler_start>:
    40003a98:	a9bf7bfd 	stp	x29, x30, [sp, #-16]!
    40003a9c:	910003fd 	mov	x29, sp
    40003aa0:	d53800a0 	mrs	x0, mpidr_el1
    40003aa4:	97ffff81 	bl	400038a8 <scheduler_pick_next>
    40003aa8:	b5000060 	cbnz	x0, 40003ab4 <scheduler_start+0x1c>
    40003aac:	d503205f 	wfe
    40003ab0:	17ffffff 	b	40003aac <scheduler_start+0x14>
    40003ab4:	b9407c01 	ldr	w1, [x0, #124]
    40003ab8:	aa0003e7 	mov	x7, x0
    40003abc:	7100043f 	cmp	w1, #0x1
    40003ac0:	54000041 	b.ne	40003ac8 <scheduler_start+0x30>  // b.any
    40003ac4:	97ffff4d 	bl	400037f8 <scheduler_dequeue>
    40003ac8:	aa0703e0 	mov	x0, x7
    40003acc:	97ffff95 	bl	40003920 <scheduler_load_current>
    40003ad0:	97fff972 	bl	40002098 <cpu_switch_to_first_task>
    40003ad4:	d503205f 	wfe
    40003ad8:	17ffffff 	b	40003ad4 <scheduler_start+0x3c>

0000000040003adc <scheduler_start_secondary>:
    40003adc:	a9bf7bfd 	stp	x29, x30, [sp, #-16]!
    40003ae0:	910003fd 	mov	x29, sp
    40003ae4:	d53800a6 	mrs	x6, mpidr_el1
    40003ae8:	97ffff70 	bl	400038a8 <scheduler_pick_next>
    40003aec:	b5000140 	cbnz	x0, 40003b14 <scheduler_start_secondary+0x38>
    40003af0:	90000000 	adrp	x0, 40003000 <ipi_broadcast+0x64>
    40003af4:	92401cc6 	and	x6, x6, #0xff
    40003af8:	d2820701 	mov	x1, #0x1038                	// #4152
    40003afc:	f945a000 	ldr	x0, [x0, #2880]
    40003b00:	9b0100c6 	madd	x6, x6, x1, x0
    40003b04:	f94818c7 	ldr	x7, [x6, #4144]
    40003b08:	b5000087 	cbnz	x7, 40003b18 <scheduler_start_secondary+0x3c>
    40003b0c:	d503205f 	wfe
    40003b10:	17ffffff 	b	40003b0c <scheduler_start_secondary+0x30>
    40003b14:	aa0003e7 	mov	x7, x0
    40003b18:	b9407ce0 	ldr	w0, [x7, #124]
    40003b1c:	7100041f 	cmp	w0, #0x1
    40003b20:	54000061 	b.ne	40003b2c <scheduler_start_secondary+0x50>  // b.any
    40003b24:	aa0703e0 	mov	x0, x7
    40003b28:	97ffff34 	bl	400037f8 <scheduler_dequeue>
    40003b2c:	aa0703e0 	mov	x0, x7
    40003b30:	97ffff7c 	bl	40003920 <scheduler_load_current>
    40003b34:	97fff959 	bl	40002098 <cpu_switch_to_first_task>
    40003b38:	d503205f 	wfe
    40003b3c:	17ffffff 	b	40003b38 <scheduler_start_secondary+0x5c>
    40003b40:	4000d440 	.word	0x4000d440
    40003b44:	00000000 	.word	0x00000000

0000000040003b48 <kthread_create>:
    40003b48:	a9b97bfd 	stp	x29, x30, [sp, #-112]!
    40003b4c:	910003fd 	mov	x29, sp
    40003b50:	a90153f3 	stp	x19, x20, [sp, #16]
    40003b54:	a9025bf5 	stp	x21, x22, [sp, #32]
    40003b58:	a90363f7 	stp	x23, x24, [sp, #48]
    40003b5c:	a9046bf9 	stp	x25, x26, [sp, #64]
    40003b60:	a90573fb 	stp	x27, x28, [sp, #80]
    40003b64:	b5000140 	cbnz	x0, 40003b8c <kthread_create+0x44>
    40003b68:	1280001c 	mov	w28, #0xffffffff            	// #-1
    40003b6c:	a94153f3 	ldp	x19, x20, [sp, #16]
    40003b70:	2a1c03e0 	mov	w0, w28
    40003b74:	a9425bf5 	ldp	x21, x22, [sp, #32]
    40003b78:	a94363f7 	ldp	x23, x24, [sp, #48]
    40003b7c:	a9446bf9 	ldp	x25, x26, [sp, #64]
    40003b80:	a94573fb 	ldp	x27, x28, [sp, #80]
    40003b84:	a8c77bfd 	ldp	x29, x30, [sp], #112
    40003b88:	d65f03c0 	ret
    40003b8c:	aa0103f8 	mov	x24, x1
    40003b90:	b4fffec1 	cbz	x1, 40003b68 <kthread_create+0x20>
    40003b94:	714040bf 	cmp	w5, #0x10, lsl #12
    40003b98:	aa0003f9 	mov	x25, x0
    40003b9c:	52a00020 	mov	w0, #0x10000               	// #65536
    40003ba0:	1a8090a5 	csel	w5, w5, w0, ls	// ls = plast
    40003ba4:	714004bf 	cmp	w5, #0x1, lsl #12
    40003ba8:	52820000 	mov	w0, #0x1000                	// #4096
    40003bac:	1a8020a5 	csel	w5, w5, w0, cs	// cs = hs, nlast
    40003bb0:	aa0203fa 	mov	x26, x2
    40003bb4:	11003ca5 	add	w5, w5, #0xf
    40003bb8:	12001c62 	and	w2, w3, #0xff
    40003bbc:	2a0403fb 	mov	w27, w4
    40003bc0:	121c6cb3 	and	w19, w5, #0xfffffff0
    40003bc4:	d2800015 	mov	x21, #0x0                   	// #0
    40003bc8:	d2801d01 	mov	x1, #0xe8                  	// #232
    40003bcc:	90000000 	adrp	x0, 40003000 <ipi_broadcast+0x64>
    40003bd0:	9b017eb4 	mul	x20, x21, x1
    40003bd4:	f9467403 	ldr	x3, [x0, #3304]
    40003bd8:	b8746866 	ldr	w6, [x3, x20]
    40003bdc:	340000a6 	cbz	w6, 40003bf0 <kthread_create+0xa8>
    40003be0:	910006b5 	add	x21, x21, #0x1
    40003be4:	f10402bf 	cmp	x21, #0x100
    40003be8:	54ffff41 	b.ne	40003bd0 <kthread_create+0x88>  // b.any
    40003bec:	17ffffdf 	b	40003b68 <kthread_create+0x20>
    40003bf0:	d2903800 	mov	x0, #0x81c0                	// #33216
    40003bf4:	8b000296 	add	x22, x20, x0
    40003bf8:	90000000 	adrp	x0, 40003000 <ipi_broadcast+0x64>
    40003bfc:	b9006fe2 	str	w2, [sp, #108]
    40003c00:	f9467817 	ldr	x23, [x0, #3312]
    40003c04:	2a1303e0 	mov	w0, w19
    40003c08:	97fffe5c 	bl	40003578 <stack_alloc_by_scheduler>
    40003c0c:	aa0003e3 	mov	x3, x0
    40003c10:	b9406fe2 	ldr	w2, [sp, #108]
    40003c14:	8b1702d6 	add	x22, x22, x23
    40003c18:	d2801d01 	mov	x1, #0xe8                  	// #232
    40003c1c:	b4fffa60 	cbz	x0, 40003b68 <kthread_create+0x20>
    40003c20:	2a1503e5 	mov	w5, w21
    40003c24:	52800020 	mov	w0, #0x1                   	// #1
    40003c28:	7100077f 	cmp	w27, #0x1
    40003c2c:	52800146 	mov	w6, #0xa                   	// #10
    40003c30:	1a8613e6 	csel	w6, wzr, w6, ne	// ne = any
    40003c34:	2a1503fc 	mov	w28, w21
    40003c38:	9b015ca5 	madd	x5, x5, x1, x23
    40003c3c:	d2904e01 	mov	x1, #0x8270                	// #33392
    40003c40:	d2800004 	mov	x4, #0x0                   	// #0
    40003c44:	914020a5 	add	x5, x5, #0x8, lsl #12
    40003c48:	b9023ca0 	str	w0, [x5, #572]
    40003c4c:	cb334060 	sub	x0, x3, w19, uxtw
    40003c50:	f90128a0 	str	x0, [x5, #592]
    40003c54:	8b010280 	add	x0, x20, x1
    40003c58:	8b0002e0 	add	x0, x23, x0
    40003c5c:	390970a2 	strb	w2, [x5, #604]
    40003c60:	d2905002 	mov	x2, #0x8280                	// #33408
    40003c64:	b90264a6 	str	w6, [x5, #612]
    40003c68:	b90268a6 	str	w6, [x5, #616]
    40003c6c:	d2905306 	mov	x6, #0x8298                	// #33432
    40003c70:	f90138a0 	str	x0, [x5, #624]
    40003c74:	f9013ca0 	str	x0, [x5, #632]
    40003c78:	8b020280 	add	x0, x20, x2
    40003c7c:	8b060294 	add	x20, x20, x6
    40003c80:	8b0002e0 	add	x0, x23, x0
    40003c84:	8b1402f4 	add	x20, x23, x20
    40003c88:	b90238b5 	str	w21, [x5, #568]
    40003c8c:	f90120b8 	str	x24, [x5, #576]
    40003c90:	f90124ba 	str	x26, [x5, #584]
    40003c94:	b90258b3 	str	w19, [x5, #600]
    40003c98:	b90260bb 	str	w27, [x5, #608]
    40003c9c:	f90140a0 	str	x0, [x5, #640]
    40003ca0:	f90144a0 	str	x0, [x5, #648]
    40003ca4:	f90148bf 	str	xzr, [x5, #656]
    40003ca8:	38646b20 	ldrb	w0, [x25, x4]
    40003cac:	38246a80 	strb	w0, [x20, x4]
    40003cb0:	34000080 	cbz	w0, 40003cc0 <kthread_create+0x178>
    40003cb4:	91000484 	add	x4, x4, #0x1
    40003cb8:	f1003c9f 	cmp	x4, #0xf
    40003cbc:	54ffff61 	b.ne	40003ca8 <kthread_create+0x160>  // b.any
    40003cc0:	39003e9f 	strb	wzr, [x20, #15]
    40003cc4:	aa1a03e2 	mov	x2, x26
    40003cc8:	aa1803e1 	mov	x1, x24
    40003ccc:	aa1603e0 	mov	x0, x22
    40003cd0:	97fff8dd 	bl	40002044 <arch_setup_thread_context>
    40003cd4:	d5033fbf 	dmb	sy
    40003cd8:	aa1603e0 	mov	x0, x22
    40003cdc:	97fffe9f 	bl	40003758 <scheduler_enqueue>
    40003ce0:	17ffffa3 	b	40003b6c <kthread_create+0x24>
    40003ce4:	d503201f 	nop
    40003ce8:	4001567c 	.word	0x4001567c
    40003cec:	00000000 	.word	0x00000000
    40003cf0:	4000d440 	.word	0x4000d440
    40003cf4:	00000000 	.word	0x00000000

0000000040003cf8 <kthread_exit>:
    40003cf8:	d53800a0 	mrs	x0, mpidr_el1
    40003cfc:	90000001 	adrp	x1, 40003000 <ipi_broadcast+0x64>
    40003d00:	92401c00 	and	x0, x0, #0xff
    40003d04:	d2820702 	mov	x2, #0x1038                	// #4152
    40003d08:	f946a021 	ldr	x1, [x1, #3392]
    40003d0c:	9b020400 	madd	x0, x0, x2, x1
    40003d10:	f9481400 	ldr	x0, [x0, #4136]
    40003d14:	b5000060 	cbnz	x0, 40003d20 <kthread_exit+0x28>
    40003d18:	d503205f 	wfe
    40003d1c:	17ffffff 	b	40003d18 <kthread_exit+0x20>
    40003d20:	a9bf7bfd 	stp	x29, x30, [sp, #-16]!
    40003d24:	910003fd 	mov	x29, sp
    40003d28:	b9007c1f 	str	wzr, [x0, #124]
    40003d2c:	d5033fbf 	dmb	sy
    40003d30:	97ffff0a 	bl	40003958 <schedule>
    40003d34:	d503205f 	wfe
    40003d38:	17ffffff 	b	40003d34 <kthread_exit+0x3c>
    40003d3c:	d503201f 	nop
    40003d40:	4000d440 	.word	0x4000d440
    40003d44:	00000000 	.word	0x00000000

0000000040003d48 <kthread_suspend>:
    40003d48:	7103fc1f 	cmp	w0, #0xff
    40003d4c:	54000348 	b.hi	40003db4 <kthread_suspend+0x6c>  // b.pmore
    40003d50:	2a0003e1 	mov	w1, w0
    40003d54:	d2903802 	mov	x2, #0x81c0                	// #33216
    40003d58:	52801d00 	mov	w0, #0xe8                  	// #232
    40003d5c:	a9be7bfd 	stp	x29, x30, [sp, #-32]!
    40003d60:	9ba00820 	umaddl	x0, w1, w0, x2
    40003d64:	90000002 	adrp	x2, 40003000 <ipi_broadcast+0x64>
    40003d68:	910003fd 	mov	x29, sp
    40003d6c:	f946e442 	ldr	x2, [x2, #3528]
    40003d70:	f9000bf3 	str	x19, [sp, #16]
    40003d74:	2a0103f3 	mov	w19, w1
    40003d78:	d2801d01 	mov	x1, #0xe8                  	// #232
    40003d7c:	8b020000 	add	x0, x0, x2
    40003d80:	9b010a73 	madd	x19, x19, x1, x2
    40003d84:	91402273 	add	x19, x19, #0x8, lsl #12
    40003d88:	b9423e61 	ldr	w1, [x19, #572]
    40003d8c:	7100043f 	cmp	w1, #0x1
    40003d90:	54000161 	b.ne	40003dbc <kthread_suspend+0x74>  // b.any
    40003d94:	97fffe99 	bl	400037f8 <scheduler_dequeue>
    40003d98:	528000a0 	mov	w0, #0x5                   	// #5
    40003d9c:	b9023e60 	str	w0, [x19, #572]
    40003da0:	d5033fbf 	dmb	sy
    40003da4:	52800000 	mov	w0, #0x0                   	// #0
    40003da8:	f9400bf3 	ldr	x19, [sp, #16]
    40003dac:	a8c27bfd 	ldp	x29, x30, [sp], #32
    40003db0:	d65f03c0 	ret
    40003db4:	12800040 	mov	w0, #0xfffffffd            	// #-3
    40003db8:	d65f03c0 	ret
    40003dbc:	128002a0 	mov	w0, #0xffffffea            	// #-22
    40003dc0:	17fffffa 	b	40003da8 <kthread_suspend+0x60>
    40003dc4:	d503201f 	nop
    40003dc8:	4000d440 	.word	0x4000d440
    40003dcc:	00000000 	.word	0x00000000

0000000040003dd0 <kthread_resume>:
    40003dd0:	2a0003e1 	mov	w1, w0
    40003dd4:	7103fc3f 	cmp	w1, #0xff
    40003dd8:	540002c8 	b.hi	40003e30 <kthread_resume+0x60>  // b.pmore
    40003ddc:	d2903802 	mov	x2, #0x81c0                	// #33216
    40003de0:	52801d00 	mov	w0, #0xe8                  	// #232
    40003de4:	d2801d03 	mov	x3, #0xe8                  	// #232
    40003de8:	9ba00820 	umaddl	x0, w1, w0, x2
    40003dec:	90000002 	adrp	x2, 40003000 <ipi_broadcast+0x64>
    40003df0:	f9472042 	ldr	x2, [x2, #3648]
    40003df4:	8b020000 	add	x0, x0, x2
    40003df8:	9b030821 	madd	x1, x1, x3, x2
    40003dfc:	91402021 	add	x1, x1, #0x8, lsl #12
    40003e00:	b9423c22 	ldr	w2, [x1, #572]
    40003e04:	7100145f 	cmp	w2, #0x5
    40003e08:	54000181 	b.ne	40003e38 <kthread_resume+0x68>  // b.any
    40003e0c:	a9bf7bfd 	stp	x29, x30, [sp, #-16]!
    40003e10:	52800022 	mov	w2, #0x1                   	// #1
    40003e14:	910003fd 	mov	x29, sp
    40003e18:	b9023c22 	str	w2, [x1, #572]
    40003e1c:	97fffe4f 	bl	40003758 <scheduler_enqueue>
    40003e20:	d5033fbf 	dmb	sy
    40003e24:	52800000 	mov	w0, #0x0                   	// #0
    40003e28:	a8c17bfd 	ldp	x29, x30, [sp], #16
    40003e2c:	d65f03c0 	ret
    40003e30:	12800040 	mov	w0, #0xfffffffd            	// #-3
    40003e34:	d65f03c0 	ret
    40003e38:	128002a0 	mov	w0, #0xffffffea            	// #-22
    40003e3c:	d65f03c0 	ret
    40003e40:	4000d440 	.word	0x4000d440
    40003e44:	00000000 	.word	0x00000000

0000000040003e48 <kthread_set_priority>:
    40003e48:	7103fc1f 	cmp	w0, #0xff
    40003e4c:	540003e8 	b.hi	40003ec8 <kthread_set_priority+0x80>  // b.pmore
    40003e50:	a9bd7bfd 	stp	x29, x30, [sp, #-48]!
    40003e54:	d2801d02 	mov	x2, #0xe8                  	// #232
    40003e58:	910003fd 	mov	x29, sp
    40003e5c:	f90013f5 	str	x21, [sp, #32]
    40003e60:	12001c35 	and	w21, w1, #0xff
    40003e64:	90000001 	adrp	x1, 40003000 <ipi_broadcast+0x64>
    40003e68:	a90153f3 	stp	x19, x20, [sp, #16]
    40003e6c:	2a0003f4 	mov	w20, w0
    40003e70:	f9476821 	ldr	x1, [x1, #3792]
    40003e74:	9b020694 	madd	x20, x20, x2, x1
    40003e78:	91402294 	add	x20, x20, #0x8, lsl #12
    40003e7c:	b9423e83 	ldr	w3, [x20, #572]
    40003e80:	7100047f 	cmp	w3, #0x1
    40003e84:	540001e1 	b.ne	40003ec0 <kthread_set_priority+0x78>  // b.any
    40003e88:	d2903803 	mov	x3, #0x81c0                	// #33216
    40003e8c:	9ba20c00 	umaddl	x0, w0, w2, x3
    40003e90:	8b010013 	add	x19, x0, x1
    40003e94:	aa1303e0 	mov	x0, x19
    40003e98:	97fffe58 	bl	400037f8 <scheduler_dequeue>
    40003e9c:	aa1303e0 	mov	x0, x19
    40003ea0:	39097295 	strb	w21, [x20, #604]
    40003ea4:	97fffe2d 	bl	40003758 <scheduler_enqueue>
    40003ea8:	d5033fbf 	dmb	sy
    40003eac:	a94153f3 	ldp	x19, x20, [sp, #16]
    40003eb0:	52800000 	mov	w0, #0x0                   	// #0
    40003eb4:	f94013f5 	ldr	x21, [sp, #32]
    40003eb8:	a8c37bfd 	ldp	x29, x30, [sp], #48
    40003ebc:	d65f03c0 	ret
    40003ec0:	39097295 	strb	w21, [x20, #604]
    40003ec4:	17fffff9 	b	40003ea8 <kthread_set_priority+0x60>
    40003ec8:	12800040 	mov	w0, #0xfffffffd            	// #-3
    40003ecc:	d65f03c0 	ret
    40003ed0:	4000d440 	.word	0x4000d440
    40003ed4:	00000000 	.word	0x00000000

0000000040003ed8 <kthread_get_current>:
    40003ed8:	d53800a0 	mrs	x0, mpidr_el1
    40003edc:	f27d101f 	tst	x0, #0xf8
    40003ee0:	54000101 	b.ne	40003f00 <kthread_get_current+0x28>  // b.any
    40003ee4:	90000001 	adrp	x1, 40003000 <ipi_broadcast+0x64>
    40003ee8:	92401c00 	and	x0, x0, #0xff
    40003eec:	d2820702 	mov	x2, #0x1038                	// #4152
    40003ef0:	f9478421 	ldr	x1, [x1, #3848]
    40003ef4:	9b020400 	madd	x0, x0, x2, x1
    40003ef8:	f9481400 	ldr	x0, [x0, #4136]
    40003efc:	d65f03c0 	ret
    40003f00:	d2800000 	mov	x0, #0x0                   	// #0
    40003f04:	17fffffe 	b	40003efc <kthread_get_current+0x24>
    40003f08:	4000d440 	.word	0x4000d440
    40003f0c:	00000000 	.word	0x00000000

0000000040003f10 <timer_set_next_compare>:
    40003f10:	d53be021 	mrs	x1, cntpct_el0
    40003f14:	90000000 	adrp	x0, 40003000 <ipi_broadcast+0x64>
    40003f18:	f947a400 	ldr	x0, [x0, #3912]
    40003f1c:	f9400000 	ldr	x0, [x0]
    40003f20:	b40000e0 	cbz	x0, 40003f3c <timer_set_next_compare+0x2c>
    40003f24:	d2807d02 	mov	x2, #0x3e8                 	// #1000
    40003f28:	9ac20800 	udiv	x0, x0, x2
    40003f2c:	8b000020 	add	x0, x1, x0
    40003f30:	d51be240 	msr	cntp_cval_el0, x0
    40003f34:	d5033fdf 	isb
    40003f38:	d65f03c0 	ret
    40003f3c:	d2800020 	mov	x0, #0x1                   	// #1
    40003f40:	17fffffb 	b	40003f2c <timer_set_next_compare+0x1c>
    40003f44:	d503201f 	nop
    40003f48:	40023e08 	.word	0x40023e08
    40003f4c:	00000000 	.word	0x00000000

0000000040003f50 <timer_init>:
    40003f50:	a9bf7bfd 	stp	x29, x30, [sp, #-16]!
    40003f54:	910003fd 	mov	x29, sp
    40003f58:	d53be001 	mrs	x1, cntfrq_el0
    40003f5c:	90000000 	adrp	x0, 40003000 <ipi_broadcast+0x64>
    40003f60:	f947d400 	ldr	x0, [x0, #4008]
    40003f64:	f9000001 	str	x1, [x0]
    40003f68:	f900041f 	str	xzr, [x0, #8]
    40003f6c:	d5033fbf 	dmb	sy
    40003f70:	91004001 	add	x1, x0, #0x10
    40003f74:	91008000 	add	x0, x0, #0x20
    40003f78:	a9000421 	stp	x1, x1, [x1]
    40003f7c:	a9000000 	stp	x0, x0, [x0]
    40003f80:	d2800000 	mov	x0, #0x0                   	// #0
    40003f84:	d51be220 	msr	cntp_ctl_el0, x0
    40003f88:	d5033fdf 	isb
    40003f8c:	97ffffe1 	bl	40003f10 <timer_set_next_compare>
    40003f90:	d2800020 	mov	x0, #0x1                   	// #1
    40003f94:	d51be220 	msr	cntp_ctl_el0, x0
    40003f98:	d5033fdf 	isb
    40003f9c:	d5033fbf 	dmb	sy
    40003fa0:	a8c17bfd 	ldp	x29, x30, [sp], #16
    40003fa4:	d65f03c0 	ret
    40003fa8:	40023e08 	.word	0x40023e08
    40003fac:	00000000 	.word	0x00000000

0000000040003fb0 <timer_get_ticks>:
    40003fb0:	d50339bf 	dmb	ishld
    40003fb4:	90000000 	adrp	x0, 40003000 <ipi_broadcast+0x64>
    40003fb8:	f947e400 	ldr	x0, [x0, #4040]
    40003fbc:	f9400400 	ldr	x0, [x0, #8]
    40003fc0:	d50339bf 	dmb	ishld
    40003fc4:	d65f03c0 	ret
    40003fc8:	40023e08 	.word	0x40023e08
    40003fcc:	00000000 	.word	0x00000000

0000000040003fd0 <timer_get_ns>:
    40003fd0:	d53be021 	mrs	x1, cntpct_el0
    40003fd4:	90000000 	adrp	x0, 40003000 <ipi_broadcast+0x64>
    40003fd8:	f947fc00 	ldr	x0, [x0, #4088]
    40003fdc:	f9400000 	ldr	x0, [x0]
    40003fe0:	b40000a0 	cbz	x0, 40003ff4 <timer_get_ns+0x24>
    40003fe4:	d2994002 	mov	x2, #0xca00                	// #51712
    40003fe8:	f2a77342 	movk	x2, #0x3b9a, lsl #16
    40003fec:	9b027c21 	mul	x1, x1, x2
    40003ff0:	9ac00820 	udiv	x0, x1, x0
    40003ff4:	d65f03c0 	ret
    40003ff8:	40023e08 	.word	0x40023e08
    40003ffc:	00000000 	.word	0x00000000

0000000040004000 <timer_get_us>:
    40004000:	d53be021 	mrs	x1, cntpct_el0
    40004004:	90000000 	adrp	x0, 40004000 <timer_get_us>
    40004008:	f9401400 	ldr	x0, [x0, #40]
    4000400c:	f9400000 	ldr	x0, [x0]
    40004010:	b40000a0 	cbz	x0, 40004024 <timer_get_us+0x24>
    40004014:	d2884802 	mov	x2, #0x4240                	// #16960
    40004018:	f2a001e2 	movk	x2, #0xf, lsl #16
    4000401c:	9b027c21 	mul	x1, x1, x2
    40004020:	9ac00820 	udiv	x0, x1, x0
    40004024:	d65f03c0 	ret
    40004028:	40023e08 	.word	0x40023e08
    4000402c:	00000000 	.word	0x00000000

0000000040004030 <timer_get_ms>:
    40004030:	d53be021 	mrs	x1, cntpct_el0
    40004034:	90000000 	adrp	x0, 40004000 <timer_get_us>
    40004038:	f9402c00 	ldr	x0, [x0, #88]
    4000403c:	f9400000 	ldr	x0, [x0]
    40004040:	b4000080 	cbz	x0, 40004050 <timer_get_ms+0x20>
    40004044:	d2807d02 	mov	x2, #0x3e8                 	// #1000
    40004048:	9b027c21 	mul	x1, x1, x2
    4000404c:	9ac00820 	udiv	x0, x1, x0
    40004050:	d65f03c0 	ret
    40004054:	d503201f 	nop
    40004058:	40023e08 	.word	0x40023e08
    4000405c:	00000000 	.word	0x00000000

0000000040004060 <kthread_sleep_ticks>:
    40004060:	b4000360 	cbz	x0, 400040cc <kthread_sleep_ticks+0x6c>
    40004064:	a9be7bfd 	stp	x29, x30, [sp, #-32]!
    40004068:	910003fd 	mov	x29, sp
    4000406c:	f9000bf3 	str	x19, [sp, #16]
    40004070:	aa0003f3 	mov	x19, x0
    40004074:	97ffff99 	bl	40003ed8 <kthread_get_current>
    40004078:	b4000240 	cbz	x0, 400040c0 <kthread_sleep_ticks+0x60>
    4000407c:	90000001 	adrp	x1, 40004000 <timer_get_us>
    40004080:	f9406821 	ldr	x1, [x1, #208]
    40004084:	91008023 	add	x3, x1, #0x20
    40004088:	f9400422 	ldr	x2, [x1, #8]
    4000408c:	8b020273 	add	x19, x19, x2
    40004090:	52800082 	mov	w2, #0x4                   	// #4
    40004094:	b9007c02 	str	w2, [x0, #124]
    40004098:	f9401022 	ldr	x2, [x1, #32]
    4000409c:	f9006002 	str	x2, [x0, #192]
    400040a0:	a90ccc03 	stp	x3, x19, [x0, #200]
    400040a4:	91030000 	add	x0, x0, #0xc0
    400040a8:	f9000440 	str	x0, [x2, #8]
    400040ac:	f9001020 	str	x0, [x1, #32]
    400040b0:	d5033fbf 	dmb	sy
    400040b4:	f9400bf3 	ldr	x19, [sp, #16]
    400040b8:	a8c27bfd 	ldp	x29, x30, [sp], #32
    400040bc:	17fffe27 	b	40003958 <schedule>
    400040c0:	f9400bf3 	ldr	x19, [sp, #16]
    400040c4:	a8c27bfd 	ldp	x29, x30, [sp], #32
    400040c8:	d65f03c0 	ret
    400040cc:	d65f03c0 	ret
    400040d0:	40023e08 	.word	0x40023e08
    400040d4:	00000000 	.word	0x00000000

00000000400040d8 <kthread_sleep>:
    400040d8:	52807d02 	mov	w2, #0x3e8                 	// #1000
    400040dc:	2a0003e1 	mov	w1, w0
    400040e0:	a9bf7bfd 	stp	x29, x30, [sp, #-16]!
    400040e4:	9ba27c00 	umull	x0, w0, w2
    400040e8:	910003fd 	mov	x29, sp
    400040ec:	f10f9c1f 	cmp	x0, #0x3e7
    400040f0:	9a9f8420 	csinc	x0, x1, xzr, hi	// hi = pmore
    400040f4:	97ffffdb 	bl	40004060 <kthread_sleep_ticks>
    400040f8:	52800000 	mov	w0, #0x0                   	// #0
    400040fc:	a8c17bfd 	ldp	x29, x30, [sp], #16
    40004100:	d65f03c0 	ret

0000000040004104 <timer_wakeup_thread>:
    40004104:	b4000280 	cbz	x0, 40004154 <timer_wakeup_thread+0x50>
    40004108:	b9407c01 	ldr	w1, [x0, #124]
    4000410c:	7100103f 	cmp	w1, #0x4
    40004110:	54000221 	b.ne	40004154 <timer_wakeup_thread+0x50>  // b.any
    40004114:	aa0003e1 	mov	x1, x0
    40004118:	a9bf7bfd 	stp	x29, x30, [sp, #-16]!
    4000411c:	910003fd 	mov	x29, sp
    40004120:	f84c0c22 	ldr	x2, [x1, #192]!
    40004124:	eb01005f 	cmp	x2, x1
    40004128:	540000a0 	b.eq	4000413c <timer_wakeup_thread+0x38>  // b.none
    4000412c:	f9406403 	ldr	x3, [x0, #200]
    40004130:	f9000062 	str	x2, [x3]
    40004134:	f9000443 	str	x3, [x2, #8]
    40004138:	a90c0401 	stp	x1, x1, [x0, #192]
    4000413c:	52800021 	mov	w1, #0x1                   	// #1
    40004140:	b9007c01 	str	w1, [x0, #124]
    40004144:	97fffd85 	bl	40003758 <scheduler_enqueue>
    40004148:	d5033fbf 	dmb	sy
    4000414c:	a8c17bfd 	ldp	x29, x30, [sp], #16
    40004150:	d65f03c0 	ret
    40004154:	d65f03c0 	ret

0000000040004158 <timer_interrupt_handler>:
    40004158:	a9bb7bfd 	stp	x29, x30, [sp, #-80]!
    4000415c:	90000000 	adrp	x0, 40004000 <timer_get_us>
    40004160:	910003fd 	mov	x29, sp
    40004164:	a9025bf5 	stp	x21, x22, [sp, #32]
    40004168:	f9415415 	ldr	x21, [x0, #680]
    4000416c:	a90153f3 	stp	x19, x20, [sp, #16]
    40004170:	a90363f7 	stp	x23, x24, [sp, #48]
    40004174:	f94006a0 	ldr	x0, [x21, #8]
    40004178:	f90023f9 	str	x25, [sp, #64]
    4000417c:	91000400 	add	x0, x0, #0x1
    40004180:	f90006a0 	str	x0, [x21, #8]
    40004184:	d5033fbf 	dmb	sy
    40004188:	d53800b3 	mrs	x19, mpidr_el1
    4000418c:	f94006a2 	ldr	x2, [x21, #8]
    40004190:	d2807d01 	mov	x1, #0x3e8                 	// #1000
    40004194:	9ac10840 	udiv	x0, x2, x1
    40004198:	9b018800 	msub	x0, x0, x1, x2
    4000419c:	b5000140 	cbnz	x0, 400041c4 <timer_interrupt_handler+0x6c>
    400041a0:	52800b61 	mov	w1, #0x5b                  	// #91
    400041a4:	d2a12000 	mov	x0, #0x9000000             	// #150994944
    400041a8:	97fff7d7 	bl	40002104 <hal_uart_putc>
    400041ac:	1100c261 	add	w1, w19, #0x30
    400041b0:	d2a12000 	mov	x0, #0x9000000             	// #150994944
    400041b4:	97fff7d4 	bl	40002104 <hal_uart_putc>
    400041b8:	52800ba1 	mov	w1, #0x5d                  	// #93
    400041bc:	d2a12000 	mov	x0, #0x9000000             	// #150994944
    400041c0:	97fff7d1 	bl	40002104 <hal_uart_putc>
    400041c4:	910042b6 	add	x22, x21, #0x10
    400041c8:	52800077 	mov	w23, #0x3                   	// #3
    400041cc:	52800058 	mov	w24, #0x2                   	// #2
    400041d0:	52800039 	mov	w25, #0x1                   	// #1
    400041d4:	97ffff4f 	bl	40003f10 <timer_set_next_compare>
    400041d8:	f94002d4 	ldr	x20, [x22]
    400041dc:	eb16029f 	cmp	x20, x22
    400041e0:	54000061 	b.ne	400041ec <timer_interrupt_handler+0x94>  // b.any
    400041e4:	910082b3 	add	x19, x21, #0x20
    400041e8:	14000026 	b	40004280 <timer_interrupt_handler+0x128>
    400041ec:	f85d8281 	ldur	x1, [x20, #-40]
    400041f0:	d100a293 	sub	x19, x20, #0x28
    400041f4:	f94006a0 	ldr	x0, [x21, #8]
    400041f8:	eb00003f 	cmp	x1, x0
    400041fc:	54ffff48 	b.hi	400041e4 <timer_interrupt_handler+0x8c>  // b.pmore
    40004200:	a9428660 	ldp	x0, x1, [x19, #40]
    40004204:	f9000020 	str	x0, [x1]
    40004208:	f9000401 	str	x1, [x0, #8]
    4000420c:	f9400a61 	ldr	x1, [x19, #16]
    40004210:	b9002277 	str	w23, [x19, #32]
    40004214:	a902d274 	stp	x20, x20, [x19, #40]
    40004218:	b4000061 	cbz	x1, 40004224 <timer_interrupt_handler+0xcc>
    4000421c:	f9400e60 	ldr	x0, [x19, #24]
    40004220:	d63f0020 	blr	x1
    40004224:	f9400662 	ldr	x2, [x19, #8]
    40004228:	f94002c1 	ldr	x1, [x22]
    4000422c:	b4000122 	cbz	x2, 40004250 <timer_interrupt_handler+0xf8>
    40004230:	f85d8280 	ldur	x0, [x20, #-40]
    40004234:	8b020000 	add	x0, x0, x2
    40004238:	f81d8280 	stur	x0, [x20, #-40]
    4000423c:	b9002279 	str	w25, [x19, #32]
    40004240:	a902da61 	stp	x1, x22, [x19, #40]
    40004244:	f90002d4 	str	x20, [x22]
    40004248:	f9000434 	str	x20, [x1, #8]
    4000424c:	17ffffe3 	b	400041d8 <timer_interrupt_handler+0x80>
    40004250:	b9002278 	str	w24, [x19, #32]
    40004254:	17ffffe1 	b	400041d8 <timer_interrupt_handler+0x80>
    40004258:	f94006a2 	ldr	x2, [x21, #8]
    4000425c:	d1030020 	sub	x0, x1, #0xc0
    40004260:	f9406803 	ldr	x3, [x0, #208]
    40004264:	eb02007f 	cmp	x3, x2
    40004268:	54000128 	b.hi	4000428c <timer_interrupt_handler+0x134>  // b.pmore
    4000426c:	a94c0c02 	ldp	x2, x3, [x0, #192]
    40004270:	f9000062 	str	x2, [x3]
    40004274:	f9000443 	str	x3, [x2, #8]
    40004278:	a90c0401 	stp	x1, x1, [x0, #192]
    4000427c:	97ffffa2 	bl	40004104 <timer_wakeup_thread>
    40004280:	f9400261 	ldr	x1, [x19]
    40004284:	eb13003f 	cmp	x1, x19
    40004288:	54fffe81 	b.ne	40004258 <timer_interrupt_handler+0x100>  // b.any
    4000428c:	a94153f3 	ldp	x19, x20, [sp, #16]
    40004290:	a9425bf5 	ldp	x21, x22, [sp, #32]
    40004294:	a94363f7 	ldp	x23, x24, [sp, #48]
    40004298:	f94023f9 	ldr	x25, [sp, #64]
    4000429c:	a8c57bfd 	ldp	x29, x30, [sp], #80
    400042a0:	17fffdd2 	b	400039e8 <scheduler_tick>
    400042a4:	d503201f 	nop
    400042a8:	40023e08 	.word	0x40023e08
    400042ac:	00000000 	.word	0x00000000

00000000400042b0 <timer_init_soft>:
    400042b0:	b40000c0 	cbz	x0, 400042c8 <timer_init_soft+0x18>
    400042b4:	a9007c1f 	stp	xzr, xzr, [x0]
    400042b8:	a9010801 	stp	x1, x2, [x0, #16]
    400042bc:	9100a001 	add	x1, x0, #0x28
    400042c0:	b900201f 	str	wzr, [x0, #32]
    400042c4:	a9028401 	stp	x1, x1, [x0, #40]
    400042c8:	d65f03c0 	ret

00000000400042cc <timer_start_oneshot>:
    400042cc:	b40002c0 	cbz	x0, 40004324 <timer_start_oneshot+0x58>
    400042d0:	aa0003e2 	mov	x2, x0
    400042d4:	f8428c43 	ldr	x3, [x2, #40]!
    400042d8:	eb02007f 	cmp	x3, x2
    400042dc:	54000080 	b.eq	400042ec <timer_start_oneshot+0x20>  // b.none
    400042e0:	f9401804 	ldr	x4, [x0, #48]
    400042e4:	f9000083 	str	x3, [x4]
    400042e8:	f9000464 	str	x4, [x3, #8]
    400042ec:	90000003 	adrp	x3, 40004000 <timer_get_us>
    400042f0:	f9419463 	ldr	x3, [x3, #808]
    400042f4:	f9400464 	ldr	x4, [x3, #8]
    400042f8:	8b214081 	add	x1, x4, w1, uxtw
    400042fc:	a9007c01 	stp	x1, xzr, [x0]
    40004300:	52800021 	mov	w1, #0x1                   	// #1
    40004304:	b9002001 	str	w1, [x0, #32]
    40004308:	91004064 	add	x4, x3, #0x10
    4000430c:	f9400861 	ldr	x1, [x3, #16]
    40004310:	f9001401 	str	x1, [x0, #40]
    40004314:	f9001804 	str	x4, [x0, #48]
    40004318:	f9000862 	str	x2, [x3, #16]
    4000431c:	f9000422 	str	x2, [x1, #8]
    40004320:	d5033fbf 	dmb	sy
    40004324:	d65f03c0 	ret
    40004328:	40023e08 	.word	0x40023e08
    4000432c:	00000000 	.word	0x00000000

0000000040004330 <timer_start_periodic>:
    40004330:	b40002e0 	cbz	x0, 4000438c <timer_start_periodic+0x5c>
    40004334:	aa0003e2 	mov	x2, x0
    40004338:	f8428c43 	ldr	x3, [x2, #40]!
    4000433c:	eb02007f 	cmp	x3, x2
    40004340:	54000080 	b.eq	40004350 <timer_start_periodic+0x20>  // b.none
    40004344:	f9401804 	ldr	x4, [x0, #48]
    40004348:	f9000083 	str	x3, [x4]
    4000434c:	f9000464 	str	x4, [x3, #8]
    40004350:	90000003 	adrp	x3, 40004000 <timer_get_us>
    40004354:	2a0103e4 	mov	w4, w1
    40004358:	f941c863 	ldr	x3, [x3, #912]
    4000435c:	f9400465 	ldr	x5, [x3, #8]
    40004360:	8b2140a1 	add	x1, x5, w1, uxtw
    40004364:	a9001001 	stp	x1, x4, [x0]
    40004368:	52800021 	mov	w1, #0x1                   	// #1
    4000436c:	b9002001 	str	w1, [x0, #32]
    40004370:	91004064 	add	x4, x3, #0x10
    40004374:	f9400861 	ldr	x1, [x3, #16]
    40004378:	f9001401 	str	x1, [x0, #40]
    4000437c:	f9001804 	str	x4, [x0, #48]
    40004380:	f9000862 	str	x2, [x3, #16]
    40004384:	f9000422 	str	x2, [x1, #8]
    40004388:	d5033fbf 	dmb	sy
    4000438c:	d65f03c0 	ret
    40004390:	40023e08 	.word	0x40023e08
    40004394:	00000000 	.word	0x00000000

0000000040004398 <timer_stop>:
    40004398:	b4000160 	cbz	x0, 400043c4 <timer_stop+0x2c>
    4000439c:	aa0003e1 	mov	x1, x0
    400043a0:	f8428c22 	ldr	x2, [x1, #40]!
    400043a4:	eb01005f 	cmp	x2, x1
    400043a8:	540000a0 	b.eq	400043bc <timer_stop+0x24>  // b.none
    400043ac:	f9401803 	ldr	x3, [x0, #48]
    400043b0:	f9000062 	str	x2, [x3]
    400043b4:	f9000443 	str	x3, [x2, #8]
    400043b8:	a9028401 	stp	x1, x1, [x0, #40]
    400043bc:	b900201f 	str	wzr, [x0, #32]
    400043c0:	d5033fbf 	dmb	sy
    400043c4:	d65f03c0 	ret

00000000400043c8 <ticket_lock_init>:
    400043c8:	b40000c0 	cbz	x0, 400043e0 <ticket_lock_init+0x18>
    400043cc:	b900001f 	str	wzr, [x0]
    400043d0:	12800001 	mov	w1, #0xffffffff            	// #-1
    400043d4:	b900041f 	str	wzr, [x0, #4]
    400043d8:	29017c01 	stp	w1, wzr, [x0, #8]
    400043dc:	d5033fbf 	dmb	sy
    400043e0:	d65f03c0 	ret

00000000400043e4 <ticket_lock_acquire>:
    400043e4:	b4000280 	cbz	x0, 40004434 <ticket_lock_acquire+0x50>
    400043e8:	885f7c01 	ldxr	w1, [x0]
    400043ec:	11000423 	add	w3, w1, #0x1
    400043f0:	88027c03 	stxr	w2, w3, [x0]
    400043f4:	34000062 	cbz	w2, 40004400 <ticket_lock_acquire+0x1c>
    400043f8:	d503203f 	yield
    400043fc:	17fffffb 	b	400043e8 <ticket_lock_acquire+0x4>
    40004400:	b9400402 	ldr	w2, [x0, #4]
    40004404:	d50339bf 	dmb	ishld
    40004408:	6b01005f 	cmp	w2, w1
    4000440c:	54000060 	b.eq	40004418 <ticket_lock_acquire+0x34>  // b.none
    40004410:	d503205f 	wfe
    40004414:	17fffffb 	b	40004400 <ticket_lock_acquire+0x1c>
    40004418:	d5033fbf 	dmb	sy
    4000441c:	d53800a1 	mrs	x1, mpidr_el1
    40004420:	12001c21 	and	w1, w1, #0xff
    40004424:	b9000801 	str	w1, [x0, #8]
    40004428:	b9400c01 	ldr	w1, [x0, #12]
    4000442c:	11000421 	add	w1, w1, #0x1
    40004430:	b9000c01 	str	w1, [x0, #12]
    40004434:	d65f03c0 	ret

0000000040004438 <ticket_lock_release>:
    40004438:	b4000180 	cbz	x0, 40004468 <ticket_lock_release+0x30>
    4000443c:	b9400c01 	ldr	w1, [x0, #12]
    40004440:	51000421 	sub	w1, w1, #0x1
    40004444:	b9000c01 	str	w1, [x0, #12]
    40004448:	12800001 	mov	w1, #0xffffffff            	// #-1
    4000444c:	b9000801 	str	w1, [x0, #8]
    40004450:	d5033fbf 	dmb	sy
    40004454:	b9400401 	ldr	w1, [x0, #4]
    40004458:	11000421 	add	w1, w1, #0x1
    4000445c:	d5033abf 	dmb	ishst
    40004460:	b9000401 	str	w1, [x0, #4]
    40004464:	d503209f 	sev
    40004468:	d65f03c0 	ret

000000004000446c <ticket_lock_try_acquire>:
    4000446c:	b5000060 	cbnz	x0, 40004478 <ticket_lock_try_acquire+0xc>
    40004470:	52800000 	mov	w0, #0x0                   	// #0
    40004474:	d65f03c0 	ret
    40004478:	b9400002 	ldr	w2, [x0]
    4000447c:	d50339bf 	dmb	ishld
    40004480:	b9400401 	ldr	w1, [x0, #4]
    40004484:	d50339bf 	dmb	ishld
    40004488:	6b02003f 	cmp	w1, w2
    4000448c:	54ffff21 	b.ne	40004470 <ticket_lock_try_acquire+0x4>  // b.any
    40004490:	11000422 	add	w2, w1, #0x1
    40004494:	885f7c03 	ldxr	w3, [x0]
    40004498:	6b01007f 	cmp	w3, w1
    4000449c:	54000061 	b.ne	400044a8 <ticket_lock_try_acquire+0x3c>  // b.any
    400044a0:	88047c02 	stxr	w4, w2, [x0]
    400044a4:	35ffff84 	cbnz	w4, 40004494 <ticket_lock_try_acquire+0x28>
    400044a8:	6b03003f 	cmp	w1, w3
    400044ac:	54fffe21 	b.ne	40004470 <ticket_lock_try_acquire+0x4>  // b.any
    400044b0:	d5033fbf 	dmb	sy
    400044b4:	d53800a1 	mrs	x1, mpidr_el1
    400044b8:	12001c21 	and	w1, w1, #0xff
    400044bc:	b9000801 	str	w1, [x0, #8]
    400044c0:	b9400c01 	ldr	w1, [x0, #12]
    400044c4:	11000421 	add	w1, w1, #0x1
    400044c8:	b9000c01 	str	w1, [x0, #12]
    400044cc:	52800020 	mov	w0, #0x1                   	// #1
    400044d0:	17ffffe9 	b	40004474 <ticket_lock_try_acquire+0x8>

00000000400044d4 <ticket_lock_is_held>:
    400044d4:	b40000c0 	cbz	x0, 400044ec <ticket_lock_is_held+0x18>
    400044d8:	b9400001 	ldr	w1, [x0]
    400044dc:	b9400400 	ldr	w0, [x0, #4]
    400044e0:	6b00003f 	cmp	w1, w0
    400044e4:	1a9f07e0 	cset	w0, ne	// ne = any
    400044e8:	d65f03c0 	ret
    400044ec:	52800000 	mov	w0, #0x0                   	// #0
    400044f0:	17fffffe 	b	400044e8 <ticket_lock_is_held+0x14>

00000000400044f4 <ticket_lock_acquire_irqsave>:
    400044f4:	a9bf7bfd 	stp	x29, x30, [sp, #-16]!
    400044f8:	910003fd 	mov	x29, sp
    400044fc:	d53b4224 	mrs	x4, daif
    40004500:	d50342df 	msr	daifset, #0x2
    40004504:	97ffffb8 	bl	400043e4 <ticket_lock_acquire>
    40004508:	53093080 	ubfx	w0, w4, #9, #4
    4000450c:	a8c17bfd 	ldp	x29, x30, [sp], #16
    40004510:	d65f03c0 	ret

0000000040004514 <ticket_lock_release_irqrestore>:
    40004514:	a9bf7bfd 	stp	x29, x30, [sp, #-16]!
    40004518:	2a0103e2 	mov	w2, w1
    4000451c:	910003fd 	mov	x29, sp
    40004520:	97ffffc6 	bl	40004438 <ticket_lock_release>
    40004524:	d53b4220 	mrs	x0, daif
    40004528:	9273ec00 	and	x0, x0, #0xffffffffffffe1ff
    4000452c:	d3777c42 	ubfiz	x2, x2, #9, #32
    40004530:	aa000042 	orr	x2, x2, x0
    40004534:	d51b4222 	msr	daif, x2
    40004538:	d5033fdf 	isb
    4000453c:	a8c17bfd 	ldp	x29, x30, [sp], #16
    40004540:	d65f03c0 	ret
    40004544:	00000000 	udf	#0

0000000040004548 <smp_sched_init>:
    40004548:	a9bd7bfd 	stp	x29, x30, [sp, #-48]!
    4000454c:	d2800000 	mov	x0, #0x0                   	// #0
    40004550:	90000001 	adrp	x1, 40004000 <timer_get_us>
    40004554:	910003fd 	mov	x29, sp
    40004558:	a90153f3 	stp	x19, x20, [sp, #16]
    4000455c:	f90013f5 	str	x21, [sp, #32]
    40004560:	f942f833 	ldr	x19, [x1, #1520]
    40004564:	aa1303f4 	mov	x20, x19
    40004568:	3833681f 	strb	wzr, [x0, x19]
    4000456c:	91000400 	add	x0, x0, #0x1
    40004570:	f108001f 	cmp	x0, #0x200
    40004574:	54ffff61 	b.ne	40004560 <smp_sched_init+0x18>  // b.any
    40004578:	91080261 	add	x1, x19, #0x200
    4000457c:	d2800000 	mov	x0, #0x0                   	// #0
    40004580:	3820683f 	strb	wzr, [x1, x0]
    40004584:	91000400 	add	x0, x0, #0x1
    40004588:	f101001f 	cmp	x0, #0x40
    4000458c:	54ffffa1 	b.ne	40004580 <smp_sched_init+0x38>  // b.any
    40004590:	91090261 	add	x1, x19, #0x240
    40004594:	d2800000 	mov	x0, #0x0                   	// #0
    40004598:	3820683f 	strb	wzr, [x1, x0]
    4000459c:	91000400 	add	x0, x0, #0x1
    400045a0:	f110001f 	cmp	x0, #0x400
    400045a4:	54ffffa1 	b.ne	40004598 <smp_sched_init+0x50>  // b.any
    400045a8:	91080275 	add	x21, x19, #0x200
    400045ac:	9100c260 	add	x0, x19, #0x30
    400045b0:	97ffff86 	bl	400043c8 <ticket_lock_init>
    400045b4:	a9007e7f 	stp	xzr, xzr, [x19]
    400045b8:	a9017e7f 	stp	xzr, xzr, [x19, #16]
    400045bc:	91010273 	add	x19, x19, #0x40
    400045c0:	b81e027f 	stur	wzr, [x19, #-32]
    400045c4:	eb15027f 	cmp	x19, x21
    400045c8:	54ffff21 	b.ne	400045ac <smp_sched_init+0x64>  // b.any
    400045cc:	91190280 	add	x0, x20, #0x640
    400045d0:	97ffff7e 	bl	400043c8 <ticket_lock_init>
    400045d4:	d5033fbf 	dmb	sy
    400045d8:	a94153f3 	ldp	x19, x20, [sp, #16]
    400045dc:	52800000 	mov	w0, #0x0                   	// #0
    400045e0:	f94013f5 	ldr	x21, [sp, #32]
    400045e4:	a8c37bfd 	ldp	x29, x30, [sp], #48
    400045e8:	d65f03c0 	ret
    400045ec:	d503201f 	nop
    400045f0:	40023e40 	.word	0x40023e40
    400045f4:	00000000 	.word	0x00000000

00000000400045f8 <smp_enqueue>:
    400045f8:	71001c1f 	cmp	w0, #0x7
    400045fc:	540004c8 	b.hi	40004694 <smp_enqueue+0x9c>  // b.pmore
    40004600:	a9bc7bfd 	stp	x29, x30, [sp, #-64]!
    40004604:	910003fd 	mov	x29, sp
    40004608:	a90153f3 	stp	x19, x20, [sp, #16]
    4000460c:	a9025bf5 	stp	x21, x22, [sp, #32]
    40004610:	f9001bf7 	str	x23, [sp, #48]
    40004614:	2a0103f7 	mov	w23, w1
    40004618:	7103fc3f 	cmp	w1, #0xff
    4000461c:	54000408 	b.hi	4000469c <smp_enqueue+0xa4>  // b.pmore
    40004620:	2a0003f3 	mov	w19, w0
    40004624:	90000000 	adrp	x0, 40004000 <timer_get_us>
    40004628:	53067c36 	lsr	w22, w1, #6
    4000462c:	f9435414 	ldr	x20, [x0, #1704]
    40004630:	d37a7e75 	ubfiz	x21, x19, #6, #32
    40004634:	9100c2b5 	add	x21, x21, #0x30
    40004638:	8b150295 	add	x21, x20, x21
    4000463c:	aa1503e0 	mov	x0, x21
    40004640:	97ffff69 	bl	400043e4 <ticket_lock_acquire>
    40004644:	2a1603e0 	mov	w0, w22
    40004648:	d2800022 	mov	x2, #0x1                   	// #1
    4000464c:	8b334c00 	add	x0, x0, w19, uxtw #3
    40004650:	9ad72041 	lsl	x1, x2, x23
    40004654:	d37a7e73 	ubfiz	x19, x19, #6, #32
    40004658:	f8607a82 	ldr	x2, [x20, x0, lsl #3]
    4000465c:	aa020021 	orr	x1, x1, x2
    40004660:	f8207a81 	str	x1, [x20, x0, lsl #3]
    40004664:	8b130294 	add	x20, x20, x19
    40004668:	b9402280 	ldr	w0, [x20, #32]
    4000466c:	11000400 	add	w0, w0, #0x1
    40004670:	b9002280 	str	w0, [x20, #32]
    40004674:	aa1503e0 	mov	x0, x21
    40004678:	97ffff70 	bl	40004438 <ticket_lock_release>
    4000467c:	52800000 	mov	w0, #0x0                   	// #0
    40004680:	a94153f3 	ldp	x19, x20, [sp, #16]
    40004684:	a9425bf5 	ldp	x21, x22, [sp, #32]
    40004688:	f9401bf7 	ldr	x23, [sp, #48]
    4000468c:	a8c47bfd 	ldp	x29, x30, [sp], #64
    40004690:	d65f03c0 	ret
    40004694:	128002a0 	mov	w0, #0xffffffea            	// #-22
    40004698:	d65f03c0 	ret
    4000469c:	128002a0 	mov	w0, #0xffffffea            	// #-22
    400046a0:	17fffff8 	b	40004680 <smp_enqueue+0x88>
    400046a4:	d503201f 	nop
    400046a8:	40023e40 	.word	0x40023e40
    400046ac:	00000000 	.word	0x00000000

00000000400046b0 <smp_dequeue>:
    400046b0:	71001c1f 	cmp	w0, #0x7
    400046b4:	540004e8 	b.hi	40004750 <smp_dequeue+0xa0>  // b.pmore
    400046b8:	a9bc7bfd 	stp	x29, x30, [sp, #-64]!
    400046bc:	910003fd 	mov	x29, sp
    400046c0:	a90153f3 	stp	x19, x20, [sp, #16]
    400046c4:	a9025bf5 	stp	x21, x22, [sp, #32]
    400046c8:	f9001bf7 	str	x23, [sp, #48]
    400046cc:	2a0103f7 	mov	w23, w1
    400046d0:	7103fc3f 	cmp	w1, #0xff
    400046d4:	54000428 	b.hi	40004758 <smp_dequeue+0xa8>  // b.pmore
    400046d8:	2a0003f3 	mov	w19, w0
    400046dc:	90000000 	adrp	x0, 40004000 <timer_get_us>
    400046e0:	53067c36 	lsr	w22, w1, #6
    400046e4:	f943b014 	ldr	x20, [x0, #1888]
    400046e8:	d37a7e75 	ubfiz	x21, x19, #6, #32
    400046ec:	9100c2b5 	add	x21, x21, #0x30
    400046f0:	8b150295 	add	x21, x20, x21
    400046f4:	aa1503e0 	mov	x0, x21
    400046f8:	97ffff3b 	bl	400043e4 <ticket_lock_acquire>
    400046fc:	2a1603e0 	mov	w0, w22
    40004700:	d2800022 	mov	x2, #0x1                   	// #1
    40004704:	8b334c00 	add	x0, x0, w19, uxtw #3
    40004708:	9ad72041 	lsl	x1, x2, x23
    4000470c:	d37a7e73 	ubfiz	x19, x19, #6, #32
    40004710:	f8607a82 	ldr	x2, [x20, x0, lsl #3]
    40004714:	8a210041 	bic	x1, x2, x1
    40004718:	f8207a81 	str	x1, [x20, x0, lsl #3]
    4000471c:	8b130294 	add	x20, x20, x19
    40004720:	b9402280 	ldr	w0, [x20, #32]
    40004724:	34000060 	cbz	w0, 40004730 <smp_dequeue+0x80>
    40004728:	51000400 	sub	w0, w0, #0x1
    4000472c:	b9002280 	str	w0, [x20, #32]
    40004730:	aa1503e0 	mov	x0, x21
    40004734:	97ffff41 	bl	40004438 <ticket_lock_release>
    40004738:	52800000 	mov	w0, #0x0                   	// #0
    4000473c:	a94153f3 	ldp	x19, x20, [sp, #16]
    40004740:	a9425bf5 	ldp	x21, x22, [sp, #32]
    40004744:	f9401bf7 	ldr	x23, [sp, #48]
    40004748:	a8c47bfd 	ldp	x29, x30, [sp], #64
    4000474c:	d65f03c0 	ret
    40004750:	128002a0 	mov	w0, #0xffffffea            	// #-22
    40004754:	d65f03c0 	ret
    40004758:	128002a0 	mov	w0, #0xffffffea            	// #-22
    4000475c:	17fffff8 	b	4000473c <smp_dequeue+0x8c>
    40004760:	40023e40 	.word	0x40023e40
    40004764:	00000000 	.word	0x00000000

0000000040004768 <smp_set_affinity>:
    40004768:	7103fc1f 	cmp	w0, #0xff
    4000476c:	54000408 	b.hi	400047ec <smp_set_affinity+0x84>  // b.pmore
    40004770:	a9bd7bfd 	stp	x29, x30, [sp, #-48]!
    40004774:	910003fd 	mov	x29, sp
    40004778:	a90153f3 	stp	x19, x20, [sp, #16]
    4000477c:	2a0003f4 	mov	w20, w0
    40004780:	a9025bf5 	stp	x21, x22, [sp, #32]
    40004784:	350001e1 	cbnz	w1, 400047c0 <smp_set_affinity+0x58>
    40004788:	90000000 	adrp	x0, 40004000 <timer_get_us>
    4000478c:	f9440013 	ldr	x19, [x0, #2048]
    40004790:	91190275 	add	x21, x19, #0x640
    40004794:	91090273 	add	x19, x19, #0x240
    40004798:	aa1503e0 	mov	x0, x21
    4000479c:	97ffff12 	bl	400043e4 <ticket_lock_acquire>
    400047a0:	aa1503e0 	mov	x0, x21
    400047a4:	b8345a7f 	str	wzr, [x19, w20, uxtw #2]
    400047a8:	97ffff24 	bl	40004438 <ticket_lock_release>
    400047ac:	52800000 	mov	w0, #0x0                   	// #0
    400047b0:	a94153f3 	ldp	x19, x20, [sp, #16]
    400047b4:	a9425bf5 	ldp	x21, x22, [sp, #32]
    400047b8:	a8c37bfd 	ldp	x29, x30, [sp], #48
    400047bc:	d65f03c0 	ret
    400047c0:	72001c33 	ands	w19, w1, #0xff
    400047c4:	54000180 	b.eq	400047f4 <smp_set_affinity+0x8c>  // b.none
    400047c8:	90000000 	adrp	x0, 40004000 <timer_get_us>
    400047cc:	f9440015 	ldr	x21, [x0, #2048]
    400047d0:	911902b6 	add	x22, x21, #0x640
    400047d4:	910902b5 	add	x21, x21, #0x240
    400047d8:	aa1603e0 	mov	x0, x22
    400047dc:	97ffff02 	bl	400043e4 <ticket_lock_acquire>
    400047e0:	aa1603e0 	mov	x0, x22
    400047e4:	b8345ab3 	str	w19, [x21, w20, uxtw #2]
    400047e8:	17fffff0 	b	400047a8 <smp_set_affinity+0x40>
    400047ec:	128002a0 	mov	w0, #0xffffffea            	// #-22
    400047f0:	d65f03c0 	ret
    400047f4:	128002a0 	mov	w0, #0xffffffea            	// #-22
    400047f8:	17ffffee 	b	400047b0 <smp_set_affinity+0x48>
    400047fc:	d503201f 	nop
    40004800:	40023e40 	.word	0x40023e40
    40004804:	00000000 	.word	0x00000000

0000000040004808 <smp_get_affinity>:
    40004808:	a9bd7bfd 	stp	x29, x30, [sp, #-48]!
    4000480c:	910003fd 	mov	x29, sp
    40004810:	a90153f3 	stp	x19, x20, [sp, #16]
    40004814:	f90013f5 	str	x21, [sp, #32]
    40004818:	7103fc1f 	cmp	w0, #0xff
    4000481c:	54000208 	b.hi	4000485c <smp_get_affinity+0x54>  // b.pmore
    40004820:	2a0003f4 	mov	w20, w0
    40004824:	90000000 	adrp	x0, 40004000 <timer_get_us>
    40004828:	f9443413 	ldr	x19, [x0, #2152]
    4000482c:	91190275 	add	x21, x19, #0x640
    40004830:	91090273 	add	x19, x19, #0x240
    40004834:	aa1503e0 	mov	x0, x21
    40004838:	97fffeeb 	bl	400043e4 <ticket_lock_acquire>
    4000483c:	aa1503e0 	mov	x0, x21
    40004840:	b8745a73 	ldr	w19, [x19, w20, uxtw #2]
    40004844:	97fffefd 	bl	40004438 <ticket_lock_release>
    40004848:	f94013f5 	ldr	x21, [sp, #32]
    4000484c:	2a1303e0 	mov	w0, w19
    40004850:	a94153f3 	ldp	x19, x20, [sp, #16]
    40004854:	a8c37bfd 	ldp	x29, x30, [sp], #48
    40004858:	d65f03c0 	ret
    4000485c:	52800013 	mov	w19, #0x0                   	// #0
    40004860:	17fffffa 	b	40004848 <smp_get_affinity+0x40>
    40004864:	d503201f 	nop
    40004868:	40023e40 	.word	0x40023e40
    4000486c:	00000000 	.word	0x00000000

0000000040004870 <smp_affinity_allowed>:
    40004870:	71001c3f 	cmp	w1, #0x7
    40004874:	540001e8 	b.hi	400048b0 <smp_affinity_allowed+0x40>  // b.pmore
    40004878:	a9be7bfd 	stp	x29, x30, [sp, #-32]!
    4000487c:	910003fd 	mov	x29, sp
    40004880:	f9000bf3 	str	x19, [sp, #16]
    40004884:	2a0103f3 	mov	w19, w1
    40004888:	97ffffe0 	bl	40004808 <smp_get_affinity>
    4000488c:	2a0003e2 	mov	w2, w0
    40004890:	52800020 	mov	w0, #0x1                   	// #1
    40004894:	34000082 	cbz	w2, 400048a4 <smp_affinity_allowed+0x34>
    40004898:	1ad32001 	lsl	w1, w0, w19
    4000489c:	6a02003f 	tst	w1, w2
    400048a0:	1a9f07e0 	cset	w0, ne	// ne = any
    400048a4:	f9400bf3 	ldr	x19, [sp, #16]
    400048a8:	a8c27bfd 	ldp	x29, x30, [sp], #32
    400048ac:	d65f03c0 	ret
    400048b0:	52800000 	mov	w0, #0x0                   	// #0
    400048b4:	d65f03c0 	ret

00000000400048b8 <smp_select_target_cpu>:
    400048b8:	a9bb7bfd 	stp	x29, x30, [sp, #-80]!
    400048bc:	910003fd 	mov	x29, sp
    400048c0:	a90153f3 	stp	x19, x20, [sp, #16]
    400048c4:	a9025bf5 	stp	x21, x22, [sp, #32]
    400048c8:	a90363f7 	stp	x23, x24, [sp, #48]
    400048cc:	2a0103f7 	mov	w23, w1
    400048d0:	f90023f9 	str	x25, [sp, #64]
    400048d4:	97ffffcd 	bl	40004808 <smp_get_affinity>
    400048d8:	2a0003f4 	mov	w20, w0
    400048dc:	90000000 	adrp	x0, 40004000 <timer_get_us>
    400048e0:	f944d013 	ldr	x19, [x0, #2464]
    400048e4:	35000314 	cbnz	w20, 40004944 <smp_select_target_cpu+0x8c>
    400048e8:	12800015 	mov	w21, #0xffffffff            	// #-1
    400048ec:	2a1503f6 	mov	w22, w21
    400048f0:	6b1402ff 	cmp	w23, w20
    400048f4:	54000120 	b.eq	40004918 <smp_select_target_cpu+0x60>  // b.none
    400048f8:	2a1403e0 	mov	w0, w20
    400048fc:	97fffadf 	bl	40003478 <smp_cpu_online>
    40004900:	360000c0 	tbz	w0, #0, 40004918 <smp_select_target_cpu+0x60>
    40004904:	b9402260 	ldr	w0, [x19, #32]
    40004908:	6b15001f 	cmp	w0, w21
    4000490c:	54000062 	b.cs	40004918 <smp_select_target_cpu+0x60>  // b.hs, b.nlast
    40004910:	2a0003f5 	mov	w21, w0
    40004914:	2a1403f6 	mov	w22, w20
    40004918:	11000694 	add	w20, w20, #0x1
    4000491c:	91010273 	add	x19, x19, #0x40
    40004920:	7100229f 	cmp	w20, #0x8
    40004924:	54fffe61 	b.ne	400048f0 <smp_select_target_cpu+0x38>  // b.any
    40004928:	a94153f3 	ldp	x19, x20, [sp, #16]
    4000492c:	2a1603e0 	mov	w0, w22
    40004930:	a9425bf5 	ldp	x21, x22, [sp, #32]
    40004934:	a94363f7 	ldp	x23, x24, [sp, #48]
    40004938:	f94023f9 	ldr	x25, [sp, #64]
    4000493c:	a8c57bfd 	ldp	x29, x30, [sp], #80
    40004940:	d65f03c0 	ret
    40004944:	12800018 	mov	w24, #0xffffffff            	// #-1
    40004948:	2a1803f6 	mov	w22, w24
    4000494c:	52800015 	mov	w21, #0x0                   	// #0
    40004950:	52800039 	mov	w25, #0x1                   	// #1
    40004954:	6b1502ff 	cmp	w23, w21
    40004958:	54000180 	b.eq	40004988 <smp_select_target_cpu+0xd0>  // b.none
    4000495c:	2a1503e0 	mov	w0, w21
    40004960:	97fffac6 	bl	40003478 <smp_cpu_online>
    40004964:	36000120 	tbz	w0, #0, 40004988 <smp_select_target_cpu+0xd0>
    40004968:	1ad52320 	lsl	w0, w25, w21
    4000496c:	6a14001f 	tst	w0, w20
    40004970:	540000c0 	b.eq	40004988 <smp_select_target_cpu+0xd0>  // b.none
    40004974:	b9402260 	ldr	w0, [x19, #32]
    40004978:	6b18001f 	cmp	w0, w24
    4000497c:	54000062 	b.cs	40004988 <smp_select_target_cpu+0xd0>  // b.hs, b.nlast
    40004980:	2a0003f8 	mov	w24, w0
    40004984:	2a1503f6 	mov	w22, w21
    40004988:	110006b5 	add	w21, w21, #0x1
    4000498c:	91010273 	add	x19, x19, #0x40
    40004990:	710022bf 	cmp	w21, #0x8
    40004994:	54fffe01 	b.ne	40004954 <smp_select_target_cpu+0x9c>  // b.any
    40004998:	17ffffe4 	b	40004928 <smp_select_target_cpu+0x70>
    4000499c:	d503201f 	nop
    400049a0:	40023e40 	.word	0x40023e40
    400049a4:	00000000 	.word	0x00000000

00000000400049a8 <smp_get_load>:
    400049a8:	71001c1f 	cmp	w0, #0x7
    400049ac:	540000e8 	b.hi	400049c8 <smp_get_load+0x20>  // b.pmore
    400049b0:	90000001 	adrp	x1, 40004000 <timer_get_us>
    400049b4:	d37a7c00 	ubfiz	x0, x0, #6, #32
    400049b8:	f944e821 	ldr	x1, [x1, #2512]
    400049bc:	8b000020 	add	x0, x1, x0
    400049c0:	b9402000 	ldr	w0, [x0, #32]
    400049c4:	d65f03c0 	ret
    400049c8:	52800000 	mov	w0, #0x0                   	// #0
    400049cc:	17fffffe 	b	400049c4 <smp_get_load+0x1c>
    400049d0:	40023e40 	.word	0x40023e40
    400049d4:	00000000 	.word	0x00000000

00000000400049d8 <smp_load_balance>:
    400049d8:	a9bb7bfd 	stp	x29, x30, [sp, #-80]!
    400049dc:	90000000 	adrp	x0, 40004000 <timer_get_us>
    400049e0:	910003fd 	mov	x29, sp
    400049e4:	a90153f3 	stp	x19, x20, [sp, #16]
    400049e8:	52800013 	mov	w19, #0x0                   	// #0
    400049ec:	f945f414 	ldr	x20, [x0, #3048]
    400049f0:	a90363f7 	stp	x23, x24, [sp, #48]
    400049f4:	aa1403f7 	mov	x23, x20
    400049f8:	aa1403f8 	mov	x24, x20
    400049fc:	a9025bf5 	stp	x21, x22, [sp, #32]
    40004a00:	52800015 	mov	w21, #0x0                   	// #0
    40004a04:	52800016 	mov	w22, #0x0                   	// #0
    40004a08:	f90023f9 	str	x25, [sp, #64]
    40004a0c:	2a1603e0 	mov	w0, w22
    40004a10:	97fffa9a 	bl	40003478 <smp_cpu_online>
    40004a14:	36000080 	tbz	w0, #0, 40004a24 <smp_load_balance+0x4c>
    40004a18:	b94022e0 	ldr	w0, [x23, #32]
    40004a1c:	110006b5 	add	w21, w21, #0x1
    40004a20:	0b000273 	add	w19, w19, w0
    40004a24:	110006d6 	add	w22, w22, #0x1
    40004a28:	910102f7 	add	x23, x23, #0x40
    40004a2c:	710022df 	cmp	w22, #0x8
    40004a30:	54fffee1 	b.ne	40004a0c <smp_load_balance+0x34>  // b.any
    40004a34:	710006bf 	cmp	w21, #0x1
    40004a38:	54000289 	b.ls	40004a88 <smp_load_balance+0xb0>  // b.plast
    40004a3c:	6b15027f 	cmp	w19, w21
    40004a40:	54000243 	b.cc	40004a88 <smp_load_balance+0xb0>  // b.lo, b.ul, b.last
    40004a44:	1ad50a73 	udiv	w19, w19, w21
    40004a48:	528012c0 	mov	w0, #0x96                  	// #150
    40004a4c:	aa1403f6 	mov	x22, x20
    40004a50:	52800015 	mov	w21, #0x0                   	// #0
    40004a54:	52800c97 	mov	w23, #0x64                  	// #100
    40004a58:	1b007e73 	mul	w19, w19, w0
    40004a5c:	2a1503e0 	mov	w0, w21
    40004a60:	97fffa86 	bl	40003478 <smp_cpu_online>
    40004a64:	360000a0 	tbz	w0, #0, 40004a78 <smp_load_balance+0xa0>
    40004a68:	b94022c0 	ldr	w0, [x22, #32]
    40004a6c:	1b177c00 	mul	w0, w0, w23
    40004a70:	6b13001f 	cmp	w0, w19
    40004a74:	54000188 	b.hi	40004aa4 <smp_load_balance+0xcc>  // b.pmore
    40004a78:	110006b5 	add	w21, w21, #0x1
    40004a7c:	910102d6 	add	x22, x22, #0x40
    40004a80:	710022bf 	cmp	w21, #0x8
    40004a84:	54fffec1 	b.ne	40004a5c <smp_load_balance+0x84>  // b.any
    40004a88:	a94153f3 	ldp	x19, x20, [sp, #16]
    40004a8c:	52800000 	mov	w0, #0x0                   	// #0
    40004a90:	a9425bf5 	ldp	x21, x22, [sp, #32]
    40004a94:	a94363f7 	ldp	x23, x24, [sp, #48]
    40004a98:	f94023f9 	ldr	x25, [sp, #64]
    40004a9c:	a8c57bfd 	ldp	x29, x30, [sp], #80
    40004aa0:	d65f03c0 	ret
    40004aa4:	aa1403f5 	mov	x21, x20
    40004aa8:	52800016 	mov	w22, #0x0                   	// #0
    40004aac:	52800017 	mov	w23, #0x0                   	// #0
    40004ab0:	52800013 	mov	w19, #0x0                   	// #0
    40004ab4:	2a1303e0 	mov	w0, w19
    40004ab8:	97fffa70 	bl	40003478 <smp_cpu_online>
    40004abc:	360000c0 	tbz	w0, #0, 40004ad4 <smp_load_balance+0xfc>
    40004ac0:	b94022a0 	ldr	w0, [x21, #32]
    40004ac4:	6b17001f 	cmp	w0, w23
    40004ac8:	54000069 	b.ls	40004ad4 <smp_load_balance+0xfc>  // b.plast
    40004acc:	2a0003f7 	mov	w23, w0
    40004ad0:	2a1303f6 	mov	w22, w19
    40004ad4:	11000673 	add	w19, w19, #0x1
    40004ad8:	910102b5 	add	x21, x21, #0x40
    40004adc:	7100227f 	cmp	w19, #0x8
    40004ae0:	54fffea1 	b.ne	40004ab4 <smp_load_balance+0xdc>  // b.any
    40004ae4:	12800015 	mov	w21, #0xffffffff            	// #-1
    40004ae8:	2a1503f9 	mov	w25, w21
    40004aec:	52800013 	mov	w19, #0x0                   	// #0
    40004af0:	2a1303e0 	mov	w0, w19
    40004af4:	97fffa61 	bl	40003478 <smp_cpu_online>
    40004af8:	36000100 	tbz	w0, #0, 40004b18 <smp_load_balance+0x140>
    40004afc:	6b1302df 	cmp	w22, w19
    40004b00:	540000c0 	b.eq	40004b18 <smp_load_balance+0x140>  // b.none
    40004b04:	b9402280 	ldr	w0, [x20, #32]
    40004b08:	6b19001f 	cmp	w0, w25
    40004b0c:	54000062 	b.cs	40004b18 <smp_load_balance+0x140>  // b.hs, b.nlast
    40004b10:	2a0003f9 	mov	w25, w0
    40004b14:	2a1303f5 	mov	w21, w19
    40004b18:	11000673 	add	w19, w19, #0x1
    40004b1c:	91010294 	add	x20, x20, #0x40
    40004b20:	7100227f 	cmp	w19, #0x8
    40004b24:	54fffe61 	b.ne	40004af0 <smp_load_balance+0x118>  // b.any
    40004b28:	6b1502df 	cmp	w22, w21
    40004b2c:	3a411aa4 	ccmn	w21, #0x1, #0x4, ne	// ne = any
    40004b30:	54fffac0 	b.eq	40004a88 <smp_load_balance+0xb0>  // b.none
    40004b34:	710026ff 	cmp	w23, #0x9
    40004b38:	54000128 	b.hi	40004b5c <smp_load_balance+0x184>  // b.pmore
    40004b3c:	53017ee0 	lsr	w0, w23, #1
    40004b40:	710006ff 	cmp	w23, #0x1
    40004b44:	1a9f8417 	csinc	w23, w0, wzr, hi	// hi = pmore
    40004b48:	d37a7ec0 	ubfiz	x0, x22, #6, #32
    40004b4c:	52800014 	mov	w20, #0x0                   	// #0
    40004b50:	8b000318 	add	x24, x24, x0
    40004b54:	d2800000 	mov	x0, #0x0                   	// #0
    40004b58:	14000006 	b	40004b70 <smp_load_balance+0x198>
    40004b5c:	52800097 	mov	w23, #0x4                   	// #4
    40004b60:	17fffffa 	b	40004b48 <smp_load_balance+0x170>
    40004b64:	91000400 	add	x0, x0, #0x1
    40004b68:	f100101f 	cmp	x0, #0x4
    40004b6c:	54000120 	b.eq	40004b90 <smp_load_balance+0x1b8>  // b.none
    40004b70:	f8607b01 	ldr	x1, [x24, x0, lsl #3]
    40004b74:	b4ffff81 	cbz	x1, 40004b64 <smp_load_balance+0x18c>
    40004b78:	531a6413 	lsl	w19, w0, #6
    40004b7c:	dac01021 	clz	x1, x1
    40004b80:	1100fe73 	add	w19, w19, #0x3f
    40004b84:	4b010273 	sub	w19, w19, w1
    40004b88:	7103fe7f 	cmp	w19, #0xff
    40004b8c:	54000061 	b.ne	40004b98 <smp_load_balance+0x1c0>  // b.any
    40004b90:	34fff7d4 	cbz	w20, 40004a88 <smp_load_balance+0xb0>
    40004b94:	14000010 	b	40004bd4 <smp_load_balance+0x1fc>
    40004b98:	2a1303e1 	mov	w1, w19
    40004b9c:	2a1603e0 	mov	w0, w22
    40004ba0:	97fffec4 	bl	400046b0 <smp_dequeue>
    40004ba4:	35ffff60 	cbnz	w0, 40004b90 <smp_load_balance+0x1b8>
    40004ba8:	2a1303e1 	mov	w1, w19
    40004bac:	2a1503e0 	mov	w0, w21
    40004bb0:	97fffe92 	bl	400045f8 <smp_enqueue>
    40004bb4:	340000a0 	cbz	w0, 40004bc8 <smp_load_balance+0x1f0>
    40004bb8:	2a1303e1 	mov	w1, w19
    40004bbc:	2a1603e0 	mov	w0, w22
    40004bc0:	97fffe8e 	bl	400045f8 <smp_enqueue>
    40004bc4:	17fffff3 	b	40004b90 <smp_load_balance+0x1b8>
    40004bc8:	11000694 	add	w20, w20, #0x1
    40004bcc:	6b17029f 	cmp	w20, w23
    40004bd0:	54fffc21 	b.ne	40004b54 <smp_load_balance+0x17c>  // b.any
    40004bd4:	2a1503e0 	mov	w0, w21
    40004bd8:	52800001 	mov	w1, #0x0                   	// #0
    40004bdc:	97fff8d9 	bl	40002f40 <ipi_send>
    40004be0:	17ffffaa 	b	40004a88 <smp_load_balance+0xb0>
    40004be4:	d503201f 	nop
    40004be8:	40023e40 	.word	0x40023e40
    40004bec:	00000000 	.word	0x00000000

0000000040004bf0 <smp_select_enqueue_cpu>:
    40004bf0:	a9bc7bfd 	stp	x29, x30, [sp, #-64]!
    40004bf4:	910003fd 	mov	x29, sp
    40004bf8:	a90153f3 	stp	x19, x20, [sp, #16]
    40004bfc:	2a0103f3 	mov	w19, w1
    40004c00:	a9025bf5 	stp	x21, x22, [sp, #32]
    40004c04:	a90363f7 	stp	x23, x24, [sp, #48]
    40004c08:	97ffff00 	bl	40004808 <smp_get_affinity>
    40004c0c:	35000280 	cbnz	w0, 40004c5c <smp_select_enqueue_cpu+0x6c>
    40004c10:	71001e7f 	cmp	w19, #0x7
    40004c14:	54000088 	b.hi	40004c24 <smp_select_enqueue_cpu+0x34>  // b.pmore
    40004c18:	2a1303e0 	mov	w0, w19
    40004c1c:	97fffa17 	bl	40003478 <smp_cpu_online>
    40004c20:	37000120 	tbnz	w0, #0, 40004c44 <smp_select_enqueue_cpu+0x54>
    40004c24:	52800013 	mov	w19, #0x0                   	// #0
    40004c28:	2a1303e0 	mov	w0, w19
    40004c2c:	97fffa13 	bl	40003478 <smp_cpu_online>
    40004c30:	370000a0 	tbnz	w0, #0, 40004c44 <smp_select_enqueue_cpu+0x54>
    40004c34:	11000673 	add	w19, w19, #0x1
    40004c38:	7100227f 	cmp	w19, #0x8
    40004c3c:	54ffff61 	b.ne	40004c28 <smp_select_enqueue_cpu+0x38>  // b.any
    40004c40:	52800013 	mov	w19, #0x0                   	// #0
    40004c44:	a9425bf5 	ldp	x21, x22, [sp, #32]
    40004c48:	2a1303e0 	mov	w0, w19
    40004c4c:	a94153f3 	ldp	x19, x20, [sp, #16]
    40004c50:	a94363f7 	ldp	x23, x24, [sp, #48]
    40004c54:	a8c47bfd 	ldp	x29, x30, [sp], #64
    40004c58:	d65f03c0 	ret
    40004c5c:	2a0003f5 	mov	w21, w0
    40004c60:	90000000 	adrp	x0, 40004000 <timer_get_us>
    40004c64:	12800017 	mov	w23, #0xffffffff            	// #-1
    40004c68:	2a1703f3 	mov	w19, w23
    40004c6c:	f9466016 	ldr	x22, [x0, #3264]
    40004c70:	52800014 	mov	w20, #0x0                   	// #0
    40004c74:	52800038 	mov	w24, #0x1                   	// #1
    40004c78:	2a1403e0 	mov	w0, w20
    40004c7c:	97fff9ff 	bl	40003478 <smp_cpu_online>
    40004c80:	36000120 	tbz	w0, #0, 40004ca4 <smp_select_enqueue_cpu+0xb4>
    40004c84:	1ad42300 	lsl	w0, w24, w20
    40004c88:	6a15001f 	tst	w0, w21
    40004c8c:	540000c0 	b.eq	40004ca4 <smp_select_enqueue_cpu+0xb4>  // b.none
    40004c90:	b94022c0 	ldr	w0, [x22, #32]
    40004c94:	6b17001f 	cmp	w0, w23
    40004c98:	54000062 	b.cs	40004ca4 <smp_select_enqueue_cpu+0xb4>  // b.hs, b.nlast
    40004c9c:	2a0003f7 	mov	w23, w0
    40004ca0:	2a1403f3 	mov	w19, w20
    40004ca4:	11000694 	add	w20, w20, #0x1
    40004ca8:	910102d6 	add	x22, x22, #0x40
    40004cac:	7100229f 	cmp	w20, #0x8
    40004cb0:	54fffe41 	b.ne	40004c78 <smp_select_enqueue_cpu+0x88>  // b.any
    40004cb4:	3100067f 	cmn	w19, #0x1
    40004cb8:	54fffc61 	b.ne	40004c44 <smp_select_enqueue_cpu+0x54>  // b.any
    40004cbc:	17ffffe1 	b	40004c40 <smp_select_enqueue_cpu+0x50>
    40004cc0:	40023e40 	.word	0x40023e40
    40004cc4:	00000000 	.word	0x00000000

0000000040004cc8 <smp_tick_check_balance>:
    40004cc8:	71001c1f 	cmp	w0, #0x7
    40004ccc:	540001a8 	b.hi	40004d00 <smp_tick_check_balance+0x38>  // b.pmore
    40004cd0:	90000001 	adrp	x1, 40004000 <timer_get_us>
    40004cd4:	2a0003e0 	mov	w0, w0
    40004cd8:	f9468422 	ldr	x2, [x1, #3336]
    40004cdc:	91080042 	add	x2, x2, #0x200
    40004ce0:	f8607841 	ldr	x1, [x2, x0, lsl #3]
    40004ce4:	91000421 	add	x1, x1, #0x1
    40004ce8:	f8207841 	str	x1, [x2, x0, lsl #3]
    40004cec:	d2800c82 	mov	x2, #0x64                  	// #100
    40004cf0:	9ac20820 	udiv	x0, x1, x2
    40004cf4:	9b028400 	msub	x0, x0, x2, x1
    40004cf8:	b5000040 	cbnz	x0, 40004d00 <smp_tick_check_balance+0x38>
    40004cfc:	17ffff37 	b	400049d8 <smp_load_balance>
    40004d00:	d65f03c0 	ret
    40004d04:	d503201f 	nop
    40004d08:	40023e40 	.word	0x40023e40
    40004d0c:	00000000 	.word	0x00000000

0000000040004d10 <smp_sched_tick>:
    40004d10:	17ffffee 	b	40004cc8 <smp_tick_check_balance>

0000000040004d14 <smp_migrate_thread>:
    40004d14:	a9bd7bfd 	stp	x29, x30, [sp, #-48]!
    40004d18:	910003fd 	mov	x29, sp
    40004d1c:	a90153f3 	stp	x19, x20, [sp, #16]
    40004d20:	a9025bf5 	stp	x21, x22, [sp, #32]
    40004d24:	2a0003f5 	mov	w21, w0
    40004d28:	2a010000 	orr	w0, w0, w1
    40004d2c:	71001c1f 	cmp	w0, #0x7
    40004d30:	540000e9 	b.ls	40004d4c <smp_migrate_thread+0x38>  // b.plast
    40004d34:	128002b3 	mov	w19, #0xffffffea            	// #-22
    40004d38:	a9425bf5 	ldp	x21, x22, [sp, #32]
    40004d3c:	2a1303e0 	mov	w0, w19
    40004d40:	a94153f3 	ldp	x19, x20, [sp, #16]
    40004d44:	a8c37bfd 	ldp	x29, x30, [sp], #48
    40004d48:	d65f03c0 	ret
    40004d4c:	2a0203f6 	mov	w22, w2
    40004d50:	7103fc5f 	cmp	w2, #0xff
    40004d54:	54ffff08 	b.hi	40004d34 <smp_migrate_thread+0x20>  // b.pmore
    40004d58:	2a0103f4 	mov	w20, w1
    40004d5c:	6b0102bf 	cmp	w21, w1
    40004d60:	54000061 	b.ne	40004d6c <smp_migrate_thread+0x58>  // b.any
    40004d64:	52800013 	mov	w19, #0x0                   	// #0
    40004d68:	17fffff4 	b	40004d38 <smp_migrate_thread+0x24>
    40004d6c:	2a0303f3 	mov	w19, w3
    40004d70:	2a0103e0 	mov	w0, w1
    40004d74:	97fff9c1 	bl	40003478 <smp_cpu_online>
    40004d78:	3607fde0 	tbz	w0, #0, 40004d34 <smp_migrate_thread+0x20>
    40004d7c:	7103fe7f 	cmp	w19, #0xff
    40004d80:	540001e9 	b.ls	40004dbc <smp_migrate_thread+0xa8>  // b.plast
    40004d84:	2a1603e1 	mov	w1, w22
    40004d88:	2a1503e0 	mov	w0, w21
    40004d8c:	97fffe49 	bl	400046b0 <smp_dequeue>
    40004d90:	2a0003f3 	mov	w19, w0
    40004d94:	35fffd20 	cbnz	w0, 40004d38 <smp_migrate_thread+0x24>
    40004d98:	2a1603e1 	mov	w1, w22
    40004d9c:	2a1403e0 	mov	w0, w20
    40004da0:	97fffe16 	bl	400045f8 <smp_enqueue>
    40004da4:	2a0003f3 	mov	w19, w0
    40004da8:	34000160 	cbz	w0, 40004dd4 <smp_migrate_thread+0xc0>
    40004dac:	2a1603e1 	mov	w1, w22
    40004db0:	2a1503e0 	mov	w0, w21
    40004db4:	97fffe11 	bl	400045f8 <smp_enqueue>
    40004db8:	17ffffe0 	b	40004d38 <smp_migrate_thread+0x24>
    40004dbc:	2a1403e1 	mov	w1, w20
    40004dc0:	2a1303e0 	mov	w0, w19
    40004dc4:	97fffeab 	bl	40004870 <smp_affinity_allowed>
    40004dc8:	3707fde0 	tbnz	w0, #0, 40004d84 <smp_migrate_thread+0x70>
    40004dcc:	12800013 	mov	w19, #0xffffffff            	// #-1
    40004dd0:	17ffffda 	b	40004d38 <smp_migrate_thread+0x24>
    40004dd4:	2a1403e0 	mov	w0, w20
    40004dd8:	52800001 	mov	w1, #0x0                   	// #0
    40004ddc:	97fff859 	bl	40002f40 <ipi_send>
    40004de0:	17ffffe1 	b	40004d64 <smp_migrate_thread+0x50>

0000000040004de4 <smp_send_reschedule>:
    40004de4:	71001c1f 	cmp	w0, #0x7
    40004de8:	54000208 	b.hi	40004e28 <smp_send_reschedule+0x44>  // b.pmore
    40004dec:	a9be7bfd 	stp	x29, x30, [sp, #-32]!
    40004df0:	910003fd 	mov	x29, sp
    40004df4:	f9000bf3 	str	x19, [sp, #16]
    40004df8:	2a0003f3 	mov	w19, w0
    40004dfc:	97fff99f 	bl	40003478 <smp_cpu_online>
    40004e00:	360000c0 	tbz	w0, #0, 40004e18 <smp_send_reschedule+0x34>
    40004e04:	2a1303e0 	mov	w0, w19
    40004e08:	52800001 	mov	w1, #0x0                   	// #0
    40004e0c:	f9400bf3 	ldr	x19, [sp, #16]
    40004e10:	a8c27bfd 	ldp	x29, x30, [sp], #32
    40004e14:	17fff84b 	b	40002f40 <ipi_send>
    40004e18:	f9400bf3 	ldr	x19, [sp, #16]
    40004e1c:	128002a0 	mov	w0, #0xffffffea            	// #-22
    40004e20:	a8c27bfd 	ldp	x29, x30, [sp], #32
    40004e24:	d65f03c0 	ret
    40004e28:	128002a0 	mov	w0, #0xffffffea            	// #-22
    40004e2c:	d65f03c0 	ret

0000000040004e30 <get_endpoint>:
    40004e30:	34000120 	cbz	w0, 40004e54 <get_endpoint+0x24>
    40004e34:	12003c01 	and	w1, w0, #0xffff
    40004e38:	7219201f 	tst	w0, #0xff80
    40004e3c:	540000c1 	b.ne	40004e54 <get_endpoint+0x24>  // b.any
    40004e40:	d37a3c20 	ubfiz	x0, x1, #6, #16
    40004e44:	90000001 	adrp	x1, 40004000 <timer_get_us>
    40004e48:	f9473021 	ldr	x1, [x1, #3680]
    40004e4c:	8b010000 	add	x0, x0, x1
    40004e50:	d65f03c0 	ret
    40004e54:	d2800000 	mov	x0, #0x0                   	// #0
    40004e58:	17fffffe 	b	40004e50 <get_endpoint+0x20>
    40004e5c:	d503201f 	nop
    40004e60:	400246b8 	.word	0x400246b8
    40004e64:	00000000 	.word	0x00000000

0000000040004e68 <ipc_endpoint_subsys_init>:
    40004e68:	a9bc7bfd 	stp	x29, x30, [sp, #-64]!
    40004e6c:	90000000 	adrp	x0, 40004000 <timer_get_us>
    40004e70:	910003fd 	mov	x29, sp
    40004e74:	a90153f3 	stp	x19, x20, [sp, #16]
    40004e78:	d2800014 	mov	x20, #0x0                   	// #0
    40004e7c:	f9478413 	ldr	x19, [x0, #3848]
    40004e80:	a9025bf5 	stp	x21, x22, [sp, #32]
    40004e84:	12800016 	mov	w22, #0xffffffff            	// #-1
    40004e88:	a90363f7 	stp	x23, x24, [sp, #48]
    40004e8c:	90000018 	adrp	x24, 40004000 <timer_get_us>
    40004e90:	52800ff7 	mov	w23, #0x7f                  	// #127
    40004e94:	f9478b15 	ldr	x21, [x24, #3856]
    40004e98:	4b1402e0 	sub	w0, w23, w20
    40004e9c:	29007e7f 	stp	wzr, wzr, [x19]
    40004ea0:	b9000a76 	str	w22, [x19, #8]
    40004ea4:	b8347aa0 	str	w0, [x21, x20, lsl #2]
    40004ea8:	11000680 	add	w0, w20, #0x1
    40004eac:	b90202a0 	str	w0, [x21, #512]
    40004eb0:	91004260 	add	x0, x19, #0x10
    40004eb4:	a9010260 	stp	x0, x0, [x19, #16]
    40004eb8:	91008260 	add	x0, x19, #0x20
    40004ebc:	91000694 	add	x20, x20, #0x1
    40004ec0:	a9020260 	stp	x0, x0, [x19, #32]
    40004ec4:	9100c260 	add	x0, x19, #0x30
    40004ec8:	91010273 	add	x19, x19, #0x40
    40004ecc:	97fffd3f 	bl	400043c8 <ticket_lock_init>
    40004ed0:	f102029f 	cmp	x20, #0x80
    40004ed4:	54fffe01 	b.ne	40004e94 <ipc_endpoint_subsys_init+0x2c>  // b.any
    40004ed8:	910822a0 	add	x0, x21, #0x208
    40004edc:	a9000000 	stp	x0, x0, [x0]
    40004ee0:	910862a0 	add	x0, x21, #0x218
    40004ee4:	97fffd39 	bl	400043c8 <ticket_lock_init>
    40004ee8:	d5033fbf 	dmb	sy
    40004eec:	a94153f3 	ldp	x19, x20, [sp, #16]
    40004ef0:	52800000 	mov	w0, #0x0                   	// #0
    40004ef4:	a9425bf5 	ldp	x21, x22, [sp, #32]
    40004ef8:	a94363f7 	ldp	x23, x24, [sp, #48]
    40004efc:	a8c47bfd 	ldp	x29, x30, [sp], #64
    40004f00:	d65f03c0 	ret
    40004f04:	d503201f 	nop
    40004f08:	400246b8 	.word	0x400246b8
    40004f0c:	00000000 	.word	0x00000000
    40004f10:	40024490 	.word	0x40024490
    40004f14:	00000000 	.word	0x00000000

0000000040004f18 <ipc_endpoint_create>:
    40004f18:	b40007c1 	cbz	x1, 40005010 <ipc_endpoint_create+0xf8>
    40004f1c:	a9bb7bfd 	stp	x29, x30, [sp, #-80]!
    40004f20:	910003fd 	mov	x29, sp
    40004f24:	a9046bf9 	stp	x25, x26, [sp, #64]
    40004f28:	2a0003fa 	mov	w26, w0
    40004f2c:	b0000000 	adrp	x0, 40005000 <ipc_endpoint_create+0xe8>
    40004f30:	a90153f3 	stp	x19, x20, [sp, #16]
    40004f34:	aa0103f9 	mov	x25, x1
    40004f38:	f9400c14 	ldr	x20, [x0, #24]
    40004f3c:	a90363f7 	stp	x23, x24, [sp, #48]
    40004f40:	91086298 	add	x24, x20, #0x218
    40004f44:	a9025bf5 	stp	x21, x22, [sp, #32]
    40004f48:	aa1803e0 	mov	x0, x24
    40004f4c:	97fffd26 	bl	400043e4 <ticket_lock_acquire>
    40004f50:	b9420281 	ldr	w1, [x20, #512]
    40004f54:	35000141 	cbnz	w1, 40004f7c <ipc_endpoint_create+0x64>
    40004f58:	aa1803e0 	mov	x0, x24
    40004f5c:	97fffd37 	bl	40004438 <ticket_lock_release>
    40004f60:	12800160 	mov	w0, #0xfffffff4            	// #-12
    40004f64:	a94153f3 	ldp	x19, x20, [sp, #16]
    40004f68:	a9425bf5 	ldp	x21, x22, [sp, #32]
    40004f6c:	a94363f7 	ldp	x23, x24, [sp, #48]
    40004f70:	a9446bf9 	ldp	x25, x26, [sp, #64]
    40004f74:	a8c57bfd 	ldp	x29, x30, [sp], #80
    40004f78:	d65f03c0 	ret
    40004f7c:	51000421 	sub	w1, w1, #0x1
    40004f80:	aa1803e0 	mov	x0, x24
    40004f84:	b9020281 	str	w1, [x20, #512]
    40004f88:	b8615a97 	ldr	w23, [x20, w1, uxtw #2]
    40004f8c:	97fffd2b 	bl	40004438 <ticket_lock_release>
    40004f90:	37fffe97 	tbnz	w23, #31, 40004f60 <ipc_endpoint_create+0x48>
    40004f94:	b0000000 	adrp	x0, 40005000 <ipc_endpoint_create+0xe8>
    40004f98:	d37a7ef5 	ubfiz	x21, x23, #6, #32
    40004f9c:	2a1742f7 	orr	w23, w23, w23, lsl #16
    40004fa0:	f9401016 	ldr	x22, [x0, #32]
    40004fa4:	52800020 	mov	w0, #0x1                   	// #1
    40004fa8:	8b1502d3 	add	x19, x22, x21
    40004fac:	b8356ad7 	str	w23, [x22, x21]
    40004fb0:	910082b7 	add	x23, x21, #0x20
    40004fb4:	8b1602f7 	add	x23, x23, x22
    40004fb8:	2900ea60 	stp	w0, w26, [x19, #4]
    40004fbc:	910042a0 	add	x0, x21, #0x10
    40004fc0:	8b160000 	add	x0, x0, x22
    40004fc4:	a9010260 	stp	x0, x0, [x19, #16]
    40004fc8:	9100c2a0 	add	x0, x21, #0x30
    40004fcc:	8b0002c0 	add	x0, x22, x0
    40004fd0:	a9025e77 	stp	x23, x23, [x19, #32]
    40004fd4:	97fffcfd 	bl	400043c8 <ticket_lock_init>
    40004fd8:	aa1803e0 	mov	x0, x24
    40004fdc:	97fffd02 	bl	400043e4 <ticket_lock_acquire>
    40004fe0:	f9410680 	ldr	x0, [x20, #520]
    40004fe4:	91082281 	add	x1, x20, #0x208
    40004fe8:	a9020660 	stp	x0, x1, [x19, #32]
    40004fec:	f9000417 	str	x23, [x0, #8]
    40004ff0:	aa1803e0 	mov	x0, x24
    40004ff4:	f9010697 	str	x23, [x20, #520]
    40004ff8:	97fffd10 	bl	40004438 <ticket_lock_release>
    40004ffc:	d5033fbf 	dmb	sy
    40005000:	b8756ac0 	ldr	w0, [x22, x21]
    40005004:	b9000320 	str	w0, [x25]
    40005008:	52800000 	mov	w0, #0x0                   	// #0
    4000500c:	17ffffd6 	b	40004f64 <ipc_endpoint_create+0x4c>
    40005010:	128002a0 	mov	w0, #0xffffffea            	// #-22
    40005014:	d65f03c0 	ret
    40005018:	40024490 	.word	0x40024490
    4000501c:	00000000 	.word	0x00000000
    40005020:	400246b8 	.word	0x400246b8
    40005024:	00000000 	.word	0x00000000

0000000040005028 <ipc_endpoint_destroy>:
    40005028:	a9bd7bfd 	stp	x29, x30, [sp, #-48]!
    4000502c:	910003fd 	mov	x29, sp
    40005030:	a90153f3 	stp	x19, x20, [sp, #16]
    40005034:	2a0003f4 	mov	w20, w0
    40005038:	f90013f5 	str	x21, [sp, #32]
    4000503c:	97ffff7d 	bl	40004e30 <get_endpoint>
    40005040:	b40005a0 	cbz	x0, 400050f4 <ipc_endpoint_destroy+0xcc>
    40005044:	aa0003f3 	mov	x19, x0
    40005048:	b9400400 	ldr	w0, [x0, #4]
    4000504c:	34000540 	cbz	w0, 400050f4 <ipc_endpoint_destroy+0xcc>
    40005050:	9100c275 	add	x21, x19, #0x30
    40005054:	aa1503e0 	mov	x0, x21
    40005058:	97fffd27 	bl	400044f4 <ticket_lock_acquire_irqsave>
    4000505c:	aa1303e2 	mov	x2, x19
    40005060:	2a0003e1 	mov	w1, w0
    40005064:	f9401663 	ldr	x3, [x19, #40]
    40005068:	91004264 	add	x4, x19, #0x10
    4000506c:	f8420c40 	ldr	x0, [x2, #32]!
    40005070:	f9000060 	str	x0, [x3]
    40005074:	f9000403 	str	x3, [x0, #8]
    40005078:	a9020a62 	stp	x2, x2, [x19, #32]
    4000507c:	f9400a62 	ldr	x2, [x19, #16]
    40005080:	eb04005f 	cmp	x2, x4
    40005084:	540002e1 	b.ne	400050e0 <ipc_endpoint_destroy+0xb8>  // b.any
    40005088:	12800000 	mov	w0, #0xffffffff            	// #-1
    4000508c:	f900027f 	str	xzr, [x19]
    40005090:	b9000a60 	str	w0, [x19, #8]
    40005094:	aa1503e0 	mov	x0, x21
    40005098:	12003e94 	and	w20, w20, #0xffff
    4000509c:	97fffd1e 	bl	40004514 <ticket_lock_release_irqrestore>
    400050a0:	90000000 	adrp	x0, 40005000 <ipc_endpoint_create+0xe8>
    400050a4:	f9408013 	ldr	x19, [x0, #256]
    400050a8:	91086275 	add	x21, x19, #0x218
    400050ac:	aa1503e0 	mov	x0, x21
    400050b0:	97fffccd 	bl	400043e4 <ticket_lock_acquire>
    400050b4:	b9420261 	ldr	w1, [x19, #512]
    400050b8:	aa1503e0 	mov	x0, x21
    400050bc:	b8215a74 	str	w20, [x19, w1, uxtw #2]
    400050c0:	11000421 	add	w1, w1, #0x1
    400050c4:	b9020261 	str	w1, [x19, #512]
    400050c8:	97fffcdc 	bl	40004438 <ticket_lock_release>
    400050cc:	52800000 	mov	w0, #0x0                   	// #0
    400050d0:	a94153f3 	ldp	x19, x20, [sp, #16]
    400050d4:	f94013f5 	ldr	x21, [sp, #32]
    400050d8:	a8c37bfd 	ldp	x29, x30, [sp], #48
    400050dc:	d65f03c0 	ret
    400050e0:	a9400c40 	ldp	x0, x3, [x2]
    400050e4:	f9000060 	str	x0, [x3]
    400050e8:	f9000403 	str	x3, [x0, #8]
    400050ec:	a9000842 	stp	x2, x2, [x2]
    400050f0:	17ffffe3 	b	4000507c <ipc_endpoint_destroy+0x54>
    400050f4:	128002a0 	mov	w0, #0xffffffea            	// #-22
    400050f8:	17fffff6 	b	400050d0 <ipc_endpoint_destroy+0xa8>
    400050fc:	d503201f 	nop
    40005100:	40024490 	.word	0x40024490
    40005104:	00000000 	.word	0x00000000

0000000040005108 <ipc_msg_send>:
    40005108:	a9bd7bfd 	stp	x29, x30, [sp, #-48]!
    4000510c:	910003fd 	mov	x29, sp
    40005110:	a90153f3 	stp	x19, x20, [sp, #16]
    40005114:	a9025bf5 	stp	x21, x22, [sp, #32]
    40005118:	97ffff46 	bl	40004e30 <get_endpoint>
    4000511c:	b4000600 	cbz	x0, 400051dc <ipc_msg_send+0xd4>
    40005120:	aa0003f3 	mov	x19, x0
    40005124:	b9400400 	ldr	w0, [x0, #4]
    40005128:	340005a0 	cbz	w0, 400051dc <ipc_msg_send+0xd4>
    4000512c:	7140047f 	cmp	w3, #0x1, lsl #12
    40005130:	54000568 	b.hi	400051dc <ipc_msg_send+0xd4>  // b.pmore
    40005134:	97fffb69 	bl	40003ed8 <kthread_get_current>
    40005138:	aa0003f4 	mov	x20, x0
    4000513c:	b4000540 	cbz	x0, 400051e4 <ipc_msg_send+0xdc>
    40005140:	9100c276 	add	x22, x19, #0x30
    40005144:	aa1603e0 	mov	x0, x22
    40005148:	97fffceb 	bl	400044f4 <ticket_lock_acquire_irqsave>
    4000514c:	2a0003f5 	mov	w21, w0
    40005150:	b9400660 	ldr	w0, [x19, #4]
    40005154:	7100081f 	cmp	w0, #0x2
    40005158:	52800060 	mov	w0, #0x3                   	// #3
    4000515c:	540002a1 	b.ne	400051b0 <ipc_msg_send+0xa8>  // b.any
    40005160:	b9400a63 	ldr	w3, [x19, #8]
    40005164:	b9000660 	str	w0, [x19, #4]
    40005168:	3100047f 	cmn	w3, #0x1
    4000516c:	54000200 	b.eq	400051ac <ipc_msg_send+0xa4>  // b.none
    40005170:	90000000 	adrp	x0, 40005000 <ipc_endpoint_create+0xe8>
    40005174:	2a0303e2 	mov	w2, w3
    40005178:	d2801d01 	mov	x1, #0xe8                  	// #232
    4000517c:	f940f800 	ldr	x0, [x0, #496]
    40005180:	9b010042 	madd	x2, x2, x1, x0
    40005184:	91402042 	add	x2, x2, #0x8, lsl #12
    40005188:	b9423c44 	ldr	w4, [x2, #572]
    4000518c:	71000c9f 	cmp	w4, #0x3
    40005190:	540000e1 	b.ne	400051ac <ipc_msg_send+0xa4>  // b.any
    40005194:	52800024 	mov	w4, #0x1                   	// #1
    40005198:	b9023c44 	str	w4, [x2, #572]
    4000519c:	d2903802 	mov	x2, #0x81c0                	// #33216
    400051a0:	9ba10863 	umaddl	x3, w3, w1, x2
    400051a4:	8b030000 	add	x0, x0, x3
    400051a8:	97fff96c 	bl	40003758 <scheduler_enqueue>
    400051ac:	52800060 	mov	w0, #0x3                   	// #3
    400051b0:	b9007e80 	str	w0, [x20, #124]
    400051b4:	d5033fbf 	dmb	sy
    400051b8:	aa1603e0 	mov	x0, x22
    400051bc:	2a1503e1 	mov	w1, w21
    400051c0:	97fffcd5 	bl	40004514 <ticket_lock_release_irqrestore>
    400051c4:	97fff9e5 	bl	40003958 <schedule>
    400051c8:	52800000 	mov	w0, #0x0                   	// #0
    400051cc:	a94153f3 	ldp	x19, x20, [sp, #16]
    400051d0:	a9425bf5 	ldp	x21, x22, [sp, #32]
    400051d4:	a8c37bfd 	ldp	x29, x30, [sp], #48
    400051d8:	d65f03c0 	ret
    400051dc:	128002a0 	mov	w0, #0xffffffea            	// #-22
    400051e0:	17fffffb 	b	400051cc <ipc_msg_send+0xc4>
    400051e4:	12800040 	mov	w0, #0xfffffffd            	// #-3
    400051e8:	17fffff9 	b	400051cc <ipc_msg_send+0xc4>
    400051ec:	d503201f 	nop
    400051f0:	4000d440 	.word	0x4000d440
    400051f4:	00000000 	.word	0x00000000

00000000400051f8 <ipc_msg_receive>:
    400051f8:	a9bd7bfd 	stp	x29, x30, [sp, #-48]!
    400051fc:	aa0103e2 	mov	x2, x1
    40005200:	910003fd 	mov	x29, sp
    40005204:	a90153f3 	stp	x19, x20, [sp, #16]
    40005208:	f90013f5 	str	x21, [sp, #32]
    4000520c:	97ffff09 	bl	40004e30 <get_endpoint>
    40005210:	b40004c0 	cbz	x0, 400052a8 <ipc_msg_receive+0xb0>
    40005214:	aa0003f3 	mov	x19, x0
    40005218:	b9400400 	ldr	w0, [x0, #4]
    4000521c:	34000460 	cbz	w0, 400052a8 <ipc_msg_receive+0xb0>
    40005220:	b4000442 	cbz	x2, 400052a8 <ipc_msg_receive+0xb0>
    40005224:	97fffb2d 	bl	40003ed8 <kthread_get_current>
    40005228:	aa0003f4 	mov	x20, x0
    4000522c:	b4000420 	cbz	x0, 400052b0 <ipc_msg_receive+0xb8>
    40005230:	9100c275 	add	x21, x19, #0x30
    40005234:	aa1503e0 	mov	x0, x21
    40005238:	97fffcaf 	bl	400044f4 <ticket_lock_acquire_irqsave>
    4000523c:	2a0003e1 	mov	w1, w0
    40005240:	aa1303e0 	mov	x0, x19
    40005244:	f8410c02 	ldr	x2, [x0, #16]!
    40005248:	eb00005f 	cmp	x2, x0
    4000524c:	540001c0 	b.eq	40005284 <ipc_msg_receive+0x8c>  // b.none
    40005250:	a9400c40 	ldp	x0, x3, [x2]
    40005254:	f9000060 	str	x0, [x3]
    40005258:	f9000403 	str	x3, [x0, #8]
    4000525c:	52800060 	mov	w0, #0x3                   	// #3
    40005260:	a9000842 	stp	x2, x2, [x2]
    40005264:	b9000660 	str	w0, [x19, #4]
    40005268:	aa1503e0 	mov	x0, x21
    4000526c:	97fffcaa 	bl	40004514 <ticket_lock_release_irqrestore>
    40005270:	52800000 	mov	w0, #0x0                   	// #0
    40005274:	a94153f3 	ldp	x19, x20, [sp, #16]
    40005278:	f94013f5 	ldr	x21, [sp, #32]
    4000527c:	a8c37bfd 	ldp	x29, x30, [sp], #48
    40005280:	d65f03c0 	ret
    40005284:	52800040 	mov	w0, #0x2                   	// #2
    40005288:	b9000660 	str	w0, [x19, #4]
    4000528c:	52800060 	mov	w0, #0x3                   	// #3
    40005290:	b9007e80 	str	w0, [x20, #124]
    40005294:	d5033fbf 	dmb	sy
    40005298:	aa1503e0 	mov	x0, x21
    4000529c:	97fffc9e 	bl	40004514 <ticket_lock_release_irqrestore>
    400052a0:	97fff9ae 	bl	40003958 <schedule>
    400052a4:	17fffff3 	b	40005270 <ipc_msg_receive+0x78>
    400052a8:	128002a0 	mov	w0, #0xffffffea            	// #-22
    400052ac:	17fffff2 	b	40005274 <ipc_msg_receive+0x7c>
    400052b0:	12800040 	mov	w0, #0xfffffffd            	// #-3
    400052b4:	17fffff0 	b	40005274 <ipc_msg_receive+0x7c>

00000000400052b8 <ipc_msg_reply>:
    400052b8:	a9be7bfd 	stp	x29, x30, [sp, #-32]!
    400052bc:	910003fd 	mov	x29, sp
    400052c0:	a90153f3 	stp	x19, x20, [sp, #16]
    400052c4:	97fffedb 	bl	40004e30 <get_endpoint>
    400052c8:	b40001a0 	cbz	x0, 400052fc <ipc_msg_reply+0x44>
    400052cc:	aa0003f3 	mov	x19, x0
    400052d0:	b9400400 	ldr	w0, [x0, #4]
    400052d4:	34000140 	cbz	w0, 400052fc <ipc_msg_reply+0x44>
    400052d8:	9100c274 	add	x20, x19, #0x30
    400052dc:	aa1403e0 	mov	x0, x20
    400052e0:	97fffc85 	bl	400044f4 <ticket_lock_acquire_irqsave>
    400052e4:	2a0003e1 	mov	w1, w0
    400052e8:	b9400660 	ldr	w0, [x19, #4]
    400052ec:	71000c1f 	cmp	w0, #0x3
    400052f0:	540000e0 	b.eq	4000530c <ipc_msg_reply+0x54>  // b.none
    400052f4:	aa1403e0 	mov	x0, x20
    400052f8:	97fffc87 	bl	40004514 <ticket_lock_release_irqrestore>
    400052fc:	128002a0 	mov	w0, #0xffffffea            	// #-22
    40005300:	a94153f3 	ldp	x19, x20, [sp, #16]
    40005304:	a8c27bfd 	ldp	x29, x30, [sp], #32
    40005308:	d65f03c0 	ret
    4000530c:	52800020 	mov	w0, #0x1                   	// #1
    40005310:	b9000660 	str	w0, [x19, #4]
    40005314:	d5033fbf 	dmb	sy
    40005318:	aa1403e0 	mov	x0, x20
    4000531c:	97fffc7e 	bl	40004514 <ticket_lock_release_irqrestore>
    40005320:	52800000 	mov	w0, #0x0                   	// #0
    40005324:	17fffff7 	b	40005300 <ipc_msg_reply+0x48>

0000000040005328 <ipc_msg_try_send>:
    40005328:	a9be7bfd 	stp	x29, x30, [sp, #-32]!
    4000532c:	910003fd 	mov	x29, sp
    40005330:	a90153f3 	stp	x19, x20, [sp, #16]
    40005334:	97fffebf 	bl	40004e30 <get_endpoint>
    40005338:	b4000280 	cbz	x0, 40005388 <ipc_msg_try_send+0x60>
    4000533c:	aa0003f3 	mov	x19, x0
    40005340:	b9400400 	ldr	w0, [x0, #4]
    40005344:	34000220 	cbz	w0, 40005388 <ipc_msg_try_send+0x60>
    40005348:	9100c274 	add	x20, x19, #0x30
    4000534c:	aa1403e0 	mov	x0, x20
    40005350:	97fffc69 	bl	400044f4 <ticket_lock_acquire_irqsave>
    40005354:	2a0003e1 	mov	w1, w0
    40005358:	b9400660 	ldr	w0, [x19, #4]
    4000535c:	7100081f 	cmp	w0, #0x2
    40005360:	aa1403e0 	mov	x0, x20
    40005364:	540000c1 	b.ne	4000537c <ipc_msg_try_send+0x54>  // b.any
    40005368:	97fffc6b 	bl	40004514 <ticket_lock_release_irqrestore>
    4000536c:	52800000 	mov	w0, #0x0                   	// #0
    40005370:	a94153f3 	ldp	x19, x20, [sp, #16]
    40005374:	a8c27bfd 	ldp	x29, x30, [sp], #32
    40005378:	d65f03c0 	ret
    4000537c:	97fffc66 	bl	40004514 <ticket_lock_release_irqrestore>
    40005380:	128001e0 	mov	w0, #0xfffffff0            	// #-16
    40005384:	17fffffb 	b	40005370 <ipc_msg_try_send+0x48>
    40005388:	128002a0 	mov	w0, #0xffffffea            	// #-22
    4000538c:	17fffff9 	b	40005370 <ipc_msg_try_send+0x48>

0000000040005390 <ipc_msg_send_timeout>:
    40005390:	35000046 	cbnz	w6, 40005398 <ipc_msg_send_timeout+0x8>
    40005394:	17ffffe5 	b	40005328 <ipc_msg_try_send>
    40005398:	17ffff5c 	b	40005108 <ipc_msg_send>
    4000539c:	00000000 	udf	#0

00000000400053a0 <get_channel>:
    400053a0:	34000120 	cbz	w0, 400053c4 <get_channel+0x24>
    400053a4:	12003c01 	and	w1, w0, #0xffff
    400053a8:	721a241f 	tst	w0, #0xffc0
    400053ac:	540000c1 	b.ne	400053c4 <get_channel+0x24>  // b.any
    400053b0:	90000000 	adrp	x0, 40005000 <ipc_endpoint_create+0xe8>
    400053b4:	52800b02 	mov	w2, #0x58                  	// #88
    400053b8:	f941e800 	ldr	x0, [x0, #976]
    400053bc:	9ba20020 	umaddl	x0, w1, w2, x0
    400053c0:	d65f03c0 	ret
    400053c4:	d2800000 	mov	x0, #0x0                   	// #0
    400053c8:	17fffffe 	b	400053c0 <get_channel+0x20>
    400053cc:	d503201f 	nop
    400053d0:	4003a3e0 	.word	0x4003a3e0
    400053d4:	00000000 	.word	0x00000000

00000000400053d8 <free_connection_index>:
    400053d8:	a9be7bfd 	stp	x29, x30, [sp, #-32]!
    400053dc:	910003fd 	mov	x29, sp
    400053e0:	a90153f3 	stp	x19, x20, [sp, #16]
    400053e4:	2a0003f4 	mov	w20, w0
    400053e8:	90000000 	adrp	x0, 40005000 <ipc_endpoint_create+0xe8>
    400053ec:	f9421013 	ldr	x19, [x0, #1056]
    400053f0:	aa1303e0 	mov	x0, x19
    400053f4:	97fffbfc 	bl	400043e4 <ticket_lock_acquire>
    400053f8:	b9401261 	ldr	w1, [x19, #16]
    400053fc:	91005260 	add	x0, x19, #0x14
    40005400:	b8215814 	str	w20, [x0, w1, uxtw #2]
    40005404:	11000421 	add	w1, w1, #0x1
    40005408:	b9001261 	str	w1, [x19, #16]
    4000540c:	aa1303e0 	mov	x0, x19
    40005410:	a94153f3 	ldp	x19, x20, [sp, #16]
    40005414:	a8c27bfd 	ldp	x29, x30, [sp], #32
    40005418:	17fffc08 	b	40004438 <ticket_lock_release>
    4000541c:	d503201f 	nop
    40005420:	400266b8 	.word	0x400266b8
    40005424:	00000000 	.word	0x00000000

0000000040005428 <ipc_channel_subsys_init>:
    40005428:	a9bc7bfd 	stp	x29, x30, [sp, #-64]!
    4000542c:	90000000 	adrp	x0, 40005000 <ipc_endpoint_create+0xe8>
    40005430:	910003fd 	mov	x29, sp
    40005434:	a90153f3 	stp	x19, x20, [sp, #16]
    40005438:	f9429413 	ldr	x19, [x0, #1320]
    4000543c:	a9025bf5 	stp	x21, x22, [sp, #32]
    40005440:	d2800015 	mov	x21, #0x0                   	// #0
    40005444:	12800016 	mov	w22, #0xffffffff            	// #-1
    40005448:	a90363f7 	stp	x23, x24, [sp, #48]
    4000544c:	90000018 	adrp	x24, 40005000 <ipc_endpoint_create+0xe8>
    40005450:	528007f7 	mov	w23, #0x3f                  	// #63
    40005454:	f9429b14 	ldr	x20, [x24, #1328]
    40005458:	4b1502e1 	sub	w1, w23, w21
    4000545c:	29007e7f 	stp	wzr, wzr, [x19]
    40005460:	91105280 	add	x0, x20, #0x414
    40005464:	b9000a76 	str	w22, [x19, #8]
    40005468:	b900327f 	str	wzr, [x19, #48]
    4000546c:	b8357801 	str	w1, [x0, x21, lsl #2]
    40005470:	110006a0 	add	w0, w21, #0x1
    40005474:	b9051680 	str	w0, [x20, #1300]
    40005478:	91004260 	add	x0, x19, #0x10
    4000547c:	a9010260 	stp	x0, x0, [x19, #16]
    40005480:	91008260 	add	x0, x19, #0x20
    40005484:	910006b5 	add	x21, x21, #0x1
    40005488:	a9020260 	stp	x0, x0, [x19, #32]
    4000548c:	9100e260 	add	x0, x19, #0x38
    40005490:	a9038260 	stp	x0, x0, [x19, #56]
    40005494:	91012260 	add	x0, x19, #0x48
    40005498:	91016273 	add	x19, x19, #0x58
    4000549c:	97fffbcb 	bl	400043c8 <ticket_lock_init>
    400054a0:	f10102bf 	cmp	x21, #0x40
    400054a4:	54fffd81 	b.ne	40005454 <ipc_channel_subsys_init+0x2c>  // b.any
    400054a8:	90000000 	adrp	x0, 40005000 <ipc_endpoint_create+0xe8>
    400054ac:	91005284 	add	x4, x20, #0x14
    400054b0:	d2800001 	mov	x1, #0x0                   	// #0
    400054b4:	52801fe5 	mov	w5, #0xff                  	// #255
    400054b8:	f9429c00 	ldr	x0, [x0, #1336]
    400054bc:	12800003 	mov	w3, #0xffffffff            	// #-1
    400054c0:	4b0100a2 	sub	w2, w5, w1
    400054c4:	b8217882 	str	w2, [x4, x1, lsl #2]
    400054c8:	91006002 	add	x2, x0, #0x18
    400054cc:	91000421 	add	x1, x1, #0x1
    400054d0:	29007c1f 	stp	wzr, wzr, [x0]
    400054d4:	29010c1f 	stp	wzr, w3, [x0, #8]
    400054d8:	a901081f 	stp	xzr, x2, [x0, #16]
    400054dc:	f9001002 	str	x2, [x0, #32]
    400054e0:	9100a002 	add	x2, x0, #0x28
    400054e4:	a9028802 	stp	x2, x2, [x0, #40]
    400054e8:	9100e000 	add	x0, x0, #0x38
    400054ec:	f104003f 	cmp	x1, #0x100
    400054f0:	54fffe81 	b.ne	400054c0 <ipc_channel_subsys_init+0x98>  // b.any
    400054f4:	aa1403e0 	mov	x0, x20
    400054f8:	b9001281 	str	w1, [x20, #16]
    400054fc:	97fffbb3 	bl	400043c8 <ticket_lock_init>
    40005500:	91146280 	add	x0, x20, #0x518
    40005504:	97fffbb1 	bl	400043c8 <ticket_lock_init>
    40005508:	d5033fbf 	dmb	sy
    4000550c:	a94153f3 	ldp	x19, x20, [sp, #16]
    40005510:	52800000 	mov	w0, #0x0                   	// #0
    40005514:	a9425bf5 	ldp	x21, x22, [sp, #32]
    40005518:	a94363f7 	ldp	x23, x24, [sp, #48]
    4000551c:	a8c47bfd 	ldp	x29, x30, [sp], #64
    40005520:	d65f03c0 	ret
    40005524:	d503201f 	nop
    40005528:	4003a3e0 	.word	0x4003a3e0
    4000552c:	00000000 	.word	0x00000000
    40005530:	400266b8 	.word	0x400266b8
    40005534:	00000000 	.word	0x00000000
    40005538:	40036be0 	.word	0x40036be0
    4000553c:	00000000 	.word	0x00000000

0000000040005540 <ipc_channel_create>:
    40005540:	b4000781 	cbz	x1, 40005630 <ipc_channel_create+0xf0>
    40005544:	a9bc7bfd 	stp	x29, x30, [sp, #-64]!
    40005548:	910003fd 	mov	x29, sp
    4000554c:	a90153f3 	stp	x19, x20, [sp, #16]
    40005550:	a9025bf5 	stp	x21, x22, [sp, #32]
    40005554:	f9001bf7 	str	x23, [sp, #48]
    40005558:	2a0003f7 	mov	w23, w0
    4000555c:	7103fc1f 	cmp	w0, #0xff
    40005560:	540006c8 	b.hi	40005638 <ipc_channel_create+0xf8>  // b.pmore
    40005564:	90000000 	adrp	x0, 40005000 <ipc_endpoint_create+0xe8>
    40005568:	aa0103f6 	mov	x22, x1
    4000556c:	f9432014 	ldr	x20, [x0, #1600]
    40005570:	aa1403e0 	mov	x0, x20
    40005574:	97fffb9c 	bl	400043e4 <ticket_lock_acquire>
    40005578:	b9451682 	ldr	w2, [x20, #1300]
    4000557c:	35000122 	cbnz	w2, 400055a0 <ipc_channel_create+0x60>
    40005580:	aa1403e0 	mov	x0, x20
    40005584:	97fffbad 	bl	40004438 <ticket_lock_release>
    40005588:	12800160 	mov	w0, #0xfffffff4            	// #-12
    4000558c:	a94153f3 	ldp	x19, x20, [sp, #16]
    40005590:	a9425bf5 	ldp	x21, x22, [sp, #32]
    40005594:	f9401bf7 	ldr	x23, [sp, #48]
    40005598:	a8c47bfd 	ldp	x29, x30, [sp], #64
    4000559c:	d65f03c0 	ret
    400055a0:	51000442 	sub	w2, w2, #0x1
    400055a4:	91105280 	add	x0, x20, #0x414
    400055a8:	b9051682 	str	w2, [x20, #1300]
    400055ac:	b8625813 	ldr	w19, [x0, w2, uxtw #2]
    400055b0:	aa1403e0 	mov	x0, x20
    400055b4:	97fffba1 	bl	40004438 <ticket_lock_release>
    400055b8:	37fffe93 	tbnz	w19, #31, 40005588 <ipc_channel_create+0x48>
    400055bc:	90000000 	adrp	x0, 40005000 <ipc_endpoint_create+0xe8>
    400055c0:	2a1303f5 	mov	w21, w19
    400055c4:	2a134261 	orr	w1, w19, w19, lsl #16
    400055c8:	f9432414 	ldr	x20, [x0, #1608]
    400055cc:	d2800b00 	mov	x0, #0x58                  	// #88
    400055d0:	9b007eb5 	mul	x21, x21, x0
    400055d4:	9ba07e73 	umull	x19, w19, w0
    400055d8:	8b150282 	add	x2, x20, x21
    400055dc:	91004260 	add	x0, x19, #0x10
    400055e0:	8b140000 	add	x0, x0, x20
    400055e4:	b8356a81 	str	w1, [x20, x21]
    400055e8:	a9010040 	stp	x0, x0, [x2, #16]
    400055ec:	91008260 	add	x0, x19, #0x20
    400055f0:	8b140000 	add	x0, x0, x20
    400055f4:	52800021 	mov	w1, #0x1                   	// #1
    400055f8:	a9020040 	stp	x0, x0, [x2, #32]
    400055fc:	9100e260 	add	x0, x19, #0x38
    40005600:	8b140000 	add	x0, x0, x20
    40005604:	91012273 	add	x19, x19, #0x48
    40005608:	2900dc41 	stp	w1, w23, [x2, #4]
    4000560c:	b900305f 	str	wzr, [x2, #48]
    40005610:	a9038040 	stp	x0, x0, [x2, #56]
    40005614:	8b130280 	add	x0, x20, x19
    40005618:	97fffb6c 	bl	400043c8 <ticket_lock_init>
    4000561c:	d5033fbf 	dmb	sy
    40005620:	b8756a80 	ldr	w0, [x20, x21]
    40005624:	b90002c0 	str	w0, [x22]
    40005628:	52800000 	mov	w0, #0x0                   	// #0
    4000562c:	17ffffd8 	b	4000558c <ipc_channel_create+0x4c>
    40005630:	128002a0 	mov	w0, #0xffffffea            	// #-22
    40005634:	d65f03c0 	ret
    40005638:	128002a0 	mov	w0, #0xffffffea            	// #-22
    4000563c:	17ffffd4 	b	4000558c <ipc_channel_create+0x4c>
    40005640:	400266b8 	.word	0x400266b8
    40005644:	00000000 	.word	0x00000000
    40005648:	4003a3e0 	.word	0x4003a3e0
    4000564c:	00000000 	.word	0x00000000

0000000040005650 <ipc_channel_destroy>:
    40005650:	a9bb7bfd 	stp	x29, x30, [sp, #-80]!
    40005654:	910003fd 	mov	x29, sp
    40005658:	a90153f3 	stp	x19, x20, [sp, #16]
    4000565c:	2a0003f4 	mov	w20, w0
    40005660:	a9025bf5 	stp	x21, x22, [sp, #32]
    40005664:	a90363f7 	stp	x23, x24, [sp, #48]
    40005668:	a9046bf9 	stp	x25, x26, [sp, #64]
    4000566c:	97ffff4d 	bl	400053a0 <get_channel>
    40005670:	b4000520 	cbz	x0, 40005714 <ipc_channel_destroy+0xc4>
    40005674:	aa0003f3 	mov	x19, x0
    40005678:	91012016 	add	x22, x0, #0x48
    4000567c:	aa1603e0 	mov	x0, x22
    40005680:	97fffb9d 	bl	400044f4 <ticket_lock_acquire_irqsave>
    40005684:	2a0003f5 	mov	w21, w0
    40005688:	b9400660 	ldr	w0, [x19, #4]
    4000568c:	7100041f 	cmp	w0, #0x1
    40005690:	540003c1 	b.ne	40005708 <ipc_channel_destroy+0xb8>  // b.any
    40005694:	91004278 	add	x24, x19, #0x10
    40005698:	90000019 	adrp	x25, 40005000 <ipc_endpoint_create+0xe8>
    4000569c:	d2801d17 	mov	x23, #0xe8                  	// #232
    400056a0:	f9400a7a 	ldr	x26, [x19, #16]
    400056a4:	eb18035f 	cmp	x26, x24
    400056a8:	54000441 	b.ne	40005730 <ipc_channel_destroy+0xe0>  // b.any
    400056ac:	91008260 	add	x0, x19, #0x20
    400056b0:	b900067f 	str	wzr, [x19, #4]
    400056b4:	a9020260 	stp	x0, x0, [x19, #32]
    400056b8:	12800000 	mov	w0, #0xffffffff            	// #-1
    400056bc:	2a1503e1 	mov	w1, w21
    400056c0:	b9000a60 	str	w0, [x19, #8]
    400056c4:	aa1603e0 	mov	x0, x22
    400056c8:	b900327f 	str	wzr, [x19, #48]
    400056cc:	12003e94 	and	w20, w20, #0xffff
    400056d0:	97fffb91 	bl	40004514 <ticket_lock_release_irqrestore>
    400056d4:	90000000 	adrp	x0, 40005000 <ipc_endpoint_create+0xe8>
    400056d8:	f943cc13 	ldr	x19, [x0, #1944]
    400056dc:	aa1303e0 	mov	x0, x19
    400056e0:	97fffb41 	bl	400043e4 <ticket_lock_acquire>
    400056e4:	b9451660 	ldr	w0, [x19, #1300]
    400056e8:	91105261 	add	x1, x19, #0x414
    400056ec:	b8205834 	str	w20, [x1, w0, uxtw #2]
    400056f0:	11000400 	add	w0, w0, #0x1
    400056f4:	b9051660 	str	w0, [x19, #1300]
    400056f8:	aa1303e0 	mov	x0, x19
    400056fc:	97fffb4f 	bl	40004438 <ticket_lock_release>
    40005700:	52800000 	mov	w0, #0x0                   	// #0
    40005704:	14000005 	b	40005718 <ipc_channel_destroy+0xc8>
    40005708:	2a1503e1 	mov	w1, w21
    4000570c:	aa1603e0 	mov	x0, x22
    40005710:	97fffb81 	bl	40004514 <ticket_lock_release_irqrestore>
    40005714:	128002a0 	mov	w0, #0xffffffea            	// #-22
    40005718:	a94153f3 	ldp	x19, x20, [sp, #16]
    4000571c:	a9425bf5 	ldp	x21, x22, [sp, #32]
    40005720:	a94363f7 	ldp	x23, x24, [sp, #48]
    40005724:	a9446bf9 	ldp	x25, x26, [sp, #64]
    40005728:	a8c57bfd 	ldp	x29, x30, [sp], #80
    4000572c:	d65f03c0 	ret
    40005730:	a9400740 	ldp	x0, x1, [x26]
    40005734:	f9000020 	str	x0, [x1]
    40005738:	f9000401 	str	x1, [x0, #8]
    4000573c:	b85f4341 	ldur	w1, [x26, #-12]
    40005740:	293dff5f 	stp	wzr, wzr, [x26, #-20]
    40005744:	a9006b5a 	stp	x26, x26, [x26]
    40005748:	7103fc3f 	cmp	w1, #0xff
    4000574c:	540001c8 	b.hi	40005784 <ipc_channel_destroy+0x134>  // b.pmore
    40005750:	f943cb20 	ldr	x0, [x25, #1936]
    40005754:	2a0103e2 	mov	w2, w1
    40005758:	9b170042 	madd	x2, x2, x23, x0
    4000575c:	91402042 	add	x2, x2, #0x8, lsl #12
    40005760:	b9423c43 	ldr	w3, [x2, #572]
    40005764:	71000c7f 	cmp	w3, #0x3
    40005768:	540000e1 	b.ne	40005784 <ipc_channel_destroy+0x134>  // b.any
    4000576c:	52800023 	mov	w3, #0x1                   	// #1
    40005770:	b9023c43 	str	w3, [x2, #572]
    40005774:	d2903802 	mov	x2, #0x81c0                	// #33216
    40005778:	9bb70821 	umaddl	x1, w1, w23, x2
    4000577c:	8b010000 	add	x0, x0, x1
    40005780:	97fff7f6 	bl	40003758 <scheduler_enqueue>
    40005784:	785e8340 	ldurh	w0, [x26, #-24]
    40005788:	97ffff14 	bl	400053d8 <free_connection_index>
    4000578c:	17ffffc5 	b	400056a0 <ipc_channel_destroy+0x50>
    40005790:	4000d440 	.word	0x4000d440
    40005794:	00000000 	.word	0x00000000
    40005798:	400266b8 	.word	0x400266b8
    4000579c:	00000000 	.word	0x00000000

00000000400057a0 <ipc_connect_attach>:
    400057a0:	b40009a2 	cbz	x2, 400058d4 <ipc_connect_attach+0x134>
    400057a4:	a9bb7bfd 	stp	x29, x30, [sp, #-80]!
    400057a8:	910003fd 	mov	x29, sp
    400057ac:	a90153f3 	stp	x19, x20, [sp, #16]
    400057b0:	a9025bf5 	stp	x21, x22, [sp, #32]
    400057b4:	a90363f7 	stp	x23, x24, [sp, #48]
    400057b8:	2a0003f7 	mov	w23, w0
    400057bc:	a9046bf9 	stp	x25, x26, [sp, #64]
    400057c0:	7103fc1f 	cmp	w0, #0xff
    400057c4:	540008c8 	b.hi	400058dc <ipc_connect_attach+0x13c>  // b.pmore
    400057c8:	2a0103f8 	mov	w24, w1
    400057cc:	aa0203f6 	mov	x22, x2
    400057d0:	2a0103e0 	mov	w0, w1
    400057d4:	97fffef3 	bl	400053a0 <get_channel>
    400057d8:	aa0003f4 	mov	x20, x0
    400057dc:	b4000800 	cbz	x0, 400058dc <ipc_connect_attach+0x13c>
    400057e0:	90000000 	adrp	x0, 40005000 <ipc_endpoint_create+0xe8>
    400057e4:	f9447415 	ldr	x21, [x0, #2280]
    400057e8:	aa1503e0 	mov	x0, x21
    400057ec:	97fffafe 	bl	400043e4 <ticket_lock_acquire>
    400057f0:	b94012a0 	ldr	w0, [x21, #16]
    400057f4:	35000140 	cbnz	w0, 4000581c <ipc_connect_attach+0x7c>
    400057f8:	aa1503e0 	mov	x0, x21
    400057fc:	97fffb0f 	bl	40004438 <ticket_lock_release>
    40005800:	12800160 	mov	w0, #0xfffffff4            	// #-12
    40005804:	a94153f3 	ldp	x19, x20, [sp, #16]
    40005808:	a9425bf5 	ldp	x21, x22, [sp, #32]
    4000580c:	a94363f7 	ldp	x23, x24, [sp, #48]
    40005810:	a9446bf9 	ldp	x25, x26, [sp, #64]
    40005814:	a8c57bfd 	ldp	x29, x30, [sp], #80
    40005818:	d65f03c0 	ret
    4000581c:	51000400 	sub	w0, w0, #0x1
    40005820:	910052a1 	add	x1, x21, #0x14
    40005824:	b90012a0 	str	w0, [x21, #16]
    40005828:	b8605833 	ldr	w19, [x1, w0, uxtw #2]
    4000582c:	aa1503e0 	mov	x0, x21
    40005830:	97fffb02 	bl	40004438 <ticket_lock_release>
    40005834:	37fffe73 	tbnz	w19, #31, 40005800 <ipc_connect_attach+0x60>
    40005838:	9101229a 	add	x26, x20, #0x48
    4000583c:	aa1a03e0 	mov	x0, x26
    40005840:	97fffb2d 	bl	400044f4 <ticket_lock_acquire_irqsave>
    40005844:	2a0003e1 	mov	w1, w0
    40005848:	b9400680 	ldr	w0, [x20, #4]
    4000584c:	7100041f 	cmp	w0, #0x1
    40005850:	540000e0 	b.eq	4000586c <ipc_connect_attach+0xcc>  // b.none
    40005854:	aa1a03e0 	mov	x0, x26
    40005858:	97fffb2f 	bl	40004514 <ticket_lock_release_irqrestore>
    4000585c:	2a1303e0 	mov	w0, w19
    40005860:	97fffede 	bl	400053d8 <free_connection_index>
    40005864:	12800c60 	mov	w0, #0xffffff9c            	// #-100
    40005868:	17ffffe7 	b	40005804 <ipc_connect_attach+0x64>
    4000586c:	2a1303f5 	mov	w21, w19
    40005870:	90000002 	adrp	x2, 40005000 <ipc_endpoint_create+0xe8>
    40005874:	d2800704 	mov	x4, #0x38                  	// #56
    40005878:	f9447859 	ldr	x25, [x2, #2288]
    4000587c:	9b047eb5 	mul	x21, x21, x4
    40005880:	2a134262 	orr	w2, w19, w19, lsl #16
    40005884:	8b150323 	add	x3, x25, x21
    40005888:	b8356b22 	str	w2, [x25, x21]
    4000588c:	2900e060 	stp	w0, w24, [x3, #4]
    40005890:	aa1403e0 	mov	x0, x20
    40005894:	b9000c77 	str	w23, [x3, #12]
    40005898:	f900087f 	str	xzr, [x3, #16]
    4000589c:	f8410c02 	ldr	x2, [x0, #16]!
    400058a0:	a9018062 	stp	x2, x0, [x3, #24]
    400058a4:	d2800300 	mov	x0, #0x18                  	// #24
    400058a8:	9ba40273 	umaddl	x19, w19, w4, x0
    400058ac:	8b190273 	add	x19, x19, x25
    400058b0:	f9000453 	str	x19, [x2, #8]
    400058b4:	f9000a93 	str	x19, [x20, #16]
    400058b8:	d5033fbf 	dmb	sy
    400058bc:	aa1a03e0 	mov	x0, x26
    400058c0:	97fffb15 	bl	40004514 <ticket_lock_release_irqrestore>
    400058c4:	b8756b20 	ldr	w0, [x25, x21]
    400058c8:	b90002c0 	str	w0, [x22]
    400058cc:	52800000 	mov	w0, #0x0                   	// #0
    400058d0:	17ffffcd 	b	40005804 <ipc_connect_attach+0x64>
    400058d4:	128002a0 	mov	w0, #0xffffffea            	// #-22
    400058d8:	d65f03c0 	ret
    400058dc:	128002a0 	mov	w0, #0xffffffea            	// #-22
    400058e0:	17ffffc9 	b	40005804 <ipc_connect_attach+0x64>
    400058e4:	d503201f 	nop
    400058e8:	400266b8 	.word	0x400266b8
    400058ec:	00000000 	.word	0x00000000
    400058f0:	40036be0 	.word	0x40036be0
    400058f4:	00000000 	.word	0x00000000

00000000400058f8 <ipc_connect_detach>:
    400058f8:	34000640 	cbz	w0, 400059c0 <ipc_connect_detach+0xc8>
    400058fc:	a9bc7bfd 	stp	x29, x30, [sp, #-64]!
    40005900:	910003fd 	mov	x29, sp
    40005904:	a90153f3 	stp	x19, x20, [sp, #16]
    40005908:	a9025bf5 	stp	x21, x22, [sp, #32]
    4000590c:	a90363f7 	stp	x23, x24, [sp, #48]
    40005910:	12003c17 	and	w23, w0, #0xffff
    40005914:	72181c1f 	tst	w0, #0xff00
    40005918:	54000581 	b.ne	400059c8 <ipc_connect_detach+0xd0>  // b.any
    4000591c:	90000000 	adrp	x0, 40005000 <ipc_endpoint_create+0xe8>
    40005920:	2a1703f6 	mov	w22, w23
    40005924:	d2800713 	mov	x19, #0x38                  	// #56
    40005928:	52800715 	mov	w21, #0x38                  	// #56
    4000592c:	f944e818 	ldr	x24, [x0, #2512]
    40005930:	9bb57ef5 	umull	x21, w23, w21
    40005934:	9b1362d3 	madd	x19, x22, x19, x24
    40005938:	b9400660 	ldr	w0, [x19, #4]
    4000593c:	7100041f 	cmp	w0, #0x1
    40005940:	54000441 	b.ne	400059c8 <ipc_connect_detach+0xd0>  // b.any
    40005944:	b9400a60 	ldr	w0, [x19, #8]
    40005948:	97fffe96 	bl	400053a0 <get_channel>
    4000594c:	b40003e0 	cbz	x0, 400059c8 <ipc_connect_detach+0xd0>
    40005950:	91012014 	add	x20, x0, #0x48
    40005954:	aa1403e0 	mov	x0, x20
    40005958:	97fffae7 	bl	400044f4 <ticket_lock_acquire_irqsave>
    4000595c:	2a0003e1 	mov	w1, w0
    40005960:	a9418a60 	ldp	x0, x2, [x19, #24]
    40005964:	f9000040 	str	x0, [x2]
    40005968:	f9000402 	str	x2, [x0, #8]
    4000596c:	910062a2 	add	x2, x21, #0x18
    40005970:	8b180042 	add	x2, x2, x24
    40005974:	a9018a62 	stp	x2, x2, [x19, #24]
    40005978:	f9400a60 	ldr	x0, [x19, #16]
    4000597c:	b4000040 	cbz	x0, 40005984 <ipc_connect_detach+0x8c>
    40005980:	f9000a7f 	str	xzr, [x19, #16]
    40005984:	d2800700 	mov	x0, #0x38                  	// #56
    40005988:	9b0062d6 	madd	x22, x22, x0, x24
    4000598c:	b2607fe0 	mov	x0, #0xffffffff00000000    	// #-4294967296
    40005990:	f90006c0 	str	x0, [x22, #8]
    40005994:	aa1403e0 	mov	x0, x20
    40005998:	b90006df 	str	wzr, [x22, #4]
    4000599c:	97fffade 	bl	40004514 <ticket_lock_release_irqrestore>
    400059a0:	2a1703e0 	mov	w0, w23
    400059a4:	97fffe8d 	bl	400053d8 <free_connection_index>
    400059a8:	52800000 	mov	w0, #0x0                   	// #0
    400059ac:	a94153f3 	ldp	x19, x20, [sp, #16]
    400059b0:	a9425bf5 	ldp	x21, x22, [sp, #32]
    400059b4:	a94363f7 	ldp	x23, x24, [sp, #48]
    400059b8:	a8c47bfd 	ldp	x29, x30, [sp], #64
    400059bc:	d65f03c0 	ret
    400059c0:	128002a0 	mov	w0, #0xffffffea            	// #-22
    400059c4:	d65f03c0 	ret
    400059c8:	128002a0 	mov	w0, #0xffffffea            	// #-22
    400059cc:	17fffff8 	b	400059ac <ipc_connect_detach+0xb4>
    400059d0:	40036be0 	.word	0x40036be0
    400059d4:	00000000 	.word	0x00000000

00000000400059d8 <ipc_pulse_send>:
    400059d8:	34000e80 	cbz	w0, 40005ba8 <ipc_pulse_send+0x1d0>
    400059dc:	a9ba7bfd 	stp	x29, x30, [sp, #-96]!
    400059e0:	910003fd 	mov	x29, sp
    400059e4:	a90153f3 	stp	x19, x20, [sp, #16]
    400059e8:	2a0003f4 	mov	w20, w0
    400059ec:	12003c00 	and	w0, w0, #0xffff
    400059f0:	a9025bf5 	stp	x21, x22, [sp, #32]
    400059f4:	a90363f7 	stp	x23, x24, [sp, #48]
    400059f8:	a9046bf9 	stp	x25, x26, [sp, #64]
    400059fc:	f9002bfb 	str	x27, [sp, #80]
    40005a00:	72181e9f 	tst	w20, #0xff00
    40005a04:	54000da1 	b.ne	40005bb8 <ipc_pulse_send+0x1e0>  // b.any
    40005a08:	12001c38 	and	w24, w1, #0xff
    40005a0c:	90000001 	adrp	x1, 40005000 <ipc_endpoint_create+0xe8>
    40005a10:	2a0203f7 	mov	w23, w2
    40005a14:	d2800702 	mov	x2, #0x38                  	// #56
    40005a18:	f945e021 	ldr	x1, [x1, #3008]
    40005a1c:	9b020400 	madd	x0, x0, x2, x1
    40005a20:	b9400401 	ldr	w1, [x0, #4]
    40005a24:	7100043f 	cmp	w1, #0x1
    40005a28:	54000c41 	b.ne	40005bb0 <ipc_pulse_send+0x1d8>  // b.any
    40005a2c:	b9400800 	ldr	w0, [x0, #8]
    40005a30:	97fffe5c 	bl	400053a0 <get_channel>
    40005a34:	aa0003fb 	mov	x27, x0
    40005a38:	b4000c00 	cbz	x0, 40005bb8 <ipc_pulse_send+0x1e0>
    40005a3c:	91012015 	add	x21, x0, #0x48
    40005a40:	2a0303f6 	mov	w22, w3
    40005a44:	aa1503e0 	mov	x0, x21
    40005a48:	97fffaab 	bl	400044f4 <ticket_lock_acquire_irqsave>
    40005a4c:	2a0003fa 	mov	w26, w0
    40005a50:	b9400760 	ldr	w0, [x27, #4]
    40005a54:	7100041f 	cmp	w0, #0x1
    40005a58:	54000180 	b.eq	40005a88 <ipc_pulse_send+0xb0>  // b.none
    40005a5c:	aa1503e0 	mov	x0, x21
    40005a60:	2a1a03e1 	mov	w1, w26
    40005a64:	97fffaac 	bl	40004514 <ticket_lock_release_irqrestore>
    40005a68:	12800c60 	mov	w0, #0xffffff9c            	// #-100
    40005a6c:	a94153f3 	ldp	x19, x20, [sp, #16]
    40005a70:	a9425bf5 	ldp	x21, x22, [sp, #32]
    40005a74:	a94363f7 	ldp	x23, x24, [sp, #48]
    40005a78:	a9446bf9 	ldp	x25, x26, [sp, #64]
    40005a7c:	f9402bfb 	ldr	x27, [sp, #80]
    40005a80:	a8c67bfd 	ldp	x29, x30, [sp], #96
    40005a84:	d65f03c0 	ret
    40005a88:	b9403360 	ldr	w0, [x27, #48]
    40005a8c:	71007c1f 	cmp	w0, #0x1f
    40005a90:	540000c9 	b.ls	40005aa8 <ipc_pulse_send+0xd0>  // b.plast
    40005a94:	aa1503e0 	mov	x0, x21
    40005a98:	2a1a03e1 	mov	w1, w26
    40005a9c:	97fffa9e 	bl	40004514 <ticket_lock_release_irqrestore>
    40005aa0:	12800ce0 	mov	w0, #0xffffff98            	// #-104
    40005aa4:	17fffff2 	b	40005a6c <ipc_pulse_send+0x94>
    40005aa8:	90000000 	adrp	x0, 40005000 <ipc_endpoint_create+0xe8>
    40005aac:	f945e419 	ldr	x25, [x0, #3016]
    40005ab0:	91146320 	add	x0, x25, #0x518
    40005ab4:	97fffa4c 	bl	400043e4 <ticket_lock_acquire>
    40005ab8:	b9403360 	ldr	w0, [x27, #48]
    40005abc:	79400373 	ldrh	w19, [x27]
    40005ac0:	0b131413 	add	w19, w0, w19, lsl #5
    40005ac4:	711ffe7f 	cmp	w19, #0x7ff
    40005ac8:	54000488 	b.hi	40005b58 <ipc_pulse_send+0x180>  // b.pmore
    40005acc:	90000000 	adrp	x0, 40005000 <ipc_endpoint_create+0xe8>
    40005ad0:	d37b7e73 	ubfiz	x19, x19, #5, #32
    40005ad4:	f945e800 	ldr	x0, [x0, #3024]
    40005ad8:	8b000273 	add	x19, x19, x0
    40005adc:	91146320 	add	x0, x25, #0x518
    40005ae0:	97fffa56 	bl	40004438 <ticket_lock_release>
    40005ae4:	b4fffd93 	cbz	x19, 40005a94 <ipc_pulse_send+0xbc>
    40005ae8:	aa1b03e2 	mov	x2, x27
    40005aec:	39000278 	strb	w24, [x19]
    40005af0:	91004261 	add	x1, x19, #0x10
    40005af4:	f8420c40 	ldr	x0, [x2, #32]!
    40005af8:	2900da77 	stp	w23, w22, [x19, #4]
    40005afc:	b9000e74 	str	w20, [x19, #12]
    40005b00:	a9010661 	stp	x1, x1, [x19, #16]
    40005b04:	eb02001f 	cmp	x0, x2
    40005b08:	54000080 	b.eq	40005b18 <ipc_pulse_send+0x140>  // b.none
    40005b0c:	385f0003 	ldurb	w3, [x0, #-16]
    40005b10:	6b18007f 	cmp	w3, w24
    40005b14:	54000262 	b.cs	40005b60 <ipc_pulse_send+0x188>  // b.hs, b.nlast
    40005b18:	f9400402 	ldr	x2, [x0, #8]
    40005b1c:	a9010a60 	stp	x0, x2, [x19, #16]
    40005b20:	f9000041 	str	x1, [x2]
    40005b24:	f9000401 	str	x1, [x0, #8]
    40005b28:	b9403360 	ldr	w0, [x27, #48]
    40005b2c:	11000400 	add	w0, w0, #0x1
    40005b30:	b9003360 	str	w0, [x27, #48]
    40005b34:	d5033fbf 	dmb	sy
    40005b38:	b9400b62 	ldr	w2, [x27, #8]
    40005b3c:	7103fc5f 	cmp	w2, #0xff
    40005b40:	54000149 	b.ls	40005b68 <ipc_pulse_send+0x190>  // b.plast
    40005b44:	aa1503e0 	mov	x0, x21
    40005b48:	2a1a03e1 	mov	w1, w26
    40005b4c:	97fffa72 	bl	40004514 <ticket_lock_release_irqrestore>
    40005b50:	52800000 	mov	w0, #0x0                   	// #0
    40005b54:	17ffffc6 	b	40005a6c <ipc_pulse_send+0x94>
    40005b58:	d2800013 	mov	x19, #0x0                   	// #0
    40005b5c:	17ffffe0 	b	40005adc <ipc_pulse_send+0x104>
    40005b60:	f9400000 	ldr	x0, [x0]
    40005b64:	17ffffe8 	b	40005b04 <ipc_pulse_send+0x12c>
    40005b68:	90000000 	adrp	x0, 40005000 <ipc_endpoint_create+0xe8>
    40005b6c:	2a0203e1 	mov	w1, w2
    40005b70:	d2801d03 	mov	x3, #0xe8                  	// #232
    40005b74:	f945ec00 	ldr	x0, [x0, #3032]
    40005b78:	9b030021 	madd	x1, x1, x3, x0
    40005b7c:	91402021 	add	x1, x1, #0x8, lsl #12
    40005b80:	b9423c24 	ldr	w4, [x1, #572]
    40005b84:	71000c9f 	cmp	w4, #0x3
    40005b88:	54fffde1 	b.ne	40005b44 <ipc_pulse_send+0x16c>  // b.any
    40005b8c:	52800024 	mov	w4, #0x1                   	// #1
    40005b90:	b9023c24 	str	w4, [x1, #572]
    40005b94:	d2903801 	mov	x1, #0x81c0                	// #33216
    40005b98:	9ba30442 	umaddl	x2, w2, w3, x1
    40005b9c:	8b020000 	add	x0, x0, x2
    40005ba0:	97fff6ee 	bl	40003758 <scheduler_enqueue>
    40005ba4:	17ffffe8 	b	40005b44 <ipc_pulse_send+0x16c>
    40005ba8:	128002a0 	mov	w0, #0xffffffea            	// #-22
    40005bac:	d65f03c0 	ret
    40005bb0:	12800c80 	mov	w0, #0xffffff9b            	// #-101
    40005bb4:	17ffffae 	b	40005a6c <ipc_pulse_send+0x94>
    40005bb8:	128002a0 	mov	w0, #0xffffffea            	// #-22
    40005bbc:	17ffffac 	b	40005a6c <ipc_pulse_send+0x94>
    40005bc0:	40036be0 	.word	0x40036be0
    40005bc4:	00000000 	.word	0x00000000
    40005bc8:	400266b8 	.word	0x400266b8
    40005bcc:	00000000 	.word	0x00000000
    40005bd0:	40026be0 	.word	0x40026be0
    40005bd4:	00000000 	.word	0x00000000
    40005bd8:	4000d440 	.word	0x4000d440
    40005bdc:	00000000 	.word	0x00000000

0000000040005be0 <ipc_pulse_receive>:
    40005be0:	b40005a1 	cbz	x1, 40005c94 <ipc_pulse_receive+0xb4>
    40005be4:	a9bd7bfd 	stp	x29, x30, [sp, #-48]!
    40005be8:	910003fd 	mov	x29, sp
    40005bec:	a90153f3 	stp	x19, x20, [sp, #16]
    40005bf0:	aa0103f3 	mov	x19, x1
    40005bf4:	f90013f5 	str	x21, [sp, #32]
    40005bf8:	97fffdea 	bl	400053a0 <get_channel>
    40005bfc:	aa0003f4 	mov	x20, x0
    40005c00:	b40004e0 	cbz	x0, 40005c9c <ipc_pulse_receive+0xbc>
    40005c04:	91012015 	add	x21, x0, #0x48
    40005c08:	aa1503e0 	mov	x0, x21
    40005c0c:	97fffa3a 	bl	400044f4 <ticket_lock_acquire_irqsave>
    40005c10:	2a0003e1 	mov	w1, w0
    40005c14:	aa1403e0 	mov	x0, x20
    40005c18:	f8420c03 	ldr	x3, [x0, #32]!
    40005c1c:	eb00007f 	cmp	x3, x0
    40005c20:	54000101 	b.ne	40005c40 <ipc_pulse_receive+0x60>  // b.any
    40005c24:	aa1503e0 	mov	x0, x21
    40005c28:	97fffa3b 	bl	40004514 <ticket_lock_release_irqrestore>
    40005c2c:	12800140 	mov	w0, #0xfffffff5            	// #-11
    40005c30:	a94153f3 	ldp	x19, x20, [sp, #16]
    40005c34:	f94013f5 	ldr	x21, [sp, #32]
    40005c38:	a8c37bfd 	ldp	x29, x30, [sp], #48
    40005c3c:	d65f03c0 	ret
    40005c40:	d1004062 	sub	x2, x3, #0x10
    40005c44:	a9411040 	ldp	x0, x4, [x2, #16]
    40005c48:	f9000080 	str	x0, [x4]
    40005c4c:	f9000404 	str	x4, [x0, #8]
    40005c50:	b9403280 	ldr	w0, [x20, #48]
    40005c54:	a9010c43 	stp	x3, x3, [x2, #16]
    40005c58:	51000400 	sub	w0, w0, #0x1
    40005c5c:	b9003280 	str	w0, [x20, #48]
    40005c60:	d5033fbf 	dmb	sy
    40005c64:	385f0060 	ldurb	w0, [x3, #-16]
    40005c68:	39000260 	strb	w0, [x19]
    40005c6c:	b9400440 	ldr	w0, [x2, #4]
    40005c70:	b9000660 	str	w0, [x19, #4]
    40005c74:	b9400840 	ldr	w0, [x2, #8]
    40005c78:	b9000a60 	str	w0, [x19, #8]
    40005c7c:	b9400c40 	ldr	w0, [x2, #12]
    40005c80:	b9000e60 	str	w0, [x19, #12]
    40005c84:	aa1503e0 	mov	x0, x21
    40005c88:	97fffa23 	bl	40004514 <ticket_lock_release_irqrestore>
    40005c8c:	52800000 	mov	w0, #0x0                   	// #0
    40005c90:	17ffffe8 	b	40005c30 <ipc_pulse_receive+0x50>
    40005c94:	128002a0 	mov	w0, #0xffffffea            	// #-22
    40005c98:	d65f03c0 	ret
    40005c9c:	128002a0 	mov	w0, #0xffffffea            	// #-22
    40005ca0:	17ffffe4 	b	40005c30 <ipc_pulse_receive+0x50>

0000000040005ca4 <ipc_pulse_receive_blocking>:
    40005ca4:	b4000421 	cbz	x1, 40005d28 <ipc_pulse_receive_blocking+0x84>
    40005ca8:	a9bd7bfd 	stp	x29, x30, [sp, #-48]!
    40005cac:	910003fd 	mov	x29, sp
    40005cb0:	a90153f3 	stp	x19, x20, [sp, #16]
    40005cb4:	aa0103f4 	mov	x20, x1
    40005cb8:	a9025bf5 	stp	x21, x22, [sp, #32]
    40005cbc:	2a0003f5 	mov	w21, w0
    40005cc0:	97fffdb8 	bl	400053a0 <get_channel>
    40005cc4:	aa0003f3 	mov	x19, x0
    40005cc8:	b4000340 	cbz	x0, 40005d30 <ipc_pulse_receive_blocking+0x8c>
    40005ccc:	aa1403e1 	mov	x1, x20
    40005cd0:	2a1503e0 	mov	w0, w21
    40005cd4:	97ffffc3 	bl	40005be0 <ipc_pulse_receive>
    40005cd8:	340002e0 	cbz	w0, 40005d34 <ipc_pulse_receive_blocking+0x90>
    40005cdc:	97fff87f 	bl	40003ed8 <kthread_get_current>
    40005ce0:	aa0003f6 	mov	x22, x0
    40005ce4:	b4000300 	cbz	x0, 40005d44 <ipc_pulse_receive_blocking+0xa0>
    40005ce8:	91012273 	add	x19, x19, #0x48
    40005cec:	aa1303e0 	mov	x0, x19
    40005cf0:	97fffa01 	bl	400044f4 <ticket_lock_acquire_irqsave>
    40005cf4:	2a0003e1 	mov	w1, w0
    40005cf8:	52800060 	mov	w0, #0x3                   	// #3
    40005cfc:	b9007ec0 	str	w0, [x22, #124]
    40005d00:	d5033fbf 	dmb	sy
    40005d04:	aa1303e0 	mov	x0, x19
    40005d08:	97fffa03 	bl	40004514 <ticket_lock_release_irqrestore>
    40005d0c:	97fff713 	bl	40003958 <schedule>
    40005d10:	aa1403e1 	mov	x1, x20
    40005d14:	2a1503e0 	mov	w0, w21
    40005d18:	a94153f3 	ldp	x19, x20, [sp, #16]
    40005d1c:	a9425bf5 	ldp	x21, x22, [sp, #32]
    40005d20:	a8c37bfd 	ldp	x29, x30, [sp], #48
    40005d24:	17ffffaf 	b	40005be0 <ipc_pulse_receive>
    40005d28:	128002a0 	mov	w0, #0xffffffea            	// #-22
    40005d2c:	d65f03c0 	ret
    40005d30:	128002a0 	mov	w0, #0xffffffea            	// #-22
    40005d34:	a94153f3 	ldp	x19, x20, [sp, #16]
    40005d38:	a9425bf5 	ldp	x21, x22, [sp, #32]
    40005d3c:	a8c37bfd 	ldp	x29, x30, [sp], #48
    40005d40:	d65f03c0 	ret
    40005d44:	12800040 	mov	w0, #0xfffffffd            	// #-3
    40005d48:	17fffffb 	b	40005d34 <ipc_pulse_receive_blocking+0x90>
    40005d4c:	00000000 	udf	#0

0000000040005d50 <get_notification>:
    40005d50:	34000120 	cbz	w0, 40005d74 <get_notification+0x24>
    40005d54:	12003c01 	and	w1, w0, #0xffff
    40005d58:	7219201f 	tst	w0, #0xff80
    40005d5c:	540000c1 	b.ne	40005d74 <get_notification+0x24>  // b.any
    40005d60:	90000000 	adrp	x0, 40005000 <ipc_endpoint_create+0xe8>
    40005d64:	52800602 	mov	w2, #0x30                  	// #48
    40005d68:	f946c000 	ldr	x0, [x0, #3456]
    40005d6c:	9ba20020 	umaddl	x0, w1, w2, x0
    40005d70:	d65f03c0 	ret
    40005d74:	d2800000 	mov	x0, #0x0                   	// #0
    40005d78:	17fffffe 	b	40005d70 <get_notification+0x20>
    40005d7c:	d503201f 	nop
    40005d80:	4003bbf8 	.word	0x4003bbf8
    40005d84:	00000000 	.word	0x00000000

0000000040005d88 <ipc_notification_subsys_init>:
    40005d88:	a9bf7bfd 	stp	x29, x30, [sp, #-16]!
    40005d8c:	90000000 	adrp	x0, 40005000 <ipc_endpoint_create+0xe8>
    40005d90:	d2800002 	mov	x2, #0x0                   	// #0
    40005d94:	910003fd 	mov	x29, sp
    40005d98:	f946fc01 	ldr	x1, [x0, #3576]
    40005d9c:	90000006 	adrp	x6, 40005000 <ipc_endpoint_create+0xe8>
    40005da0:	52800fe5 	mov	w5, #0x7f                  	// #127
    40005da4:	12800004 	mov	w4, #0xffffffff            	// #-1
    40005da8:	f94700c0 	ldr	x0, [x6, #3584]
    40005dac:	4b0200a3 	sub	w3, w5, w2
    40005db0:	29007c3f 	stp	wzr, wzr, [x1]
    40005db4:	a900fc3f 	stp	xzr, xzr, [x1, #8]
    40005db8:	b8227803 	str	w3, [x0, x2, lsl #2]
    40005dbc:	91008023 	add	x3, x1, #0x20
    40005dc0:	91000442 	add	x2, x2, #0x1
    40005dc4:	b9001824 	str	w4, [x1, #24]
    40005dc8:	a9020c23 	stp	x3, x3, [x1, #32]
    40005dcc:	9100c021 	add	x1, x1, #0x30
    40005dd0:	f102005f 	cmp	x2, #0x80
    40005dd4:	54fffea1 	b.ne	40005da8 <ipc_notification_subsys_init+0x20>  // b.any
    40005dd8:	91081000 	add	x0, x0, #0x204
    40005ddc:	b81fc002 	stur	w2, [x0, #-4]
    40005de0:	97fff97a 	bl	400043c8 <ticket_lock_init>
    40005de4:	d5033fbf 	dmb	sy
    40005de8:	52800000 	mov	w0, #0x0                   	// #0
    40005dec:	a8c17bfd 	ldp	x29, x30, [sp], #16
    40005df0:	d65f03c0 	ret
    40005df4:	d503201f 	nop
    40005df8:	4003bbf8 	.word	0x4003bbf8
    40005dfc:	00000000 	.word	0x00000000
    40005e00:	4003b9e0 	.word	0x4003b9e0
    40005e04:	00000000 	.word	0x00000000

0000000040005e08 <ipc_notification_create>:
    40005e08:	b40005a1 	cbz	x1, 40005ebc <ipc_notification_create+0xb4>
    40005e0c:	7103fc1f 	cmp	w0, #0xff
    40005e10:	54000568 	b.hi	40005ebc <ipc_notification_create+0xb4>  // b.pmore
    40005e14:	a9bd7bfd 	stp	x29, x30, [sp, #-48]!
    40005e18:	90000000 	adrp	x0, 40005000 <ipc_endpoint_create+0xe8>
    40005e1c:	910003fd 	mov	x29, sp
    40005e20:	a90153f3 	stp	x19, x20, [sp, #16]
    40005e24:	aa0103f4 	mov	x20, x1
    40005e28:	f9476413 	ldr	x19, [x0, #3784]
    40005e2c:	f90013f5 	str	x21, [sp, #32]
    40005e30:	91081275 	add	x21, x19, #0x204
    40005e34:	aa1503e0 	mov	x0, x21
    40005e38:	97fff96b 	bl	400043e4 <ticket_lock_acquire>
    40005e3c:	b9420262 	ldr	w2, [x19, #512]
    40005e40:	35000102 	cbnz	w2, 40005e60 <ipc_notification_create+0x58>
    40005e44:	aa1503e0 	mov	x0, x21
    40005e48:	97fff97c 	bl	40004438 <ticket_lock_release>
    40005e4c:	12800160 	mov	w0, #0xfffffff4            	// #-12
    40005e50:	a94153f3 	ldp	x19, x20, [sp, #16]
    40005e54:	f94013f5 	ldr	x21, [sp, #32]
    40005e58:	a8c37bfd 	ldp	x29, x30, [sp], #48
    40005e5c:	d65f03c0 	ret
    40005e60:	51000442 	sub	w2, w2, #0x1
    40005e64:	b9020262 	str	w2, [x19, #512]
    40005e68:	aa1503e0 	mov	x0, x21
    40005e6c:	b8625a73 	ldr	w19, [x19, w2, uxtw #2]
    40005e70:	97fff972 	bl	40004438 <ticket_lock_release>
    40005e74:	37fffed3 	tbnz	w19, #31, 40005e4c <ipc_notification_create+0x44>
    40005e78:	90000000 	adrp	x0, 40005000 <ipc_endpoint_create+0xe8>
    40005e7c:	d2800601 	mov	x1, #0x30                  	// #48
    40005e80:	12800003 	mov	w3, #0xffffffff            	// #-1
    40005e84:	f9476802 	ldr	x2, [x0, #3792]
    40005e88:	2a1303e0 	mov	w0, w19
    40005e8c:	2a134273 	orr	w19, w19, w19, lsl #16
    40005e90:	9b017c00 	mul	x0, x0, x1
    40005e94:	8b000041 	add	x1, x2, x0
    40005e98:	b8206853 	str	w19, [x2, x0]
    40005e9c:	b900043f 	str	wzr, [x1, #4]
    40005ea0:	a900fc3f 	stp	xzr, xzr, [x1, #8]
    40005ea4:	b9001823 	str	w3, [x1, #24]
    40005ea8:	d5033fbf 	dmb	sy
    40005eac:	b8606840 	ldr	w0, [x2, x0]
    40005eb0:	b9000280 	str	w0, [x20]
    40005eb4:	52800000 	mov	w0, #0x0                   	// #0
    40005eb8:	17ffffe6 	b	40005e50 <ipc_notification_create+0x48>
    40005ebc:	128002a0 	mov	w0, #0xffffffea            	// #-22
    40005ec0:	d65f03c0 	ret
    40005ec4:	d503201f 	nop
    40005ec8:	4003b9e0 	.word	0x4003b9e0
    40005ecc:	00000000 	.word	0x00000000
    40005ed0:	4003bbf8 	.word	0x4003bbf8
    40005ed4:	00000000 	.word	0x00000000

0000000040005ed8 <ipc_notification_destroy>:
    40005ed8:	a9bd7bfd 	stp	x29, x30, [sp, #-48]!
    40005edc:	910003fd 	mov	x29, sp
    40005ee0:	a90153f3 	stp	x19, x20, [sp, #16]
    40005ee4:	2a0003f4 	mov	w20, w0
    40005ee8:	f90013f5 	str	x21, [sp, #32]
    40005eec:	97ffff99 	bl	40005d50 <get_notification>
    40005ef0:	b4000560 	cbz	x0, 40005f9c <ipc_notification_destroy+0xc4>
    40005ef4:	aa0003f3 	mov	x19, x0
    40005ef8:	b9400400 	ldr	w0, [x0, #4]
    40005efc:	7100081f 	cmp	w0, #0x2
    40005f00:	54000221 	b.ne	40005f44 <ipc_notification_destroy+0x6c>  // b.any
    40005f04:	90000000 	adrp	x0, 40005000 <ipc_endpoint_create+0xe8>
    40005f08:	b9401a62 	ldr	w2, [x19, #24]
    40005f0c:	d2801d03 	mov	x3, #0xe8                  	// #232
    40005f10:	f947d400 	ldr	x0, [x0, #4008]
    40005f14:	2a0203e1 	mov	w1, w2
    40005f18:	9b030021 	madd	x1, x1, x3, x0
    40005f1c:	91402021 	add	x1, x1, #0x8, lsl #12
    40005f20:	b9423c24 	ldr	w4, [x1, #572]
    40005f24:	71000c9f 	cmp	w4, #0x3
    40005f28:	540000e1 	b.ne	40005f44 <ipc_notification_destroy+0x6c>  // b.any
    40005f2c:	52800024 	mov	w4, #0x1                   	// #1
    40005f30:	b9023c24 	str	w4, [x1, #572]
    40005f34:	d2903801 	mov	x1, #0x81c0                	// #33216
    40005f38:	9ba30442 	umaddl	x2, w2, w3, x1
    40005f3c:	8b020000 	add	x0, x0, x2
    40005f40:	97fff606 	bl	40003758 <scheduler_enqueue>
    40005f44:	12800000 	mov	w0, #0xffffffff            	// #-1
    40005f48:	a9007e7f 	stp	xzr, xzr, [x19]
    40005f4c:	f9000a7f 	str	xzr, [x19, #16]
    40005f50:	b9001a60 	str	w0, [x19, #24]
    40005f54:	d5033fbf 	dmb	sy
    40005f58:	90000000 	adrp	x0, 40005000 <ipc_endpoint_create+0xe8>
    40005f5c:	12003e94 	and	w20, w20, #0xffff
    40005f60:	f947d813 	ldr	x19, [x0, #4016]
    40005f64:	91081275 	add	x21, x19, #0x204
    40005f68:	aa1503e0 	mov	x0, x21
    40005f6c:	97fff91e 	bl	400043e4 <ticket_lock_acquire>
    40005f70:	b9420261 	ldr	w1, [x19, #512]
    40005f74:	aa1503e0 	mov	x0, x21
    40005f78:	b8215a74 	str	w20, [x19, w1, uxtw #2]
    40005f7c:	11000421 	add	w1, w1, #0x1
    40005f80:	b9020261 	str	w1, [x19, #512]
    40005f84:	97fff92d 	bl	40004438 <ticket_lock_release>
    40005f88:	52800000 	mov	w0, #0x0                   	// #0
    40005f8c:	a94153f3 	ldp	x19, x20, [sp, #16]
    40005f90:	f94013f5 	ldr	x21, [sp, #32]
    40005f94:	a8c37bfd 	ldp	x29, x30, [sp], #48
    40005f98:	d65f03c0 	ret
    40005f9c:	128002a0 	mov	w0, #0xffffffea            	// #-22
    40005fa0:	17fffffb 	b	40005f8c <ipc_notification_destroy+0xb4>
    40005fa4:	d503201f 	nop
    40005fa8:	4000d440 	.word	0x4000d440
    40005fac:	00000000 	.word	0x00000000
    40005fb0:	4003b9e0 	.word	0x4003b9e0
    40005fb4:	00000000 	.word	0x00000000

0000000040005fb8 <ipc_notification_signal>:
    40005fb8:	b4000561 	cbz	x1, 40006064 <ipc_notification_signal+0xac>
    40005fbc:	a9be7bfd 	stp	x29, x30, [sp, #-32]!
    40005fc0:	aa0103e3 	mov	x3, x1
    40005fc4:	910003fd 	mov	x29, sp
    40005fc8:	f9000bf3 	str	x19, [sp, #16]
    40005fcc:	97ffff61 	bl	40005d50 <get_notification>
    40005fd0:	aa0003f3 	mov	x19, x0
    40005fd4:	b40004c0 	cbz	x0, 4000606c <ipc_notification_signal+0xb4>
    40005fd8:	f9400400 	ldr	x0, [x0, #8]
    40005fdc:	aa030000 	orr	x0, x0, x3
    40005fe0:	f9000660 	str	x0, [x19, #8]
    40005fe4:	d5033fbf 	dmb	sy
    40005fe8:	b9400660 	ldr	w0, [x19, #4]
    40005fec:	7100081f 	cmp	w0, #0x2
    40005ff0:	540002c1 	b.ne	40006048 <ipc_notification_signal+0x90>  // b.any
    40005ff4:	a9408261 	ldp	x1, x0, [x19, #8]
    40005ff8:	ea00003f 	tst	x1, x0
    40005ffc:	54000260 	b.eq	40006048 <ipc_notification_signal+0x90>  // b.none
    40006000:	b9401a62 	ldr	w2, [x19, #24]
    40006004:	7103fc5f 	cmp	w2, #0xff
    40006008:	54000208 	b.hi	40006048 <ipc_notification_signal+0x90>  // b.pmore
    4000600c:	90000000 	adrp	x0, 40006000 <ipc_notification_signal+0x48>
    40006010:	2a0203e1 	mov	w1, w2
    40006014:	d2801d03 	mov	x3, #0xe8                  	// #232
    40006018:	f9403c00 	ldr	x0, [x0, #120]
    4000601c:	9b030021 	madd	x1, x1, x3, x0
    40006020:	91402021 	add	x1, x1, #0x8, lsl #12
    40006024:	b9423c24 	ldr	w4, [x1, #572]
    40006028:	71000c9f 	cmp	w4, #0x3
    4000602c:	540000e1 	b.ne	40006048 <ipc_notification_signal+0x90>  // b.any
    40006030:	52800024 	mov	w4, #0x1                   	// #1
    40006034:	b9023c24 	str	w4, [x1, #572]
    40006038:	d2903801 	mov	x1, #0x81c0                	// #33216
    4000603c:	9ba30442 	umaddl	x2, w2, w3, x1
    40006040:	8b020000 	add	x0, x0, x2
    40006044:	97fff5c5 	bl	40003758 <scheduler_enqueue>
    40006048:	52800020 	mov	w0, #0x1                   	// #1
    4000604c:	b9000660 	str	w0, [x19, #4]
    40006050:	d5033fbf 	dmb	sy
    40006054:	52800000 	mov	w0, #0x0                   	// #0
    40006058:	f9400bf3 	ldr	x19, [sp, #16]
    4000605c:	a8c27bfd 	ldp	x29, x30, [sp], #32
    40006060:	d65f03c0 	ret
    40006064:	128002a0 	mov	w0, #0xffffffea            	// #-22
    40006068:	d65f03c0 	ret
    4000606c:	128002a0 	mov	w0, #0xffffffea            	// #-22
    40006070:	17fffffa 	b	40006058 <ipc_notification_signal+0xa0>
    40006074:	d503201f 	nop
    40006078:	4000d440 	.word	0x4000d440
    4000607c:	00000000 	.word	0x00000000

0000000040006080 <ipc_notification_wait>:
    40006080:	f100003f 	cmp	x1, #0x0
    40006084:	fa401844 	ccmp	x2, #0x0, #0x4, ne	// ne = any
    40006088:	54000580 	b.eq	40006138 <ipc_notification_wait+0xb8>  // b.none
    4000608c:	a9bd7bfd 	stp	x29, x30, [sp, #-48]!
    40006090:	910003fd 	mov	x29, sp
    40006094:	a90153f3 	stp	x19, x20, [sp, #16]
    40006098:	aa0103f4 	mov	x20, x1
    4000609c:	f90013f5 	str	x21, [sp, #32]
    400060a0:	aa0203f5 	mov	x21, x2
    400060a4:	97ffff2b 	bl	40005d50 <get_notification>
    400060a8:	aa0003f3 	mov	x19, x0
    400060ac:	b40004a0 	cbz	x0, 40006140 <ipc_notification_wait+0xc0>
    400060b0:	97fff78a 	bl	40003ed8 <kthread_get_current>
    400060b4:	b40004a0 	cbz	x0, 40006148 <ipc_notification_wait+0xc8>
    400060b8:	f9400661 	ldr	x1, [x19, #8]
    400060bc:	ea010281 	ands	x1, x20, x1
    400060c0:	54000180 	b.eq	400060f0 <ipc_notification_wait+0x70>  // b.none
    400060c4:	f90002a1 	str	x1, [x21]
    400060c8:	f9400660 	ldr	x0, [x19, #8]
    400060cc:	8a210001 	bic	x1, x0, x1
    400060d0:	f9000661 	str	x1, [x19, #8]
    400060d4:	b900067f 	str	wzr, [x19, #4]
    400060d8:	d5033fbf 	dmb	sy
    400060dc:	52800000 	mov	w0, #0x0                   	// #0
    400060e0:	a94153f3 	ldp	x19, x20, [sp, #16]
    400060e4:	f94013f5 	ldr	x21, [sp, #32]
    400060e8:	a8c37bfd 	ldp	x29, x30, [sp], #48
    400060ec:	d65f03c0 	ret
    400060f0:	52800041 	mov	w1, #0x2                   	// #2
    400060f4:	b9000661 	str	w1, [x19, #4]
    400060f8:	b9407801 	ldr	w1, [x0, #120]
    400060fc:	f9000a74 	str	x20, [x19, #16]
    40006100:	b9001a61 	str	w1, [x19, #24]
    40006104:	52800061 	mov	w1, #0x3                   	// #3
    40006108:	b9007c01 	str	w1, [x0, #124]
    4000610c:	d5033fbf 	dmb	sy
    40006110:	97fff612 	bl	40003958 <schedule>
    40006114:	f9400660 	ldr	x0, [x19, #8]
    40006118:	8a000294 	and	x20, x20, x0
    4000611c:	f90002b4 	str	x20, [x21]
    40006120:	f9400660 	ldr	x0, [x19, #8]
    40006124:	8a340014 	bic	x20, x0, x20
    40006128:	12800000 	mov	w0, #0xffffffff            	// #-1
    4000612c:	a900fe74 	stp	x20, xzr, [x19, #8]
    40006130:	b9001a60 	str	w0, [x19, #24]
    40006134:	17ffffe8 	b	400060d4 <ipc_notification_wait+0x54>
    40006138:	128002a0 	mov	w0, #0xffffffea            	// #-22
    4000613c:	d65f03c0 	ret
    40006140:	128002a0 	mov	w0, #0xffffffea            	// #-22
    40006144:	17ffffe7 	b	400060e0 <ipc_notification_wait+0x60>
    40006148:	12800040 	mov	w0, #0xfffffffd            	// #-3
    4000614c:	17ffffe5 	b	400060e0 <ipc_notification_wait+0x60>

0000000040006150 <ipc_notification_try_wait>:
    40006150:	f100003f 	cmp	x1, #0x0
    40006154:	fa401844 	ccmp	x2, #0x0, #0x4, ne	// ne = any
    40006158:	54000280 	b.eq	400061a8 <ipc_notification_try_wait+0x58>  // b.none
    4000615c:	a9bf7bfd 	stp	x29, x30, [sp, #-16]!
    40006160:	aa0103e3 	mov	x3, x1
    40006164:	aa0203e4 	mov	x4, x2
    40006168:	910003fd 	mov	x29, sp
    4000616c:	97fffef9 	bl	40005d50 <get_notification>
    40006170:	b4000200 	cbz	x0, 400061b0 <ipc_notification_try_wait+0x60>
    40006174:	f9400401 	ldr	x1, [x0, #8]
    40006178:	ea010063 	ands	x3, x3, x1
    4000617c:	540001e0 	b.eq	400061b8 <ipc_notification_try_wait+0x68>  // b.none
    40006180:	f9000083 	str	x3, [x4]
    40006184:	f9400401 	ldr	x1, [x0, #8]
    40006188:	8a230023 	bic	x3, x1, x3
    4000618c:	f9000403 	str	x3, [x0, #8]
    40006190:	b5000043 	cbnz	x3, 40006198 <ipc_notification_try_wait+0x48>
    40006194:	b900041f 	str	wzr, [x0, #4]
    40006198:	d5033fbf 	dmb	sy
    4000619c:	52800000 	mov	w0, #0x0                   	// #0
    400061a0:	a8c17bfd 	ldp	x29, x30, [sp], #16
    400061a4:	d65f03c0 	ret
    400061a8:	128002a0 	mov	w0, #0xffffffea            	// #-22
    400061ac:	d65f03c0 	ret
    400061b0:	128002a0 	mov	w0, #0xffffffea            	// #-22
    400061b4:	17fffffb 	b	400061a0 <ipc_notification_try_wait+0x50>
    400061b8:	12800140 	mov	w0, #0xfffffff5            	// #-11
    400061bc:	17fffff9 	b	400061a0 <ipc_notification_try_wait+0x50>

00000000400061c0 <ipc_notification_wait_timeout>:
    400061c0:	35000043 	cbnz	w3, 400061c8 <ipc_notification_wait_timeout+0x8>
    400061c4:	17ffffe3 	b	40006150 <ipc_notification_try_wait>
    400061c8:	17ffffae 	b	40006080 <ipc_notification_wait>

00000000400061cc <list_del_init>:
    400061cc:	a9400402 	ldp	x2, x1, [x0]
    400061d0:	f100003f 	cmp	x1, #0x0
    400061d4:	fa401844 	ccmp	x2, #0x0, #0x4, ne	// ne = any
    400061d8:	54000060 	b.eq	400061e4 <list_del_init+0x18>  // b.none
    400061dc:	f9000441 	str	x1, [x2, #8]
    400061e0:	f9000022 	str	x2, [x1]
    400061e4:	a9000000 	stp	x0, x0, [x0]
    400061e8:	d65f03c0 	ret

00000000400061ec <capability_subsys_init>:
    400061ec:	52800000 	mov	w0, #0x0                   	// #0
    400061f0:	d65f03c0 	ret

00000000400061f4 <cap_copy>:
    400061f4:	3100041f 	cmn	w0, #0x1
    400061f8:	3a411824 	ccmn	w1, #0x1, #0x4, ne	// ne = any
    400061fc:	54000121 	b.ne	40006220 <cap_copy+0x2c>  // b.any
    40006200:	128002a0 	mov	w0, #0xffffffea            	// #-22
    40006204:	d65f03c0 	ret
    40006208:	128002a0 	mov	w0, #0xffffffea            	// #-22
    4000620c:	a94153f3 	ldp	x19, x20, [sp, #16]
    40006210:	a9425bf5 	ldp	x21, x22, [sp, #32]
    40006214:	f9401bf7 	ldr	x23, [sp, #48]
    40006218:	a8c47bfd 	ldp	x29, x30, [sp], #64
    4000621c:	d65f03c0 	ret
    40006220:	a9bc7bfd 	stp	x29, x30, [sp, #-64]!
    40006224:	3100045f 	cmn	w2, #0x1
    40006228:	3a411864 	ccmn	w3, #0x1, #0x4, ne	// ne = any
    4000622c:	910003fd 	mov	x29, sp
    40006230:	a90153f3 	stp	x19, x20, [sp, #16]
    40006234:	2a0203f4 	mov	w20, w2
    40006238:	a9025bf5 	stp	x21, x22, [sp, #32]
    4000623c:	2a0303f5 	mov	w21, w3
    40006240:	f9001bf7 	str	x23, [sp, #48]
    40006244:	54fffe20 	b.eq	40006208 <cap_copy+0x14>  // b.none
    40006248:	2a0103f3 	mov	w19, w1
    4000624c:	12001c97 	and	w23, w4, #0xff
    40006250:	940003f2 	bl	40007218 <cspace_from_root>
    40006254:	aa0003f6 	mov	x22, x0
    40006258:	b4fffd80 	cbz	x0, 40006208 <cap_copy+0x14>
    4000625c:	2a1403e0 	mov	w0, w20
    40006260:	940003ee 	bl	40007218 <cspace_from_root>
    40006264:	aa0003f4 	mov	x20, x0
    40006268:	b4fffd00 	cbz	x0, 40006208 <cap_copy+0x14>
    4000626c:	2a1303e1 	mov	w1, w19
    40006270:	aa1603e0 	mov	x0, x22
    40006274:	940003db 	bl	400071e0 <cspace_lookup>
    40006278:	b4000260 	cbz	x0, 400062c4 <cap_copy+0xd0>
    4000627c:	b9400001 	ldr	w1, [x0]
    40006280:	7100043f 	cmp	w1, #0x1
    40006284:	54000201 	b.ne	400062c4 <cap_copy+0xd0>  // b.any
    40006288:	39402004 	ldrb	w4, [x0, #8]
    4000628c:	36180204 	tbz	w4, #3, 400062cc <cap_copy+0xd8>
    40006290:	34000057 	cbz	w23, 40006298 <cap_copy+0xa4>
    40006294:	0a170084 	and	w4, w4, w23
    40006298:	f9401bf7 	ldr	x23, [sp, #48]
    4000629c:	2a1303e6 	mov	w6, w19
    400062a0:	79401405 	ldrh	w5, [x0, #10]
    400062a4:	2a1503e1 	mov	w1, w21
    400062a8:	a9425bf5 	ldp	x21, x22, [sp, #32]
    400062ac:	b9400402 	ldr	w2, [x0, #4]
    400062b0:	b9400c03 	ldr	w3, [x0, #12]
    400062b4:	aa1403e0 	mov	x0, x20
    400062b8:	a94153f3 	ldp	x19, x20, [sp, #16]
    400062bc:	a8c47bfd 	ldp	x29, x30, [sp], #64
    400062c0:	1400037a 	b	400070a8 <cspace_insert_cap>
    400062c4:	12800020 	mov	w0, #0xfffffffe            	// #-2
    400062c8:	17ffffd1 	b	4000620c <cap_copy+0x18>
    400062cc:	12800180 	mov	w0, #0xfffffff3            	// #-13
    400062d0:	17ffffcf 	b	4000620c <cap_copy+0x18>

00000000400062d4 <cap_move>:
    400062d4:	a9bd7bfd 	stp	x29, x30, [sp, #-48]!
    400062d8:	3100041f 	cmn	w0, #0x1
    400062dc:	3a411824 	ccmn	w1, #0x1, #0x4, ne	// ne = any
    400062e0:	910003fd 	mov	x29, sp
    400062e4:	a90153f3 	stp	x19, x20, [sp, #16]
    400062e8:	a9025bf5 	stp	x21, x22, [sp, #32]
    400062ec:	540000e1 	b.ne	40006308 <cap_move+0x34>  // b.any
    400062f0:	128002b5 	mov	w21, #0xffffffea            	// #-22
    400062f4:	a94153f3 	ldp	x19, x20, [sp, #16]
    400062f8:	2a1503e0 	mov	w0, w21
    400062fc:	a9425bf5 	ldp	x21, x22, [sp, #32]
    40006300:	a8c37bfd 	ldp	x29, x30, [sp], #48
    40006304:	d65f03c0 	ret
    40006308:	3100045f 	cmn	w2, #0x1
    4000630c:	2a0203f4 	mov	w20, w2
    40006310:	2a0303f6 	mov	w22, w3
    40006314:	3a411864 	ccmn	w3, #0x1, #0x4, ne	// ne = any
    40006318:	54fffec0 	b.eq	400062f0 <cap_move+0x1c>  // b.none
    4000631c:	2a0103f5 	mov	w21, w1
    40006320:	940003be 	bl	40007218 <cspace_from_root>
    40006324:	aa0003f3 	mov	x19, x0
    40006328:	b4fffe40 	cbz	x0, 400062f0 <cap_move+0x1c>
    4000632c:	2a1403e0 	mov	w0, w20
    40006330:	940003ba 	bl	40007218 <cspace_from_root>
    40006334:	aa0003f4 	mov	x20, x0
    40006338:	b4fffdc0 	cbz	x0, 400062f0 <cap_move+0x1c>
    4000633c:	aa1303e0 	mov	x0, x19
    40006340:	2a1503e1 	mov	w1, w21
    40006344:	940003a7 	bl	400071e0 <cspace_lookup>
    40006348:	aa0003f3 	mov	x19, x0
    4000634c:	b5000060 	cbnz	x0, 40006358 <cap_move+0x84>
    40006350:	12800035 	mov	w21, #0xfffffffe            	// #-2
    40006354:	17ffffe8 	b	400062f4 <cap_move+0x20>
    40006358:	b9400000 	ldr	w0, [x0]
    4000635c:	7100041f 	cmp	w0, #0x1
    40006360:	54ffff81 	b.ne	40006350 <cap_move+0x7c>  // b.any
    40006364:	39402264 	ldrb	w4, [x19, #8]
    40006368:	36180664 	tbz	w4, #3, 40006434 <cap_move+0x160>
    4000636c:	79401665 	ldrh	w5, [x19, #10]
    40006370:	2a1603e1 	mov	w1, w22
    40006374:	b9400662 	ldr	w2, [x19, #4]
    40006378:	aa1403e0 	mov	x0, x20
    4000637c:	29419a63 	ldp	w3, w6, [x19, #12]
    40006380:	9400034a 	bl	400070a8 <cspace_insert_cap>
    40006384:	2a0003f5 	mov	w21, w0
    40006388:	35fffb60 	cbnz	w0, 400062f4 <cap_move+0x20>
    4000638c:	2a1603e1 	mov	w1, w22
    40006390:	aa1403e0 	mov	x0, x20
    40006394:	94000393 	bl	400071e0 <cspace_lookup>
    40006398:	b4fffdc0 	cbz	x0, 40006350 <cap_move+0x7c>
    4000639c:	f9400e61 	ldr	x1, [x19, #24]
    400063a0:	91006274 	add	x20, x19, #0x18
    400063a4:	91006002 	add	x2, x0, #0x18
    400063a8:	eb01029f 	cmp	x20, x1
    400063ac:	54000120 	b.eq	400063d0 <cap_move+0xfc>  // b.none
    400063b0:	f9400c04 	ldr	x4, [x0, #24]
    400063b4:	f9400683 	ldr	x3, [x20, #8]
    400063b8:	f9000422 	str	x2, [x1, #8]
    400063bc:	f9000483 	str	x3, [x4, #8]
    400063c0:	f9000064 	str	x4, [x3]
    400063c4:	f9000c01 	str	x1, [x0, #24]
    400063c8:	f9000e74 	str	x20, [x19, #24]
    400063cc:	f9000694 	str	x20, [x20, #8]
    400063d0:	f9400c00 	ldr	x0, [x0, #24]
    400063d4:	f9400001 	ldr	x1, [x0]
    400063d8:	eb02001f 	cmp	x0, x2
    400063dc:	54000241 	b.ne	40006424 <cap_move+0x150>  // b.any
    400063e0:	b9401260 	ldr	w0, [x19, #16]
    400063e4:	9100a276 	add	x22, x19, #0x28
    400063e8:	3100041f 	cmn	w0, #0x1
    400063ec:	54000060 	b.eq	400063f8 <cap_move+0x124>  // b.none
    400063f0:	aa1603e0 	mov	x0, x22
    400063f4:	97ffff76 	bl	400061cc <list_del_init>
    400063f8:	aa1303e0 	mov	x0, x19
    400063fc:	d2800702 	mov	x2, #0x38                  	// #56
    40006400:	52800001 	mov	w1, #0x0                   	// #0
    40006404:	940006fe 	bl	40007ffc <kernel_memset>
    40006408:	12800000 	mov	w0, #0xffffffff            	// #-1
    4000640c:	b900027f 	str	wzr, [x19]
    40006410:	b9001260 	str	w0, [x19, #16]
    40006414:	f9000e74 	str	x20, [x19, #24]
    40006418:	f9000694 	str	x20, [x20, #8]
    4000641c:	a9005ad6 	stp	x22, x22, [x22]
    40006420:	17ffffb5 	b	400062f4 <cap_move+0x20>
    40006424:	b81e8016 	stur	w22, [x0, #-24]
    40006428:	aa0103e0 	mov	x0, x1
    4000642c:	f9400021 	ldr	x1, [x1]
    40006430:	17ffffea 	b	400063d8 <cap_move+0x104>
    40006434:	12800195 	mov	w21, #0xfffffff3            	// #-13
    40006438:	17ffffaf 	b	400062f4 <cap_move+0x20>

000000004000643c <cap_revoke>:
    4000643c:	d10903ff 	sub	sp, sp, #0x240
    40006440:	3100041f 	cmn	w0, #0x1
    40006444:	a9007bfd 	stp	x29, x30, [sp]
    40006448:	910003fd 	mov	x29, sp
    4000644c:	a9025bf5 	stp	x21, x22, [sp, #32]
    40006450:	2a0103f5 	mov	w21, w1
    40006454:	1a9f17e1 	cset	w1, eq	// eq = none
    40006458:	310006bf 	cmn	w21, #0x1
    4000645c:	a90153f3 	stp	x19, x20, [sp, #16]
    40006460:	1a9f17e2 	cset	w2, eq	// eq = none
    40006464:	a90363f7 	stp	x23, x24, [sp, #48]
    40006468:	2a020034 	orr	w20, w1, w2
    4000646c:	34000114 	cbz	w20, 4000648c <cap_revoke+0x50>
    40006470:	128002a0 	mov	w0, #0xffffffea            	// #-22
    40006474:	a9407bfd 	ldp	x29, x30, [sp]
    40006478:	a94153f3 	ldp	x19, x20, [sp, #16]
    4000647c:	a9425bf5 	ldp	x21, x22, [sp, #32]
    40006480:	a94363f7 	ldp	x23, x24, [sp, #48]
    40006484:	910903ff 	add	sp, sp, #0x240
    40006488:	d65f03c0 	ret
    4000648c:	94000363 	bl	40007218 <cspace_from_root>
    40006490:	aa0003f3 	mov	x19, x0
    40006494:	b4fffee0 	cbz	x0, 40006470 <cap_revoke+0x34>
    40006498:	2a1503e1 	mov	w1, w21
    4000649c:	94000351 	bl	400071e0 <cspace_lookup>
    400064a0:	b4000600 	cbz	x0, 40006560 <cap_revoke+0x124>
    400064a4:	b9400017 	ldr	w23, [x0]
    400064a8:	710006ff 	cmp	w23, #0x1
    400064ac:	540005a1 	b.ne	40006560 <cap_revoke+0x124>  // b.any
    400064b0:	39402000 	ldrb	w0, [x0, #8]
    400064b4:	362005a0 	tbz	w0, #4, 40006568 <cap_revoke+0x12c>
    400064b8:	d28db6f6 	mov	x22, #0x6db7                	// #28087
    400064bc:	b90043f5 	str	w21, [sp, #64]
    400064c0:	f2b6db76 	movk	x22, #0xb6db, lsl #16
    400064c4:	910103f5 	add	x21, sp, #0x40
    400064c8:	f2db6db6 	movk	x22, #0xdb6d, lsl #32
    400064cc:	f2edb6d6 	movk	x22, #0x6db6, lsl #48
    400064d0:	350000b7 	cbnz	w23, 400064e4 <cap_revoke+0xa8>
    400064d4:	7100029f 	cmp	w20, #0x0
    400064d8:	12800160 	mov	w0, #0xfffffff4            	// #-12
    400064dc:	1a9f1000 	csel	w0, w0, wzr, ne	// ne = any
    400064e0:	17ffffe5 	b	40006474 <cap_revoke+0x38>
    400064e4:	510006f7 	sub	w23, w23, #0x1
    400064e8:	aa1303e0 	mov	x0, x19
    400064ec:	d37e7ef8 	ubfiz	x24, x23, #2, #32
    400064f0:	b8786aa1 	ldr	w1, [x21, x24]
    400064f4:	9400033b 	bl	400071e0 <cspace_lookup>
    400064f8:	b4fffec0 	cbz	x0, 400064d0 <cap_revoke+0x94>
    400064fc:	aa0003e3 	mov	x3, x0
    40006500:	8b1802b8 	add	x24, x21, x24
    40006504:	f8418c61 	ldr	x1, [x3, #24]!
    40006508:	f9400022 	ldr	x2, [x1]
    4000650c:	eb01007f 	cmp	x3, x1
    40006510:	540000c1 	b.ne	40006528 <cap_revoke+0xec>  // b.any
    40006514:	52800041 	mov	w1, #0x2                   	// #2
    40006518:	b8028401 	str	w1, [x0], #40
    4000651c:	97ffff2c 	bl	400061cc <list_del_init>
    40006520:	a9000c63 	stp	x3, x3, [x3]
    40006524:	17ffffeb 	b	400064d0 <cap_revoke+0x94>
    40006528:	d100a021 	sub	x1, x1, #0x28
    4000652c:	7101feff 	cmp	w23, #0x7f
    40006530:	54000148 	b.hi	40006558 <cap_revoke+0x11c>  // b.pmore
    40006534:	f9402264 	ldr	x4, [x19, #64]
    40006538:	110006f7 	add	w23, w23, #0x1
    4000653c:	cb040021 	sub	x1, x1, x4
    40006540:	9343fc21 	asr	x1, x1, #3
    40006544:	9b167c21 	mul	x1, x1, x22
    40006548:	b8004701 	str	w1, [x24], #4
    4000654c:	aa0203e1 	mov	x1, x2
    40006550:	f9400042 	ldr	x2, [x2]
    40006554:	17ffffee 	b	4000650c <cap_revoke+0xd0>
    40006558:	52800034 	mov	w20, #0x1                   	// #1
    4000655c:	17ffffee 	b	40006514 <cap_revoke+0xd8>
    40006560:	12800020 	mov	w0, #0xfffffffe            	// #-2
    40006564:	17ffffc4 	b	40006474 <cap_revoke+0x38>
    40006568:	12800180 	mov	w0, #0xfffffff3            	// #-13
    4000656c:	17ffffc2 	b	40006474 <cap_revoke+0x38>

0000000040006570 <cap_delete>:
    40006570:	3100041f 	cmn	w0, #0x1
    40006574:	3a411824 	ccmn	w1, #0x1, #0x4, ne	// ne = any
    40006578:	540000e1 	b.ne	40006594 <cap_delete+0x24>  // b.any
    4000657c:	128002a0 	mov	w0, #0xffffffea            	// #-22
    40006580:	d65f03c0 	ret
    40006584:	128002a0 	mov	w0, #0xffffffea            	// #-22
    40006588:	a94153f3 	ldp	x19, x20, [sp, #16]
    4000658c:	a8c27bfd 	ldp	x29, x30, [sp], #32
    40006590:	d65f03c0 	ret
    40006594:	a9be7bfd 	stp	x29, x30, [sp, #-32]!
    40006598:	910003fd 	mov	x29, sp
    4000659c:	a90153f3 	stp	x19, x20, [sp, #16]
    400065a0:	2a0103f3 	mov	w19, w1
    400065a4:	9400031d 	bl	40007218 <cspace_from_root>
    400065a8:	b4fffee0 	cbz	x0, 40006584 <cap_delete+0x14>
    400065ac:	2a1303e1 	mov	w1, w19
    400065b0:	9400030c 	bl	400071e0 <cspace_lookup>
    400065b4:	aa0003f3 	mov	x19, x0
    400065b8:	b40003a0 	cbz	x0, 4000662c <cap_delete+0xbc>
    400065bc:	b9401000 	ldr	w0, [x0, #16]
    400065c0:	3100041f 	cmn	w0, #0x1
    400065c4:	54000060 	b.eq	400065d0 <cap_delete+0x60>  // b.none
    400065c8:	9100a260 	add	x0, x19, #0x28
    400065cc:	97ffff00 	bl	400061cc <list_del_init>
    400065d0:	aa1303f4 	mov	x20, x19
    400065d4:	12800004 	mov	w4, #0xffffffff            	// #-1
    400065d8:	f8418e80 	ldr	x0, [x20, #24]!
    400065dc:	f9400003 	ldr	x3, [x0]
    400065e0:	eb00029f 	cmp	x20, x0
    400065e4:	540001a1 	b.ne	40006618 <cap_delete+0xa8>  // b.any
    400065e8:	aa1303e0 	mov	x0, x19
    400065ec:	d2800702 	mov	x2, #0x38                  	// #56
    400065f0:	52800001 	mov	w1, #0x0                   	// #0
    400065f4:	94000682 	bl	40007ffc <kernel_memset>
    400065f8:	12800000 	mov	w0, #0xffffffff            	// #-1
    400065fc:	9100a273 	add	x19, x19, #0x28
    40006600:	b81d827f 	stur	wzr, [x19, #-40]
    40006604:	b81e8260 	stur	w0, [x19, #-24]
    40006608:	52800000 	mov	w0, #0x0                   	// #0
    4000660c:	a9005294 	stp	x20, x20, [x20]
    40006610:	a9004e73 	stp	x19, x19, [x19]
    40006614:	17ffffdd 	b	40006588 <cap_delete+0x18>
    40006618:	b81e8004 	stur	w4, [x0, #-24]
    4000661c:	97fffeec 	bl	400061cc <list_del_init>
    40006620:	aa0303e0 	mov	x0, x3
    40006624:	f9400063 	ldr	x3, [x3]
    40006628:	17ffffee 	b	400065e0 <cap_delete+0x70>
    4000662c:	12800020 	mov	w0, #0xfffffffe            	// #-2
    40006630:	17ffffd6 	b	40006588 <cap_delete+0x18>

0000000040006634 <cap_validate>:
    40006634:	3100041f 	cmn	w0, #0x1
    40006638:	3a411824 	ccmn	w1, #0x1, #0x4, ne	// ne = any
    4000663c:	54000101 	b.ne	4000665c <cap_validate+0x28>  // b.any
    40006640:	128002a0 	mov	w0, #0xffffffea            	// #-22
    40006644:	d65f03c0 	ret
    40006648:	128002a0 	mov	w0, #0xffffffea            	// #-22
    4000664c:	a94153f3 	ldp	x19, x20, [sp, #16]
    40006650:	f94013f5 	ldr	x21, [sp, #32]
    40006654:	a8c37bfd 	ldp	x29, x30, [sp], #48
    40006658:	d65f03c0 	ret
    4000665c:	a9bd7bfd 	stp	x29, x30, [sp, #-48]!
    40006660:	910003fd 	mov	x29, sp
    40006664:	a90153f3 	stp	x19, x20, [sp, #16]
    40006668:	2a0103f4 	mov	w20, w1
    4000666c:	aa0303f3 	mov	x19, x3
    40006670:	f90013f5 	str	x21, [sp, #32]
    40006674:	12001c55 	and	w21, w2, #0xff
    40006678:	940002e8 	bl	40007218 <cspace_from_root>
    4000667c:	b4fffe60 	cbz	x0, 40006648 <cap_validate+0x14>
    40006680:	2a1403e1 	mov	w1, w20
    40006684:	940002d7 	bl	400071e0 <cspace_lookup>
    40006688:	b4000180 	cbz	x0, 400066b8 <cap_validate+0x84>
    4000668c:	b9400001 	ldr	w1, [x0]
    40006690:	7100043f 	cmp	w1, #0x1
    40006694:	54000121 	b.ne	400066b8 <cap_validate+0x84>  // b.any
    40006698:	39402001 	ldrb	w1, [x0, #8]
    4000669c:	6a2102bf 	bics	wzr, w21, w1
    400066a0:	54000101 	b.ne	400066c0 <cap_validate+0x8c>  // b.any
    400066a4:	b5000073 	cbnz	x19, 400066b0 <cap_validate+0x7c>
    400066a8:	52800000 	mov	w0, #0x0                   	// #0
    400066ac:	17ffffe8 	b	4000664c <cap_validate+0x18>
    400066b0:	f9000260 	str	x0, [x19]
    400066b4:	17fffffd 	b	400066a8 <cap_validate+0x74>
    400066b8:	12800020 	mov	w0, #0xfffffffe            	// #-2
    400066bc:	17ffffe4 	b	4000664c <cap_validate+0x18>
    400066c0:	12800180 	mov	w0, #0xfffffff3            	// #-13
    400066c4:	17ffffe2 	b	4000664c <cap_validate+0x18>

00000000400066c8 <cap_get_object_type>:
    400066c8:	3100041f 	cmn	w0, #0x1
    400066cc:	3a411824 	ccmn	w1, #0x1, #0x4, ne	// ne = any
    400066d0:	540000e1 	b.ne	400066ec <cap_get_object_type+0x24>  // b.any
    400066d4:	52800140 	mov	w0, #0xa                   	// #10
    400066d8:	d65f03c0 	ret
    400066dc:	52800140 	mov	w0, #0xa                   	// #10
    400066e0:	f9400bf3 	ldr	x19, [sp, #16]
    400066e4:	a8c27bfd 	ldp	x29, x30, [sp], #32
    400066e8:	d65f03c0 	ret
    400066ec:	a9be7bfd 	stp	x29, x30, [sp, #-32]!
    400066f0:	910003fd 	mov	x29, sp
    400066f4:	f9000bf3 	str	x19, [sp, #16]
    400066f8:	2a0103f3 	mov	w19, w1
    400066fc:	940002c7 	bl	40007218 <cspace_from_root>
    40006700:	b4fffee0 	cbz	x0, 400066dc <cap_get_object_type+0x14>
    40006704:	2a1303e1 	mov	w1, w19
    40006708:	940002b6 	bl	400071e0 <cspace_lookup>
    4000670c:	b4fffe80 	cbz	x0, 400066dc <cap_get_object_type+0x14>
    40006710:	b9400001 	ldr	w1, [x0]
    40006714:	7100043f 	cmp	w1, #0x1
    40006718:	54fffe21 	b.ne	400066dc <cap_get_object_type+0x14>  // b.any
    4000671c:	b9400400 	ldr	w0, [x0, #4]
    40006720:	17fffff0 	b	400066e0 <cap_get_object_type+0x18>

0000000040006724 <cap_badge_update>:
    40006724:	3100041f 	cmn	w0, #0x1
    40006728:	3a411824 	ccmn	w1, #0x1, #0x4, ne	// ne = any
    4000672c:	540000e1 	b.ne	40006748 <cap_badge_update+0x24>  // b.any
    40006730:	128002a0 	mov	w0, #0xffffffea            	// #-22
    40006734:	d65f03c0 	ret
    40006738:	128002a0 	mov	w0, #0xffffffea            	// #-22
    4000673c:	a94153f3 	ldp	x19, x20, [sp, #16]
    40006740:	a8c27bfd 	ldp	x29, x30, [sp], #32
    40006744:	d65f03c0 	ret
    40006748:	a9be7bfd 	stp	x29, x30, [sp, #-32]!
    4000674c:	910003fd 	mov	x29, sp
    40006750:	a90153f3 	stp	x19, x20, [sp, #16]
    40006754:	2a0103f3 	mov	w19, w1
    40006758:	12003c54 	and	w20, w2, #0xffff
    4000675c:	940002af 	bl	40007218 <cspace_from_root>
    40006760:	b4fffec0 	cbz	x0, 40006738 <cap_badge_update+0x14>
    40006764:	2a1303e1 	mov	w1, w19
    40006768:	9400029e 	bl	400071e0 <cspace_lookup>
    4000676c:	b4000140 	cbz	x0, 40006794 <cap_badge_update+0x70>
    40006770:	b9400001 	ldr	w1, [x0]
    40006774:	7100043f 	cmp	w1, #0x1
    40006778:	540000e1 	b.ne	40006794 <cap_badge_update+0x70>  // b.any
    4000677c:	39402001 	ldrb	w1, [x0, #8]
    40006780:	360800e1 	tbz	w1, #1, 4000679c <cap_badge_update+0x78>
    40006784:	79001414 	strh	w20, [x0, #10]
    40006788:	d5033abf 	dmb	ishst
    4000678c:	52800000 	mov	w0, #0x0                   	// #0
    40006790:	17ffffeb 	b	4000673c <cap_badge_update+0x18>
    40006794:	12800020 	mov	w0, #0xfffffffe            	// #-2
    40006798:	17ffffe9 	b	4000673c <cap_badge_update+0x18>
    4000679c:	12800180 	mov	w0, #0xfffffff3            	// #-13
    400067a0:	17ffffe7 	b	4000673c <cap_badge_update+0x18>

00000000400067a4 <cap_rights_derive_check>:
    400067a4:	3100041f 	cmn	w0, #0x1
    400067a8:	3a411824 	ccmn	w1, #0x1, #0x4, ne	// ne = any
    400067ac:	540000e1 	b.ne	400067c8 <cap_rights_derive_check+0x24>  // b.any
    400067b0:	128002a0 	mov	w0, #0xffffffea            	// #-22
    400067b4:	d65f03c0 	ret
    400067b8:	128002a0 	mov	w0, #0xffffffea            	// #-22
    400067bc:	a94153f3 	ldp	x19, x20, [sp, #16]
    400067c0:	a8c27bfd 	ldp	x29, x30, [sp], #32
    400067c4:	d65f03c0 	ret
    400067c8:	a9be7bfd 	stp	x29, x30, [sp, #-32]!
    400067cc:	910003fd 	mov	x29, sp
    400067d0:	a90153f3 	stp	x19, x20, [sp, #16]
    400067d4:	2a0103f3 	mov	w19, w1
    400067d8:	12001c54 	and	w20, w2, #0xff
    400067dc:	9400028f 	bl	40007218 <cspace_from_root>
    400067e0:	b4fffec0 	cbz	x0, 400067b8 <cap_rights_derive_check+0x14>
    400067e4:	2a1303e1 	mov	w1, w19
    400067e8:	9400027e 	bl	400071e0 <cspace_lookup>
    400067ec:	b4000140 	cbz	x0, 40006814 <cap_rights_derive_check+0x70>
    400067f0:	b9400001 	ldr	w1, [x0]
    400067f4:	7100043f 	cmp	w1, #0x1
    400067f8:	540000e1 	b.ne	40006814 <cap_rights_derive_check+0x70>  // b.any
    400067fc:	39402000 	ldrb	w0, [x0, #8]
    40006800:	361800e0 	tbz	w0, #3, 4000681c <cap_rights_derive_check+0x78>
    40006804:	6a20029f 	bics	wzr, w20, w0
    40006808:	12800180 	mov	w0, #0xfffffff3            	// #-13
    4000680c:	1a9f1000 	csel	w0, w0, wzr, ne	// ne = any
    40006810:	17ffffeb 	b	400067bc <cap_rights_derive_check+0x18>
    40006814:	12800020 	mov	w0, #0xfffffffe            	// #-2
    40006818:	17ffffe9 	b	400067bc <cap_rights_derive_check+0x18>
    4000681c:	12800180 	mov	w0, #0xfffffff3            	// #-13
    40006820:	17ffffe7 	b	400067bc <cap_rights_derive_check+0x18>

0000000040006824 <cap_mint>:
    40006824:	3100041f 	cmn	w0, #0x1
    40006828:	54000121 	b.ne	4000684c <cap_mint+0x28>  // b.any
    4000682c:	128002a0 	mov	w0, #0xffffffea            	// #-22
    40006830:	d65f03c0 	ret
    40006834:	128002a0 	mov	w0, #0xffffffea            	// #-22
    40006838:	a94153f3 	ldp	x19, x20, [sp, #16]
    4000683c:	a9425bf5 	ldp	x21, x22, [sp, #32]
    40006840:	a94363f7 	ldp	x23, x24, [sp, #48]
    40006844:	a8c47bfd 	ldp	x29, x30, [sp], #64
    40006848:	d65f03c0 	ret
    4000684c:	a9bc7bfd 	stp	x29, x30, [sp, #-64]!
    40006850:	910003fd 	mov	x29, sp
    40006854:	a90153f3 	stp	x19, x20, [sp, #16]
    40006858:	2a0103f4 	mov	w20, w1
    4000685c:	a9025bf5 	stp	x21, x22, [sp, #32]
    40006860:	a90363f7 	stp	x23, x24, [sp, #48]
    40006864:	3100043f 	cmn	w1, #0x1
    40006868:	54fffe60 	b.eq	40006834 <cap_mint+0x10>  // b.none
    4000686c:	2a0203f5 	mov	w21, w2
    40006870:	7100245f 	cmp	w2, #0x9
    40006874:	54fffe08 	b.hi	40006834 <cap_mint+0x10>  // b.pmore
    40006878:	2a0303f6 	mov	w22, w3
    4000687c:	12001c97 	and	w23, w4, #0xff
    40006880:	12003cb8 	and	w24, w5, #0xffff
    40006884:	94000265 	bl	40007218 <cspace_from_root>
    40006888:	aa0003f3 	mov	x19, x0
    4000688c:	b4fffd40 	cbz	x0, 40006834 <cap_mint+0x10>
    40006890:	b9405001 	ldr	w1, [x0, #80]
    40006894:	94000253 	bl	400071e0 <cspace_lookup>
    40006898:	b4000240 	cbz	x0, 400068e0 <cap_mint+0xbc>
    4000689c:	39402001 	ldrb	w1, [x0, #8]
    400068a0:	52800140 	mov	w0, #0xa                   	// #10
    400068a4:	0a010000 	and	w0, w0, w1
    400068a8:	7100281f 	cmp	w0, #0xa
    400068ac:	540001e1 	b.ne	400068e8 <cap_mint+0xc4>  // b.any
    400068b0:	2a1803e5 	mov	w5, w24
    400068b4:	2a1703e4 	mov	w4, w23
    400068b8:	a94363f7 	ldp	x23, x24, [sp, #48]
    400068bc:	2a1603e3 	mov	w3, w22
    400068c0:	2a1503e2 	mov	w2, w21
    400068c4:	2a1403e1 	mov	w1, w20
    400068c8:	a9425bf5 	ldp	x21, x22, [sp, #32]
    400068cc:	aa1303e0 	mov	x0, x19
    400068d0:	a94153f3 	ldp	x19, x20, [sp, #16]
    400068d4:	12800006 	mov	w6, #0xffffffff            	// #-1
    400068d8:	a8c47bfd 	ldp	x29, x30, [sp], #64
    400068dc:	140001f3 	b	400070a8 <cspace_insert_cap>
    400068e0:	12800020 	mov	w0, #0xfffffffe            	// #-2
    400068e4:	17ffffd5 	b	40006838 <cap_mint+0x14>
    400068e8:	12800180 	mov	w0, #0xfffffff3            	// #-13
    400068ec:	17ffffd3 	b	40006838 <cap_mint+0x14>

00000000400068f0 <cap_derive>:
    400068f0:	3100041f 	cmn	w0, #0x1
    400068f4:	3a411824 	ccmn	w1, #0x1, #0x4, ne	// ne = any
    400068f8:	54000121 	b.ne	4000691c <cap_derive+0x2c>  // b.any
    400068fc:	128002a0 	mov	w0, #0xffffffea            	// #-22
    40006900:	d65f03c0 	ret
    40006904:	128002a0 	mov	w0, #0xffffffea            	// #-22
    40006908:	a94153f3 	ldp	x19, x20, [sp, #16]
    4000690c:	a9425bf5 	ldp	x21, x22, [sp, #32]
    40006910:	a94363f7 	ldp	x23, x24, [sp, #48]
    40006914:	a8c47bfd 	ldp	x29, x30, [sp], #64
    40006918:	d65f03c0 	ret
    4000691c:	a9bc7bfd 	stp	x29, x30, [sp, #-64]!
    40006920:	3100045f 	cmn	w2, #0x1
    40006924:	3a411864 	ccmn	w3, #0x1, #0x4, ne	// ne = any
    40006928:	910003fd 	mov	x29, sp
    4000692c:	a90153f3 	stp	x19, x20, [sp, #16]
    40006930:	2a0203f4 	mov	w20, w2
    40006934:	a9025bf5 	stp	x21, x22, [sp, #32]
    40006938:	2a0303f5 	mov	w21, w3
    4000693c:	a90363f7 	stp	x23, x24, [sp, #48]
    40006940:	54fffe20 	b.eq	40006904 <cap_derive+0x14>  // b.none
    40006944:	2a0103f3 	mov	w19, w1
    40006948:	12001c97 	and	w23, w4, #0xff
    4000694c:	12003cb8 	and	w24, w5, #0xffff
    40006950:	94000232 	bl	40007218 <cspace_from_root>
    40006954:	aa0003f6 	mov	x22, x0
    40006958:	b4fffd60 	cbz	x0, 40006904 <cap_derive+0x14>
    4000695c:	2a1403e0 	mov	w0, w20
    40006960:	9400022e 	bl	40007218 <cspace_from_root>
    40006964:	aa0003f4 	mov	x20, x0
    40006968:	b4fffce0 	cbz	x0, 40006904 <cap_derive+0x14>
    4000696c:	2a1303e1 	mov	w1, w19
    40006970:	aa1603e0 	mov	x0, x22
    40006974:	9400021b 	bl	400071e0 <cspace_lookup>
    40006978:	b40002c0 	cbz	x0, 400069d0 <cap_derive+0xe0>
    4000697c:	b9400001 	ldr	w1, [x0]
    40006980:	7100043f 	cmp	w1, #0x1
    40006984:	54000261 	b.ne	400069d0 <cap_derive+0xe0>  // b.any
    40006988:	39402001 	ldrb	w1, [x0, #8]
    4000698c:	36180261 	tbz	w1, #3, 400069d8 <cap_derive+0xe8>
    40006990:	0a170024 	and	w4, w1, w23
    40006994:	6a2102ff 	bics	wzr, w23, w1
    40006998:	54000201 	b.ne	400069d8 <cap_derive+0xe8>  // b.any
    4000699c:	6b04003f 	cmp	w1, w4
    400069a0:	54fffb20 	b.eq	40006904 <cap_derive+0x14>  // b.none
    400069a4:	b9400402 	ldr	w2, [x0, #4]
    400069a8:	2a1303e6 	mov	w6, w19
    400069ac:	b9400c03 	ldr	w3, [x0, #12]
    400069b0:	2a1803e5 	mov	w5, w24
    400069b4:	a94363f7 	ldp	x23, x24, [sp, #48]
    400069b8:	2a1503e1 	mov	w1, w21
    400069bc:	a9425bf5 	ldp	x21, x22, [sp, #32]
    400069c0:	aa1403e0 	mov	x0, x20
    400069c4:	a94153f3 	ldp	x19, x20, [sp, #16]
    400069c8:	a8c47bfd 	ldp	x29, x30, [sp], #64
    400069cc:	140001b7 	b	400070a8 <cspace_insert_cap>
    400069d0:	12800020 	mov	w0, #0xfffffffe            	// #-2
    400069d4:	17ffffcd 	b	40006908 <cap_derive+0x18>
    400069d8:	12800180 	mov	w0, #0xfffffff3            	// #-13
    400069dc:	17ffffcb 	b	40006908 <cap_derive+0x18>

00000000400069e0 <cap_get_info>:
    400069e0:	b50000e2 	cbnz	x2, 400069fc <cap_get_info+0x1c>
    400069e4:	128002a0 	mov	w0, #0xffffffea            	// #-22
    400069e8:	d65f03c0 	ret
    400069ec:	128002a0 	mov	w0, #0xffffffea            	// #-22
    400069f0:	a94153f3 	ldp	x19, x20, [sp, #16]
    400069f4:	a8c27bfd 	ldp	x29, x30, [sp], #32
    400069f8:	d65f03c0 	ret
    400069fc:	a9be7bfd 	stp	x29, x30, [sp, #-32]!
    40006a00:	3100041f 	cmn	w0, #0x1
    40006a04:	3a411824 	ccmn	w1, #0x1, #0x4, ne	// ne = any
    40006a08:	910003fd 	mov	x29, sp
    40006a0c:	a90153f3 	stp	x19, x20, [sp, #16]
    40006a10:	2a0103f4 	mov	w20, w1
    40006a14:	54fffec0 	b.eq	400069ec <cap_get_info+0xc>  // b.none
    40006a18:	aa0203f3 	mov	x19, x2
    40006a1c:	940001ff 	bl	40007218 <cspace_from_root>
    40006a20:	b4fffe60 	cbz	x0, 400069ec <cap_get_info+0xc>
    40006a24:	2a1403e1 	mov	w1, w20
    40006a28:	940001ee 	bl	400071e0 <cspace_lookup>
    40006a2c:	b40002c0 	cbz	x0, 40006a84 <cap_get_info+0xa4>
    40006a30:	b9400401 	ldr	w1, [x0, #4]
    40006a34:	aa0003e2 	mov	x2, x0
    40006a38:	b9000261 	str	w1, [x19]
    40006a3c:	39402001 	ldrb	w1, [x0, #8]
    40006a40:	39001261 	strb	w1, [x19, #4]
    40006a44:	79401401 	ldrh	w1, [x0, #10]
    40006a48:	79000e61 	strh	w1, [x19, #6]
    40006a4c:	b9400c01 	ldr	w1, [x0, #12]
    40006a50:	b9000a61 	str	w1, [x19, #8]
    40006a54:	b8418441 	ldr	w1, [x2], #24
    40006a58:	b9000e61 	str	w1, [x19, #12]
    40006a5c:	f9400c01 	ldr	x1, [x0, #24]
    40006a60:	52800000 	mov	w0, #0x0                   	// #0
    40006a64:	eb01005f 	cmp	x2, x1
    40006a68:	54000081 	b.ne	40006a78 <cap_get_info+0x98>  // b.any
    40006a6c:	b9001260 	str	w0, [x19, #16]
    40006a70:	52800000 	mov	w0, #0x0                   	// #0
    40006a74:	17ffffdf 	b	400069f0 <cap_get_info+0x10>
    40006a78:	f9400021 	ldr	x1, [x1]
    40006a7c:	11000400 	add	w0, w0, #0x1
    40006a80:	17fffff9 	b	40006a64 <cap_get_info+0x84>
    40006a84:	12800020 	mov	w0, #0xfffffffe            	// #-2
    40006a88:	17ffffda 	b	400069f0 <cap_get_info+0x10>
    40006a8c:	00000000 	udf	#0

0000000040006a90 <INIT_LIST_HEAD>:
    40006a90:	a9000000 	stp	x0, x0, [x0]
    40006a94:	d65f03c0 	ret

0000000040006a98 <list_del>:
    40006a98:	a9400402 	ldp	x2, x1, [x0]
    40006a9c:	f100003f 	cmp	x1, #0x0
    40006aa0:	fa401844 	ccmp	x2, #0x0, #0x4, ne	// ne = any
    40006aa4:	54000060 	b.eq	40006ab0 <list_del+0x18>  // b.none
    40006aa8:	f9000441 	str	x1, [x2, #8]
    40006aac:	f9000022 	str	x2, [x1]
    40006ab0:	a9007c1f 	stp	xzr, xzr, [x0]
    40006ab4:	d65f03c0 	ret

0000000040006ab8 <cspace_pool_free>:
    40006ab8:	b40003a0 	cbz	x0, 40006b2c <cspace_pool_free+0x74>
    40006abc:	a9be7bfd 	stp	x29, x30, [sp, #-32]!
    40006ac0:	90000001 	adrp	x1, 40006000 <ipc_notification_signal+0x48>
    40006ac4:	910003fd 	mov	x29, sp
    40006ac8:	a90153f3 	stp	x19, x20, [sp, #16]
    40006acc:	f9459834 	ldr	x20, [x1, #2864]
    40006ad0:	b9400281 	ldr	w1, [x20]
    40006ad4:	71007c3f 	cmp	w1, #0x1f
    40006ad8:	54000248 	b.hi	40006b20 <cspace_pool_free+0x68>  // b.pmore
    40006adc:	90000001 	adrp	x1, 40006000 <ipc_notification_signal+0x48>
    40006ae0:	f9459c21 	ldr	x1, [x1, #2872]
    40006ae4:	cb010013 	sub	x19, x0, x1
    40006ae8:	b204cfe1 	mov	x1, #0xf0f0f0f0f0f0f0f0    	// #-1085102592571150096
    40006aec:	f29e1e21 	movk	x1, #0xf0f1
    40006af0:	9343fe73 	asr	x19, x19, #3
    40006af4:	9b017e73 	mul	x19, x19, x1
    40006af8:	71007e7f 	cmp	w19, #0x1f
    40006afc:	54000128 	b.hi	40006b20 <cspace_pool_free+0x68>  // b.pmore
    40006b00:	52800001 	mov	w1, #0x0                   	// #0
    40006b04:	d2801102 	mov	x2, #0x88                  	// #136
    40006b08:	9400053d 	bl	40007ffc <kernel_memset>
    40006b0c:	aa1403e1 	mov	x1, x20
    40006b10:	b8404420 	ldr	w0, [x1], #4
    40006b14:	b8205833 	str	w19, [x1, w0, uxtw #2]
    40006b18:	11000400 	add	w0, w0, #0x1
    40006b1c:	b9000280 	str	w0, [x20]
    40006b20:	a94153f3 	ldp	x19, x20, [sp, #16]
    40006b24:	a8c27bfd 	ldp	x29, x30, [sp], #32
    40006b28:	d65f03c0 	ret
    40006b2c:	d65f03c0 	ret
    40006b30:	4003d3f8 	.word	0x4003d3f8
    40006b34:	00000000 	.word	0x00000000
    40006b38:	400ad490 	.word	0x400ad490
    40006b3c:	00000000 	.word	0x00000000

0000000040006b40 <cspace_subsys_init>:
    40006b40:	a9be7bfd 	stp	x29, x30, [sp, #-32]!
    40006b44:	90000000 	adrp	x0, 40006000 <ipc_notification_signal+0x48>
    40006b48:	910003fd 	mov	x29, sp
    40006b4c:	f9000bf3 	str	x19, [sp, #16]
    40006b50:	f945d813 	ldr	x19, [x0, #2992]
    40006b54:	91021260 	add	x0, x19, #0x84
    40006b58:	97fff61c 	bl	400043c8 <ticket_lock_init>
    40006b5c:	52800020 	mov	w0, #0x1                   	// #1
    40006b60:	b9009660 	str	w0, [x19, #148]
    40006b64:	52800400 	mov	w0, #0x20                  	// #32
    40006b68:	528003e2 	mov	w2, #0x1f                  	// #31
    40006b6c:	b8004660 	str	w0, [x19], #4
    40006b70:	d2800000 	mov	x0, #0x0                   	// #0
    40006b74:	4b000041 	sub	w1, w2, w0
    40006b78:	b8207a61 	str	w1, [x19, x0, lsl #2]
    40006b7c:	91000400 	add	x0, x0, #0x1
    40006b80:	f100801f 	cmp	x0, #0x20
    40006b84:	54ffff81 	b.ne	40006b74 <cspace_subsys_init+0x34>  // b.any
    40006b88:	90000000 	adrp	x0, 40006000 <ipc_notification_signal+0x48>
    40006b8c:	d2822002 	mov	x2, #0x1100                	// #4352
    40006b90:	52800001 	mov	w1, #0x0                   	// #0
    40006b94:	f945dc00 	ldr	x0, [x0, #3000]
    40006b98:	94000519 	bl	40007ffc <kernel_memset>
    40006b9c:	f9400bf3 	ldr	x19, [sp, #16]
    40006ba0:	52800000 	mov	w0, #0x0                   	// #0
    40006ba4:	a8c27bfd 	ldp	x29, x30, [sp], #32
    40006ba8:	d65f03c0 	ret
    40006bac:	d503201f 	nop
    40006bb0:	4003d3f8 	.word	0x4003d3f8
    40006bb4:	00000000 	.word	0x00000000
    40006bb8:	400ad490 	.word	0x400ad490
    40006bbc:	00000000 	.word	0x00000000

0000000040006bc0 <cspace_create>:
    40006bc0:	b40010e1 	cbz	x1, 40006ddc <cspace_create+0x21c>
    40006bc4:	a9ba7bfd 	stp	x29, x30, [sp, #-96]!
    40006bc8:	910003fd 	mov	x29, sp
    40006bcc:	a90153f3 	stp	x19, x20, [sp, #16]
    40006bd0:	a9025bf5 	stp	x21, x22, [sp, #32]
    40006bd4:	a90363f7 	stp	x23, x24, [sp, #48]
    40006bd8:	a9046bf9 	stp	x25, x26, [sp, #64]
    40006bdc:	2a0003f9 	mov	w25, w0
    40006be0:	51000400 	sub	w0, w0, #0x1
    40006be4:	f9002bfb 	str	x27, [sp, #80]
    40006be8:	7103fc1f 	cmp	w0, #0xff
    40006bec:	54000fc8 	b.hi	40006de4 <cspace_create+0x224>  // b.pmore
    40006bf0:	90000000 	adrp	x0, 40006000 <ipc_notification_signal+0x48>
    40006bf4:	aa0103f7 	mov	x23, x1
    40006bf8:	f946f813 	ldr	x19, [x0, #3568]
    40006bfc:	9102127a 	add	x26, x19, #0x84
    40006c00:	aa1a03e0 	mov	x0, x26
    40006c04:	97fff5f8 	bl	400043e4 <ticket_lock_acquire>
    40006c08:	b9400261 	ldr	w1, [x19]
    40006c0c:	34000ae1 	cbz	w1, 40006d68 <cspace_create+0x1a8>
    40006c10:	aa1303e0 	mov	x0, x19
    40006c14:	51000421 	sub	w1, w1, #0x1
    40006c18:	52801115 	mov	w21, #0x88                  	// #136
    40006c1c:	b940967b 	ldr	w27, [x19, #148]
    40006c20:	b8004401 	str	w1, [x0], #4
    40006c24:	b8615814 	ldr	w20, [x0, w1, uxtw #2]
    40006c28:	90000000 	adrp	x0, 40006000 <ipc_notification_signal+0x48>
    40006c2c:	f946fc16 	ldr	x22, [x0, #3576]
    40006c30:	11000760 	add	w0, w27, #0x1
    40006c34:	9bb57e95 	umull	x21, w20, w21
    40006c38:	b9009660 	str	w0, [x19, #148]
    40006c3c:	aa1a03e0 	mov	x0, x26
    40006c40:	97fff5fe 	bl	40004438 <ticket_lock_release>
    40006c44:	8b1602b8 	add	x24, x21, x22
    40006c48:	52800003 	mov	w3, #0x0                   	// #0
    40006c4c:	2a1b03e2 	mov	w2, w27
    40006c50:	aa1803e0 	mov	x0, x24
    40006c54:	52800061 	mov	w1, #0x3                   	// #3
    40006c58:	940001fe 	bl	40007450 <kobj_header_init>
    40006c5c:	9343fea0 	asr	x0, x21, #3
    40006c60:	b204cfe1 	mov	x1, #0xf0f0f0f0f0f0f0f0    	// #-1085102592571150096
    40006c64:	f29e1e21 	movk	x1, #0xf0f1
    40006c68:	2a1403f4 	mov	w20, w20
    40006c6c:	d2801113 	mov	x19, #0x88                  	// #136
    40006c70:	d2870002 	mov	x2, #0x3800                	// #14336
    40006c74:	1b017c00 	mul	w0, w0, w1
    40006c78:	90000001 	adrp	x1, 40006000 <ipc_notification_signal+0x48>
    40006c7c:	9b135a93 	madd	x19, x20, x19, x22
    40006c80:	f9470021 	ldr	x1, [x1, #3584]
    40006c84:	29097e79 	stp	w25, wzr, [x19, #72]
    40006c88:	9b020400 	madd	x0, x0, x2, x1
    40006c8c:	f9002260 	str	x0, [x19, #64]
    40006c90:	92800000 	mov	x0, #0xffffffffffffffff    	// #-1
    40006c94:	f9002a60 	str	x0, [x19, #80]
    40006c98:	910162a0 	add	x0, x21, #0x58
    40006c9c:	8b0002c0 	add	x0, x22, x0
    40006ca0:	97ffff7c 	bl	40006a90 <INIT_LIST_HEAD>
    40006ca4:	9101a2a0 	add	x0, x21, #0x68
    40006ca8:	8b0002c0 	add	x0, x22, x0
    40006cac:	97ffff79 	bl	40006a90 <INIT_LIST_HEAD>
    40006cb0:	9101e2a0 	add	x0, x21, #0x78
    40006cb4:	52800715 	mov	w21, #0x38                  	// #56
    40006cb8:	8b0002c0 	add	x0, x22, x0
    40006cbc:	97fff5c3 	bl	400043c8 <ticket_lock_init>
    40006cc0:	b9404a62 	ldr	w2, [x19, #72]
    40006cc4:	52800001 	mov	w1, #0x0                   	// #0
    40006cc8:	f9402260 	ldr	x0, [x19, #64]
    40006ccc:	9bb57c42 	umull	x2, w2, w21
    40006cd0:	940004cb 	bl	40007ffc <kernel_memset>
    40006cd4:	52800001 	mov	w1, #0x0                   	// #0
    40006cd8:	b9404a62 	ldr	w2, [x19, #72]
    40006cdc:	6b02003f 	cmp	w1, w2
    40006ce0:	54000583 	b.cc	40006d90 <cspace_create+0x1d0>  // b.lo, b.ul, b.last
    40006ce4:	d2801104 	mov	x4, #0x88                  	// #136
    40006ce8:	d2800703 	mov	x3, #0x38                  	// #56
    40006cec:	2a0303e5 	mov	w5, w3
    40006cf0:	52800021 	mov	w1, #0x1                   	// #1
    40006cf4:	9b045a84 	madd	x4, x20, x4, x22
    40006cf8:	6b01005f 	cmp	w2, w1
    40006cfc:	540005e8 	b.hi	40006db8 <cspace_create+0x1f8>  // b.pmore
    40006d00:	7100085f 	cmp	w2, #0x2
    40006d04:	d2801102 	mov	x2, #0x88                  	// #136
    40006d08:	52800021 	mov	w1, #0x1                   	// #1
    40006d0c:	5a812420 	cneg	w0, w1, cc	// cc = lo, ul, last
    40006d10:	9b025a82 	madd	x2, x20, x2, x22
    40006d14:	f9402043 	ldr	x3, [x2, #64]
    40006d18:	b9005440 	str	w0, [x2, #84]
    40006d1c:	d2800020 	mov	x0, #0x1                   	// #1
    40006d20:	f2c00060 	movk	x0, #0x3, lsl #32
    40006d24:	f9000060 	str	x0, [x3]
    40006d28:	528003e0 	mov	w0, #0x1f                  	// #31
    40006d2c:	39002060 	strb	w0, [x3, #8]
    40006d30:	7900147f 	strh	wzr, [x3, #10]
    40006d34:	b9400440 	ldr	w0, [x2, #4]
    40006d38:	b9000c60 	str	w0, [x3, #12]
    40006d3c:	b2407fe0 	mov	x0, #0xffffffff            	// #4294967295
    40006d40:	f9000860 	str	x0, [x3, #16]
    40006d44:	91006060 	add	x0, x3, #0x18
    40006d48:	97ffff52 	bl	40006a90 <INIT_LIST_HEAD>
    40006d4c:	9100a060 	add	x0, x3, #0x28
    40006d50:	97ffff50 	bl	40006a90 <INIT_LIST_HEAD>
    40006d54:	2909fc41 	stp	w1, wzr, [x2, #76]
    40006d58:	d5033abf 	dmb	ishst
    40006d5c:	52800000 	mov	w0, #0x0                   	// #0
    40006d60:	f90002f8 	str	x24, [x23]
    40006d64:	14000004 	b	40006d74 <cspace_create+0x1b4>
    40006d68:	aa1a03e0 	mov	x0, x26
    40006d6c:	97fff5b3 	bl	40004438 <ticket_lock_release>
    40006d70:	12800160 	mov	w0, #0xfffffff4            	// #-12
    40006d74:	a94153f3 	ldp	x19, x20, [sp, #16]
    40006d78:	a9425bf5 	ldp	x21, x22, [sp, #32]
    40006d7c:	a94363f7 	ldp	x23, x24, [sp, #48]
    40006d80:	a9446bf9 	ldp	x25, x26, [sp, #64]
    40006d84:	f9402bfb 	ldr	x27, [sp, #80]
    40006d88:	a8c67bfd 	ldp	x29, x30, [sp], #96
    40006d8c:	d65f03c0 	ret
    40006d90:	f9402263 	ldr	x3, [x19, #64]
    40006d94:	9bb57c20 	umull	x0, w1, w21
    40006d98:	11000421 	add	w1, w1, #0x1
    40006d9c:	8b000062 	add	x2, x3, x0
    40006da0:	b820687f 	str	wzr, [x3, x0]
    40006da4:	91006040 	add	x0, x2, #0x18
    40006da8:	97ffff3a 	bl	40006a90 <INIT_LIST_HEAD>
    40006dac:	9100a040 	add	x0, x2, #0x28
    40006db0:	97ffff38 	bl	40006a90 <INIT_LIST_HEAD>
    40006db4:	17ffffc9 	b	40006cd8 <cspace_create+0x118>
    40006db8:	f9402080 	ldr	x0, [x4, #64]
    40006dbc:	11000421 	add	w1, w1, #0x1
    40006dc0:	6b01005f 	cmp	w2, w1
    40006dc4:	8b030006 	add	x6, x0, x3
    40006dc8:	9100e063 	add	x3, x3, #0x38
    40006dcc:	9ba50020 	umaddl	x0, w1, w5, x0
    40006dd0:	9a9f8000 	csel	x0, x0, xzr, hi	// hi = pmore
    40006dd4:	f90014c0 	str	x0, [x6, #40]
    40006dd8:	17ffffc8 	b	40006cf8 <cspace_create+0x138>
    40006ddc:	128002a0 	mov	w0, #0xffffffea            	// #-22
    40006de0:	d65f03c0 	ret
    40006de4:	128002a0 	mov	w0, #0xffffffea            	// #-22
    40006de8:	17ffffe3 	b	40006d74 <cspace_create+0x1b4>
    40006dec:	d503201f 	nop
    40006df0:	4003d3f8 	.word	0x4003d3f8
    40006df4:	00000000 	.word	0x00000000
    40006df8:	400ad490 	.word	0x400ad490
    40006dfc:	00000000 	.word	0x00000000
    40006e00:	4003d490 	.word	0x4003d490
    40006e04:	00000000 	.word	0x00000000

0000000040006e08 <cspace_destroy>:
    40006e08:	b4000620 	cbz	x0, 40006ecc <cspace_destroy+0xc4>
    40006e0c:	a9be7bfd 	stp	x29, x30, [sp, #-32]!
    40006e10:	910003fd 	mov	x29, sp
    40006e14:	a90153f3 	stp	x19, x20, [sp, #16]
    40006e18:	9101e014 	add	x20, x0, #0x78
    40006e1c:	aa0003f3 	mov	x19, x0
    40006e20:	aa1403e0 	mov	x0, x20
    40006e24:	97fff570 	bl	400043e4 <ticket_lock_acquire>
    40006e28:	52800003 	mov	w3, #0x0                   	// #0
    40006e2c:	52800707 	mov	w7, #0x38                  	// #56
    40006e30:	b9404a60 	ldr	w0, [x19, #72]
    40006e34:	6b03001f 	cmp	w0, w3
    40006e38:	540002a8 	b.hi	40006e8c <cspace_destroy+0x84>  // b.pmore
    40006e3c:	92800000 	mov	x0, #0xffffffffffffffff    	// #-1
    40006e40:	b9004e7f 	str	wzr, [x19, #76]
    40006e44:	f9002a60 	str	x0, [x19, #80]
    40006e48:	9101a260 	add	x0, x19, #0x68
    40006e4c:	97ffff13 	bl	40006a98 <list_del>
    40006e50:	91016260 	add	x0, x19, #0x58
    40006e54:	97ffff0f 	bl	40006a90 <INIT_LIST_HEAD>
    40006e58:	aa1403e0 	mov	x0, x20
    40006e5c:	97fff577 	bl	40004438 <ticket_lock_release>
    40006e60:	90000000 	adrp	x0, 40006000 <ipc_notification_signal+0x48>
    40006e64:	f9476814 	ldr	x20, [x0, #3792]
    40006e68:	91021294 	add	x20, x20, #0x84
    40006e6c:	aa1403e0 	mov	x0, x20
    40006e70:	97fff55d 	bl	400043e4 <ticket_lock_acquire>
    40006e74:	aa1303e0 	mov	x0, x19
    40006e78:	97ffff10 	bl	40006ab8 <cspace_pool_free>
    40006e7c:	aa1403e0 	mov	x0, x20
    40006e80:	a94153f3 	ldp	x19, x20, [sp, #16]
    40006e84:	a8c27bfd 	ldp	x29, x30, [sp], #32
    40006e88:	17fff56c 	b	40004438 <ticket_lock_release>
    40006e8c:	f9402265 	ldr	x5, [x19, #64]
    40006e90:	9ba77c64 	umull	x4, w3, w7
    40006e94:	8b0400a6 	add	x6, x5, x4
    40006e98:	b86468a0 	ldr	w0, [x5, x4]
    40006e9c:	7100041f 	cmp	w0, #0x1
    40006ea0:	54000121 	b.ne	40006ec4 <cspace_destroy+0xbc>  // b.any
    40006ea4:	b94010c0 	ldr	w0, [x6, #16]
    40006ea8:	3100041f 	cmn	w0, #0x1
    40006eac:	54000060 	b.eq	40006eb8 <cspace_destroy+0xb0>  // b.none
    40006eb0:	9100a0c0 	add	x0, x6, #0x28
    40006eb4:	97fffef9 	bl	40006a98 <list_del>
    40006eb8:	910060c0 	add	x0, x6, #0x18
    40006ebc:	97fffef5 	bl	40006a90 <INIT_LIST_HEAD>
    40006ec0:	b82468bf 	str	wzr, [x5, x4]
    40006ec4:	11000463 	add	w3, w3, #0x1
    40006ec8:	17ffffda 	b	40006e30 <cspace_destroy+0x28>
    40006ecc:	d65f03c0 	ret
    40006ed0:	4003d3f8 	.word	0x4003d3f8
    40006ed4:	00000000 	.word	0x00000000

0000000040006ed8 <cspace_alloc_slot>:
    40006ed8:	f100001f 	cmp	x0, #0x0
    40006edc:	fa401824 	ccmp	x1, #0x0, #0x4, ne	// ne = any
    40006ee0:	540006a0 	b.eq	40006fb4 <cspace_alloc_slot+0xdc>  // b.none
    40006ee4:	a9bb7bfd 	stp	x29, x30, [sp, #-80]!
    40006ee8:	910003fd 	mov	x29, sp
    40006eec:	a90153f3 	stp	x19, x20, [sp, #16]
    40006ef0:	aa0003f4 	mov	x20, x0
    40006ef4:	a90363f7 	stp	x23, x24, [sp, #48]
    40006ef8:	9101e017 	add	x23, x0, #0x78
    40006efc:	aa1703e0 	mov	x0, x23
    40006f00:	a9025bf5 	stp	x21, x22, [sp, #32]
    40006f04:	aa0103f5 	mov	x21, x1
    40006f08:	f90023f9 	str	x25, [sp, #64]
    40006f0c:	97fff536 	bl	400043e4 <ticket_lock_acquire>
    40006f10:	b9405696 	ldr	w22, [x20, #84]
    40006f14:	310006df 	cmn	w22, #0x1
    40006f18:	54000141 	b.ne	40006f40 <cspace_alloc_slot+0x68>  // b.any
    40006f1c:	aa1703e0 	mov	x0, x23
    40006f20:	97fff546 	bl	40004438 <ticket_lock_release>
    40006f24:	12800160 	mov	w0, #0xfffffff4            	// #-12
    40006f28:	a94153f3 	ldp	x19, x20, [sp, #16]
    40006f2c:	a9425bf5 	ldp	x21, x22, [sp, #32]
    40006f30:	a94363f7 	ldp	x23, x24, [sp, #48]
    40006f34:	f94023f9 	ldr	x25, [sp, #64]
    40006f38:	a8c57bfd 	ldp	x29, x30, [sp], #80
    40006f3c:	d65f03c0 	ret
    40006f40:	52800700 	mov	w0, #0x38                  	// #56
    40006f44:	d28db6f9 	mov	x25, #0x6db7                	// #28087
    40006f48:	f9402298 	ldr	x24, [x20, #64]
    40006f4c:	9ba07ed6 	umull	x22, w22, w0
    40006f50:	f2b6db79 	movk	x25, #0xb6db, lsl #16
    40006f54:	d2800702 	mov	x2, #0x38                  	// #56
    40006f58:	8b160313 	add	x19, x24, x22
    40006f5c:	f2db6db9 	movk	x25, #0xdb6d, lsl #32
    40006f60:	f2edb6d9 	movk	x25, #0x6db6, lsl #48
    40006f64:	f9401661 	ldr	x1, [x19, #40]
    40006f68:	cb180020 	sub	x0, x1, x24
    40006f6c:	f100003f 	cmp	x1, #0x0
    40006f70:	52800001 	mov	w1, #0x0                   	// #0
    40006f74:	9343fc00 	asr	x0, x0, #3
    40006f78:	9b197c00 	mul	x0, x0, x25
    40006f7c:	5a9f1000 	csinv	w0, w0, wzr, ne	// ne = any
    40006f80:	b9005680 	str	w0, [x20, #84]
    40006f84:	aa1303e0 	mov	x0, x19
    40006f88:	9400041d 	bl	40007ffc <kernel_memset>
    40006f8c:	b8366b1f 	str	wzr, [x24, x22]
    40006f90:	aa1703e0 	mov	x0, x23
    40006f94:	97fff529 	bl	40004438 <ticket_lock_release>
    40006f98:	f9402280 	ldr	x0, [x20, #64]
    40006f9c:	cb000273 	sub	x19, x19, x0
    40006fa0:	52800000 	mov	w0, #0x0                   	// #0
    40006fa4:	9343fe73 	asr	x19, x19, #3
    40006fa8:	9b197e73 	mul	x19, x19, x25
    40006fac:	b90002b3 	str	w19, [x21]
    40006fb0:	17ffffde 	b	40006f28 <cspace_alloc_slot+0x50>
    40006fb4:	128002a0 	mov	w0, #0xffffffea            	// #-22
    40006fb8:	d65f03c0 	ret

0000000040006fbc <cspace_free_slot>:
    40006fbc:	b4000740 	cbz	x0, 400070a4 <cspace_free_slot+0xe8>
    40006fc0:	a9bc7bfd 	stp	x29, x30, [sp, #-64]!
    40006fc4:	910003fd 	mov	x29, sp
    40006fc8:	a90153f3 	stp	x19, x20, [sp, #16]
    40006fcc:	aa0003f3 	mov	x19, x0
    40006fd0:	b9404800 	ldr	w0, [x0, #72]
    40006fd4:	a9025bf5 	stp	x21, x22, [sp, #32]
    40006fd8:	2a0103f4 	mov	w20, w1
    40006fdc:	a90363f7 	stp	x23, x24, [sp, #48]
    40006fe0:	6b01001f 	cmp	w0, w1
    40006fe4:	54000569 	b.ls	40007090 <cspace_free_slot+0xd4>  // b.plast
    40006fe8:	52800716 	mov	w22, #0x38                  	// #56
    40006fec:	9101e277 	add	x23, x19, #0x78
    40006ff0:	aa1703e0 	mov	x0, x23
    40006ff4:	97fff4fc 	bl	400043e4 <ticket_lock_acquire>
    40006ff8:	f9402278 	ldr	x24, [x19, #64]
    40006ffc:	9bb67e96 	umull	x22, w20, w22
    40007000:	8b160315 	add	x21, x24, x22
    40007004:	b8766b00 	ldr	w0, [x24, x22]
    40007008:	350000e0 	cbnz	w0, 40007024 <cspace_free_slot+0x68>
    4000700c:	a94153f3 	ldp	x19, x20, [sp, #16]
    40007010:	aa1703e0 	mov	x0, x23
    40007014:	a9425bf5 	ldp	x21, x22, [sp, #32]
    40007018:	a94363f7 	ldp	x23, x24, [sp, #48]
    4000701c:	a8c47bfd 	ldp	x29, x30, [sp], #64
    40007020:	17fff506 	b	40004438 <ticket_lock_release>
    40007024:	b94012a0 	ldr	w0, [x21, #16]
    40007028:	3100041f 	cmn	w0, #0x1
    4000702c:	54000060 	b.eq	40007038 <cspace_free_slot+0x7c>  // b.none
    40007030:	9100a2a0 	add	x0, x21, #0x28
    40007034:	97fffe99 	bl	40006a98 <list_del>
    40007038:	910062a0 	add	x0, x21, #0x18
    4000703c:	d2800702 	mov	x2, #0x38                  	// #56
    40007040:	97fffe94 	bl	40006a90 <INIT_LIST_HEAD>
    40007044:	52800001 	mov	w1, #0x0                   	// #0
    40007048:	aa1503e0 	mov	x0, x21
    4000704c:	940003ec 	bl	40007ffc <kernel_memset>
    40007050:	b9405660 	ldr	w0, [x19, #84]
    40007054:	b8366b1f 	str	wzr, [x24, x22]
    40007058:	3100041f 	cmn	w0, #0x1
    4000705c:	54000160 	b.eq	40007088 <cspace_free_slot+0xcc>  // b.none
    40007060:	f9402261 	ldr	x1, [x19, #64]
    40007064:	52800702 	mov	w2, #0x38                  	// #56
    40007068:	9ba20400 	umaddl	x0, w0, w2, x1
    4000706c:	f90016a0 	str	x0, [x21, #40]
    40007070:	b9404e60 	ldr	w0, [x19, #76]
    40007074:	b9005674 	str	w20, [x19, #84]
    40007078:	34fffca0 	cbz	w0, 4000700c <cspace_free_slot+0x50>
    4000707c:	51000400 	sub	w0, w0, #0x1
    40007080:	b9004e60 	str	w0, [x19, #76]
    40007084:	17ffffe2 	b	4000700c <cspace_free_slot+0x50>
    40007088:	d2800000 	mov	x0, #0x0                   	// #0
    4000708c:	17fffff8 	b	4000706c <cspace_free_slot+0xb0>
    40007090:	a94153f3 	ldp	x19, x20, [sp, #16]
    40007094:	a9425bf5 	ldp	x21, x22, [sp, #32]
    40007098:	a94363f7 	ldp	x23, x24, [sp, #48]
    4000709c:	a8c47bfd 	ldp	x29, x30, [sp], #64
    400070a0:	d65f03c0 	ret
    400070a4:	d65f03c0 	ret

00000000400070a8 <cspace_insert_cap>:
    400070a8:	b4000980 	cbz	x0, 400071d8 <cspace_insert_cap+0x130>
    400070ac:	a9bb7bfd 	stp	x29, x30, [sp, #-80]!
    400070b0:	910003fd 	mov	x29, sp
    400070b4:	a90153f3 	stp	x19, x20, [sp, #16]
    400070b8:	aa0003f3 	mov	x19, x0
    400070bc:	b9404800 	ldr	w0, [x0, #72]
    400070c0:	a9025bf5 	stp	x21, x22, [sp, #32]
    400070c4:	2a0103f4 	mov	w20, w1
    400070c8:	a90363f7 	stp	x23, x24, [sp, #48]
    400070cc:	a9046bf9 	stp	x25, x26, [sp, #64]
    400070d0:	6b01001f 	cmp	w0, w1
    400070d4:	54000269 	b.ls	40007120 <cspace_insert_cap+0x78>  // b.plast
    400070d8:	2a0203f7 	mov	w23, w2
    400070dc:	7100245f 	cmp	w2, #0x9
    400070e0:	54000208 	b.hi	40007120 <cspace_insert_cap+0x78>  // b.pmore
    400070e4:	9101e276 	add	x22, x19, #0x78
    400070e8:	2a0603f5 	mov	w21, w6
    400070ec:	aa1603e0 	mov	x0, x22
    400070f0:	2a0303f8 	mov	w24, w3
    400070f4:	12001c9a 	and	w26, w4, #0xff
    400070f8:	12003cb9 	and	w25, w5, #0xffff
    400070fc:	97fff4ba 	bl	400043e4 <ticket_lock_acquire>
    40007100:	52800702 	mov	w2, #0x38                  	// #56
    40007104:	f9402266 	ldr	x6, [x19, #64]
    40007108:	9ba27e94 	umull	x20, w20, w2
    4000710c:	8b1400c7 	add	x7, x6, x20
    40007110:	b87468c0 	ldr	w0, [x6, x20]
    40007114:	34000140 	cbz	w0, 4000713c <cspace_insert_cap+0x94>
    40007118:	aa1603e0 	mov	x0, x22
    4000711c:	97fff4c7 	bl	40004438 <ticket_lock_release>
    40007120:	128002a0 	mov	w0, #0xffffffea            	// #-22
    40007124:	a94153f3 	ldp	x19, x20, [sp, #16]
    40007128:	a9425bf5 	ldp	x21, x22, [sp, #32]
    4000712c:	a94363f7 	ldp	x23, x24, [sp, #48]
    40007130:	a9446bf9 	ldp	x25, x26, [sp, #64]
    40007134:	a8c57bfd 	ldp	x29, x30, [sp], #80
    40007138:	d65f03c0 	ret
    4000713c:	52800020 	mov	w0, #0x1                   	// #1
    40007140:	b83468c0 	str	w0, [x6, x20]
    40007144:	390020fa 	strb	w26, [x7, #8]
    40007148:	790014f9 	strh	w25, [x7, #10]
    4000714c:	b9405260 	ldr	w0, [x19, #80]
    40007150:	b90004f7 	str	w23, [x7, #4]
    40007154:	2901d4f8 	stp	w24, w21, [x7, #12]
    40007158:	b90014e0 	str	w0, [x7, #20]
    4000715c:	910060e0 	add	x0, x7, #0x18
    40007160:	97fffe4c 	bl	40006a90 <INIT_LIST_HEAD>
    40007164:	9100a0e0 	add	x0, x7, #0x28
    40007168:	97fffe4a 	bl	40006a90 <INIT_LIST_HEAD>
    4000716c:	310006bf 	cmn	w21, #0x1
    40007170:	54000240 	b.eq	400071b8 <cspace_insert_cap+0x110>  // b.none
    40007174:	b9404a63 	ldr	w3, [x19, #72]
    40007178:	6b15007f 	cmp	w3, w21
    4000717c:	54000068 	b.hi	40007188 <cspace_insert_cap+0xe0>  // b.pmore
    40007180:	b83468df 	str	wzr, [x6, x20]
    40007184:	17ffffe5 	b	40007118 <cspace_insert_cap+0x70>
    40007188:	9ba27eb5 	umull	x21, w21, w2
    4000718c:	8b1500c2 	add	x2, x6, x21
    40007190:	b87568c3 	ldr	w3, [x6, x21]
    40007194:	7100047f 	cmp	w3, #0x1
    40007198:	54ffff41 	b.ne	40007180 <cspace_insert_cap+0xd8>  // b.any
    4000719c:	91006041 	add	x1, x2, #0x18
    400071a0:	f9401042 	ldr	x2, [x2, #32]
    400071a4:	b40000a2 	cbz	x2, 400071b8 <cspace_insert_cap+0x110>
    400071a8:	f9000420 	str	x0, [x1, #8]
    400071ac:	f90014e1 	str	x1, [x7, #40]
    400071b0:	f9000402 	str	x2, [x0, #8]
    400071b4:	f9000040 	str	x0, [x2]
    400071b8:	b9404e60 	ldr	w0, [x19, #76]
    400071bc:	11000400 	add	w0, w0, #0x1
    400071c0:	b9004e60 	str	w0, [x19, #76]
    400071c4:	d5033abf 	dmb	ishst
    400071c8:	aa1603e0 	mov	x0, x22
    400071cc:	97fff49b 	bl	40004438 <ticket_lock_release>
    400071d0:	52800000 	mov	w0, #0x0                   	// #0
    400071d4:	17ffffd4 	b	40007124 <cspace_insert_cap+0x7c>
    400071d8:	128002a0 	mov	w0, #0xffffffea            	// #-22
    400071dc:	d65f03c0 	ret

00000000400071e0 <cspace_lookup>:
    400071e0:	b4000180 	cbz	x0, 40007210 <cspace_lookup+0x30>
    400071e4:	b9404802 	ldr	w2, [x0, #72]
    400071e8:	6b01005f 	cmp	w2, w1
    400071ec:	54000129 	b.ls	40007210 <cspace_lookup+0x30>  // b.plast
    400071f0:	52800702 	mov	w2, #0x38                  	// #56
    400071f4:	9ba27c21 	umull	x1, w1, w2
    400071f8:	f9402002 	ldr	x2, [x0, #64]
    400071fc:	8b010040 	add	x0, x2, x1
    40007200:	b8616841 	ldr	w1, [x2, x1]
    40007204:	7100043f 	cmp	w1, #0x1
    40007208:	9a9f0000 	csel	x0, x0, xzr, eq	// eq = none
    4000720c:	d65f03c0 	ret
    40007210:	d2800000 	mov	x0, #0x0                   	// #0
    40007214:	17fffffe 	b	4000720c <cspace_lookup+0x2c>

0000000040007218 <cspace_from_root>:
    40007218:	90000001 	adrp	x1, 40007000 <cspace_free_slot+0x44>
    4000721c:	f9413822 	ldr	x2, [x1, #624]
    40007220:	52800001 	mov	w1, #0x0                   	// #0
    40007224:	aa0203e3 	mov	x3, x2
    40007228:	b9400044 	ldr	w4, [x2]
    4000722c:	71000c9f 	cmp	w4, #0x3
    40007230:	540000c1 	b.ne	40007248 <cspace_from_root+0x30>  // b.any
    40007234:	b9400444 	ldr	w4, [x2, #4]
    40007238:	34000084 	cbz	w4, 40007248 <cspace_from_root+0x30>
    4000723c:	b9405044 	ldr	w4, [x2, #80]
    40007240:	6b00009f 	cmp	w4, w0
    40007244:	540000e0 	b.eq	40007260 <cspace_from_root+0x48>  // b.none
    40007248:	11000421 	add	w1, w1, #0x1
    4000724c:	91022042 	add	x2, x2, #0x88
    40007250:	7100803f 	cmp	w1, #0x20
    40007254:	54fffea1 	b.ne	40007228 <cspace_from_root+0x10>  // b.any
    40007258:	d2800000 	mov	x0, #0x0                   	// #0
    4000725c:	d65f03c0 	ret
    40007260:	52801100 	mov	w0, #0x88                  	// #136
    40007264:	9ba00c20 	umaddl	x0, w1, w0, x3
    40007268:	17fffffd 	b	4000725c <cspace_from_root+0x44>
    4000726c:	d503201f 	nop
    40007270:	400ad490 	.word	0x400ad490
    40007274:	00000000 	.word	0x00000000

0000000040007278 <cspace_get_current>:
    40007278:	d2800000 	mov	x0, #0x0                   	// #0
    4000727c:	d65f03c0 	ret

0000000040007280 <cspace_resize>:
    40007280:	b4000700 	cbz	x0, 40007360 <cspace_resize+0xe0>
    40007284:	a9bb7bfd 	stp	x29, x30, [sp, #-80]!
    40007288:	910003fd 	mov	x29, sp
    4000728c:	a90153f3 	stp	x19, x20, [sp, #16]
    40007290:	aa0003f3 	mov	x19, x0
    40007294:	b9404800 	ldr	w0, [x0, #72]
    40007298:	a9025bf5 	stp	x21, x22, [sp, #32]
    4000729c:	2a0103f4 	mov	w20, w1
    400072a0:	a90363f7 	stp	x23, x24, [sp, #48]
    400072a4:	a9046bf9 	stp	x25, x26, [sp, #64]
    400072a8:	6b01001f 	cmp	w0, w1
    400072ac:	540005e2 	b.cs	40007368 <cspace_resize+0xe8>  // b.hs, b.nlast
    400072b0:	7104003f 	cmp	w1, #0x100
    400072b4:	540005a8 	b.hi	40007368 <cspace_resize+0xe8>  // b.pmore
    400072b8:	9101e278 	add	x24, x19, #0x78
    400072bc:	52800719 	mov	w25, #0x38                  	// #56
    400072c0:	aa1803e0 	mov	x0, x24
    400072c4:	97fff448 	bl	400043e4 <ticket_lock_acquire>
    400072c8:	b9404a75 	ldr	w21, [x19, #72]
    400072cc:	9bb97eb6 	umull	x22, w21, w25
    400072d0:	6b1402bf 	cmp	w21, w20
    400072d4:	54000183 	b.cc	40007304 <cspace_resize+0x84>  // b.lo, b.ul, b.last
    400072d8:	b9004a74 	str	w20, [x19, #72]
    400072dc:	d5033abf 	dmb	ishst
    400072e0:	aa1803e0 	mov	x0, x24
    400072e4:	97fff455 	bl	40004438 <ticket_lock_release>
    400072e8:	52800000 	mov	w0, #0x0                   	// #0
    400072ec:	a94153f3 	ldp	x19, x20, [sp, #16]
    400072f0:	a9425bf5 	ldp	x21, x22, [sp, #32]
    400072f4:	a94363f7 	ldp	x23, x24, [sp, #48]
    400072f8:	a9446bf9 	ldp	x25, x26, [sp, #64]
    400072fc:	a8c57bfd 	ldp	x29, x30, [sp], #80
    40007300:	d65f03c0 	ret
    40007304:	f940227a 	ldr	x26, [x19, #64]
    40007308:	d2800702 	mov	x2, #0x38                  	// #56
    4000730c:	52800001 	mov	w1, #0x0                   	// #0
    40007310:	8b160357 	add	x23, x26, x22
    40007314:	aa1703e0 	mov	x0, x23
    40007318:	94000339 	bl	40007ffc <kernel_memset>
    4000731c:	b8366b5f 	str	wzr, [x26, x22]
    40007320:	910062e0 	add	x0, x23, #0x18
    40007324:	97fffddb 	bl	40006a90 <INIT_LIST_HEAD>
    40007328:	9100a2e0 	add	x0, x23, #0x28
    4000732c:	97fffdd9 	bl	40006a90 <INIT_LIST_HEAD>
    40007330:	b9405660 	ldr	w0, [x19, #84]
    40007334:	3100041f 	cmn	w0, #0x1
    40007338:	54000100 	b.eq	40007358 <cspace_resize+0xd8>  // b.none
    4000733c:	f9402261 	ldr	x1, [x19, #64]
    40007340:	9bb90400 	umaddl	x0, w0, w25, x1
    40007344:	f90016e0 	str	x0, [x23, #40]
    40007348:	9100e2d6 	add	x22, x22, #0x38
    4000734c:	b9005675 	str	w21, [x19, #84]
    40007350:	110006b5 	add	w21, w21, #0x1
    40007354:	17ffffdf 	b	400072d0 <cspace_resize+0x50>
    40007358:	d2800000 	mov	x0, #0x0                   	// #0
    4000735c:	17fffffa 	b	40007344 <cspace_resize+0xc4>
    40007360:	128002a0 	mov	w0, #0xffffffea            	// #-22
    40007364:	d65f03c0 	ret
    40007368:	128002a0 	mov	w0, #0xffffffea            	// #-22
    4000736c:	17ffffe0 	b	400072ec <cspace_resize+0x6c>

0000000040007370 <cspace_get_stats>:
    40007370:	b4000160 	cbz	x0, 4000739c <cspace_get_stats+0x2c>
    40007374:	b4000061 	cbz	x1, 40007380 <cspace_get_stats+0x10>
    40007378:	b9404804 	ldr	w4, [x0, #72]
    4000737c:	b9000024 	str	w4, [x1]
    40007380:	b4000062 	cbz	x2, 4000738c <cspace_get_stats+0x1c>
    40007384:	b9404c01 	ldr	w1, [x0, #76]
    40007388:	b9000041 	str	w1, [x2]
    4000738c:	b4000083 	cbz	x3, 4000739c <cspace_get_stats+0x2c>
    40007390:	29490001 	ldp	w1, w0, [x0, #72]
    40007394:	4b000020 	sub	w0, w1, w0
    40007398:	b9000060 	str	w0, [x3]
    4000739c:	d65f03c0 	ret

00000000400073a0 <list_del_init>:
    400073a0:	b4000100 	cbz	x0, 400073c0 <list_del_init+0x20>
    400073a4:	a9400402 	ldp	x2, x1, [x0]
    400073a8:	f100003f 	cmp	x1, #0x0
    400073ac:	fa401844 	ccmp	x2, #0x0, #0x4, ne	// ne = any
    400073b0:	54000060 	b.eq	400073bc <list_del_init+0x1c>  // b.none
    400073b4:	f9000441 	str	x1, [x2, #8]
    400073b8:	f9000022 	str	x2, [x1]
    400073bc:	a9000000 	stp	x0, x0, [x0]
    400073c0:	d65f03c0 	ret

00000000400073c4 <kobject_subsys_init>:
    400073c4:	a9bd7bfd 	stp	x29, x30, [sp, #-48]!
    400073c8:	90000000 	adrp	x0, 40007000 <cspace_free_slot+0x44>
    400073cc:	910003fd 	mov	x29, sp
    400073d0:	a90153f3 	stp	x19, x20, [sp, #16]
    400073d4:	f9422013 	ldr	x19, [x0, #1088]
    400073d8:	a9025bf5 	stp	x21, x22, [sp, #32]
    400073dc:	91005260 	add	x0, x19, #0x14
    400073e0:	9100a274 	add	x20, x19, #0x28
    400073e4:	a9004e73 	stp	x19, x19, [x19]
    400073e8:	b900127f 	str	wzr, [x19, #16]
    400073ec:	97fff3f7 	bl	400043c8 <ticket_lock_init>
    400073f0:	90000000 	adrp	x0, 40007000 <cspace_free_slot+0x44>
    400073f4:	91082273 	add	x19, x19, #0x208
    400073f8:	aa1303f6 	mov	x22, x19
    400073fc:	f9422415 	ldr	x21, [x0, #1096]
    40007400:	aa1303e4 	mov	x4, x19
    40007404:	aa1503e1 	mov	x1, x21
    40007408:	aa1403e0 	mov	x0, x20
    4000740c:	52800403 	mov	w3, #0x20                  	// #32
    40007410:	52801002 	mov	w2, #0x80                  	// #128
    40007414:	94000127 	bl	400078b0 <object_pool_init>
    40007418:	350000c0 	cbnz	w0, 40007430 <kobject_subsys_init+0x6c>
    4000741c:	9100c294 	add	x20, x20, #0x30
    40007420:	914006b5 	add	x21, x21, #0x1, lsl #12
    40007424:	91020273 	add	x19, x19, #0x80
    40007428:	eb16029f 	cmp	x20, x22
    4000742c:	54fffea1 	b.ne	40007400 <kobject_subsys_init+0x3c>  // b.any
    40007430:	a94153f3 	ldp	x19, x20, [sp, #16]
    40007434:	a9425bf5 	ldp	x21, x22, [sp, #32]
    40007438:	a8c37bfd 	ldp	x29, x30, [sp], #48
    4000743c:	d65f03c0 	ret
    40007440:	400ae590 	.word	0x400ae590
    40007444:	00000000 	.word	0x00000000
    40007448:	400aeca0 	.word	0x400aeca0
    4000744c:	00000000 	.word	0x00000000

0000000040007450 <kobj_header_init>:
    40007450:	b4000360 	cbz	x0, 400074bc <kobj_header_init+0x6c>
    40007454:	a9bd7bfd 	stp	x29, x30, [sp, #-48]!
    40007458:	910003fd 	mov	x29, sp
    4000745c:	a90153f3 	stp	x19, x20, [sp, #16]
    40007460:	aa0003f3 	mov	x19, x0
    40007464:	2a0303f4 	mov	w20, w3
    40007468:	a9025bf5 	stp	x21, x22, [sp, #32]
    4000746c:	2a0103f6 	mov	w22, w1
    40007470:	2a0203f5 	mov	w21, w2
    40007474:	52800001 	mov	w1, #0x0                   	// #0
    40007478:	d2800802 	mov	x2, #0x40                  	// #64
    4000747c:	940002e0 	bl	40007ffc <kernel_memset>
    40007480:	29005676 	stp	w22, w21, [x19]
    40007484:	52800020 	mov	w0, #0x1                   	// #1
    40007488:	b9000a60 	str	w0, [x19, #8]
    4000748c:	91004260 	add	x0, x19, #0x10
    40007490:	b9000e74 	str	w20, [x19, #12]
    40007494:	a9000000 	stp	x0, x0, [x0]
    40007498:	91008260 	add	x0, x19, #0x20
    4000749c:	9100c273 	add	x19, x19, #0x30
    400074a0:	a9000000 	stp	x0, x0, [x0]
    400074a4:	a9004e73 	stp	x19, x19, [x19]
    400074a8:	d5033fbf 	dmb	sy
    400074ac:	a94153f3 	ldp	x19, x20, [sp, #16]
    400074b0:	a9425bf5 	ldp	x21, x22, [sp, #32]
    400074b4:	a8c37bfd 	ldp	x29, x30, [sp], #48
    400074b8:	d65f03c0 	ret
    400074bc:	d65f03c0 	ret

00000000400074c0 <kobj_ref_inc>:
    400074c0:	b40000e0 	cbz	x0, 400074dc <kobj_ref_inc+0x1c>
    400074c4:	91002001 	add	x1, x0, #0x8
    400074c8:	885ffc20 	ldaxr	w0, [x1]
    400074cc:	11000400 	add	w0, w0, #0x1
    400074d0:	8802fc20 	stlxr	w2, w0, [x1]
    400074d4:	35ffffa2 	cbnz	w2, 400074c8 <kobj_ref_inc+0x8>
    400074d8:	d65f03c0 	ret
    400074dc:	52800000 	mov	w0, #0x0                   	// #0
    400074e0:	17fffffe 	b	400074d8 <kobj_ref_inc+0x18>

00000000400074e4 <kobj_ref_count>:
    400074e4:	b4000080 	cbz	x0, 400074f4 <kobj_ref_count+0x10>
    400074e8:	91002000 	add	x0, x0, #0x8
    400074ec:	88dffc00 	ldar	w0, [x0]
    400074f0:	d65f03c0 	ret
    400074f4:	52800000 	mov	w0, #0x0                   	// #0
    400074f8:	17fffffe 	b	400074f0 <kobj_ref_count+0xc>

00000000400074fc <kobj_add_child>:
    400074fc:	f100001f 	cmp	x0, #0x0
    40007500:	fa401824 	ccmp	x1, #0x0, #0x4, ne	// ne = any
    40007504:	54000320 	b.eq	40007568 <kobj_add_child+0x6c>  // b.none
    40007508:	a9bd7bfd 	stp	x29, x30, [sp, #-48]!
    4000750c:	910003fd 	mov	x29, sp
    40007510:	a90153f3 	stp	x19, x20, [sp, #16]
    40007514:	aa0003f3 	mov	x19, x0
    40007518:	90000000 	adrp	x0, 40007000 <cspace_free_slot+0x44>
    4000751c:	f90013f5 	str	x21, [sp, #32]
    40007520:	aa0103f4 	mov	x20, x1
    40007524:	f942b815 	ldr	x21, [x0, #1392]
    40007528:	91004273 	add	x19, x19, #0x10
    4000752c:	910052a0 	add	x0, x21, #0x14
    40007530:	97fff3ad 	bl	400043e4 <ticket_lock_acquire>
    40007534:	b85f4260 	ldur	w0, [x19, #-12]
    40007538:	b9000e80 	str	w0, [x20, #12]
    4000753c:	f9400660 	ldr	x0, [x19, #8]
    40007540:	b40000a0 	cbz	x0, 40007554 <kobj_add_child+0x58>
    40007544:	91008281 	add	x1, x20, #0x20
    40007548:	f9000661 	str	x1, [x19, #8]
    4000754c:	a9020293 	stp	x19, x0, [x20, #32]
    40007550:	f9000001 	str	x1, [x0]
    40007554:	a94153f3 	ldp	x19, x20, [sp, #16]
    40007558:	910052a0 	add	x0, x21, #0x14
    4000755c:	f94013f5 	ldr	x21, [sp, #32]
    40007560:	a8c37bfd 	ldp	x29, x30, [sp], #48
    40007564:	17fff3b5 	b	40004438 <ticket_lock_release>
    40007568:	d65f03c0 	ret
    4000756c:	d503201f 	nop
    40007570:	400ae590 	.word	0x400ae590
    40007574:	00000000 	.word	0x00000000

0000000040007578 <kobj_remove_child>:
    40007578:	f100001f 	cmp	x0, #0x0
    4000757c:	fa401824 	ccmp	x1, #0x0, #0x4, ne	// ne = any
    40007580:	54000220 	b.eq	400075c4 <kobj_remove_child+0x4c>  // b.none
    40007584:	a9be7bfd 	stp	x29, x30, [sp, #-32]!
    40007588:	90000000 	adrp	x0, 40007000 <cspace_free_slot+0x44>
    4000758c:	910003fd 	mov	x29, sp
    40007590:	a90153f3 	stp	x19, x20, [sp, #16]
    40007594:	aa0103f3 	mov	x19, x1
    40007598:	f942e414 	ldr	x20, [x0, #1480]
    4000759c:	91005294 	add	x20, x20, #0x14
    400075a0:	aa1403e0 	mov	x0, x20
    400075a4:	97fff390 	bl	400043e4 <ticket_lock_acquire>
    400075a8:	91008260 	add	x0, x19, #0x20
    400075ac:	97ffff7d 	bl	400073a0 <list_del_init>
    400075b0:	b9000e7f 	str	wzr, [x19, #12]
    400075b4:	aa1403e0 	mov	x0, x20
    400075b8:	a94153f3 	ldp	x19, x20, [sp, #16]
    400075bc:	a8c27bfd 	ldp	x29, x30, [sp], #32
    400075c0:	17fff39e 	b	40004438 <ticket_lock_release>
    400075c4:	d65f03c0 	ret
    400075c8:	400ae590 	.word	0x400ae590
    400075cc:	00000000 	.word	0x00000000

00000000400075d0 <kobj_destroy>:
    400075d0:	b4000740 	cbz	x0, 400076b8 <kobj_destroy+0xe8>
    400075d4:	a9bb7bfd 	stp	x29, x30, [sp, #-80]!
    400075d8:	910003fd 	mov	x29, sp
    400075dc:	a9025bf5 	stp	x21, x22, [sp, #32]
    400075e0:	b9400015 	ldr	w21, [x0]
    400075e4:	a90153f3 	stp	x19, x20, [sp, #16]
    400075e8:	aa0003f3 	mov	x19, x0
    400075ec:	a90363f7 	stp	x23, x24, [sp, #48]
    400075f0:	f90023f9 	str	x25, [sp, #64]
    400075f4:	710026bf 	cmp	w21, #0x9
    400075f8:	54000548 	b.hi	400076a0 <kobj_destroy+0xd0>  // b.pmore
    400075fc:	90000000 	adrp	x0, 40007000 <cspace_free_slot+0x44>
    40007600:	aa1303f6 	mov	x22, x19
    40007604:	f9436014 	ldr	x20, [x0, #1728]
    40007608:	91005298 	add	x24, x20, #0x14
    4000760c:	aa1803e0 	mov	x0, x24
    40007610:	97fff375 	bl	400043e4 <ticket_lock_acquire>
    40007614:	f8410ec0 	ldr	x0, [x22, #16]!
    40007618:	f9400017 	ldr	x23, [x0]
    4000761c:	eb16001f 	cmp	x0, x22
    40007620:	54000281 	b.ne	40007670 <kobj_destroy+0xa0>  // b.any
    40007624:	9100c260 	add	x0, x19, #0x30
    40007628:	97ffff5e 	bl	400073a0 <list_del_init>
    4000762c:	91005280 	add	x0, x20, #0x14
    40007630:	97fff382 	bl	40004438 <ticket_lock_release>
    40007634:	aa1303e0 	mov	x0, x19
    40007638:	9100a294 	add	x20, x20, #0x28
    4000763c:	2a1503f5 	mov	w21, w21
    40007640:	d2801002 	mov	x2, #0x80                  	// #128
    40007644:	52800001 	mov	w1, #0x0                   	// #0
    40007648:	9400026d 	bl	40007ffc <kernel_memset>
    4000764c:	d2800600 	mov	x0, #0x30                  	// #48
    40007650:	aa1303e1 	mov	x1, x19
    40007654:	a94363f7 	ldp	x23, x24, [sp, #48]
    40007658:	9b0052a0 	madd	x0, x21, x0, x20
    4000765c:	a94153f3 	ldp	x19, x20, [sp, #16]
    40007660:	a9425bf5 	ldp	x21, x22, [sp, #32]
    40007664:	f94023f9 	ldr	x25, [sp, #64]
    40007668:	a8c57bfd 	ldp	x29, x30, [sp], #80
    4000766c:	140000e3 	b	400079f8 <object_pool_free>
    40007670:	97ffff4c 	bl	400073a0 <list_del_init>
    40007674:	b81ec01f 	stur	wzr, [x0, #-20]
    40007678:	d1008019 	sub	x25, x0, #0x20
    4000767c:	aa1803e0 	mov	x0, x24
    40007680:	97fff36e 	bl	40004438 <ticket_lock_release>
    40007684:	aa1903e0 	mov	x0, x25
    40007688:	94000010 	bl	400076c8 <kobj_ref_dec>
    4000768c:	aa1803e0 	mov	x0, x24
    40007690:	97fff355 	bl	400043e4 <ticket_lock_acquire>
    40007694:	aa1703e0 	mov	x0, x23
    40007698:	f94002f7 	ldr	x23, [x23]
    4000769c:	17ffffe0 	b	4000761c <kobj_destroy+0x4c>
    400076a0:	a94153f3 	ldp	x19, x20, [sp, #16]
    400076a4:	a9425bf5 	ldp	x21, x22, [sp, #32]
    400076a8:	a94363f7 	ldp	x23, x24, [sp, #48]
    400076ac:	f94023f9 	ldr	x25, [sp, #64]
    400076b0:	a8c57bfd 	ldp	x29, x30, [sp], #80
    400076b4:	d65f03c0 	ret
    400076b8:	d65f03c0 	ret
    400076bc:	d503201f 	nop
    400076c0:	400ae590 	.word	0x400ae590
    400076c4:	00000000 	.word	0x00000000

00000000400076c8 <kobj_ref_dec>:
    400076c8:	a9be7bfd 	stp	x29, x30, [sp, #-32]!
    400076cc:	910003fd 	mov	x29, sp
    400076d0:	f9000bf3 	str	x19, [sp, #16]
    400076d4:	b40001a0 	cbz	x0, 40007708 <kobj_ref_dec+0x40>
    400076d8:	91002001 	add	x1, x0, #0x8
    400076dc:	885ffc33 	ldaxr	w19, [x1]
    400076e0:	51000673 	sub	w19, w19, #0x1
    400076e4:	8802fc33 	stlxr	w2, w19, [x1]
    400076e8:	35ffffa2 	cbnz	w2, 400076dc <kobj_ref_dec+0x14>
    400076ec:	7100027f 	cmp	w19, #0x0
    400076f0:	5400004c 	b.gt	400076f8 <kobj_ref_dec+0x30>
    400076f4:	97ffffb7 	bl	400075d0 <kobj_destroy>
    400076f8:	2a1303e0 	mov	w0, w19
    400076fc:	f9400bf3 	ldr	x19, [sp, #16]
    40007700:	a8c27bfd 	ldp	x29, x30, [sp], #32
    40007704:	d65f03c0 	ret
    40007708:	52800013 	mov	w19, #0x0                   	// #0
    4000770c:	17fffffb 	b	400076f8 <kobj_ref_dec+0x30>

0000000040007710 <kobj_find>:
    40007710:	a9bd7bfd 	stp	x29, x30, [sp, #-48]!
    40007714:	910003fd 	mov	x29, sp
    40007718:	a9025bf5 	stp	x21, x22, [sp, #32]
    4000771c:	2a0003f5 	mov	w21, w0
    40007720:	90000000 	adrp	x0, 40007000 <cspace_free_slot+0x44>
    40007724:	a90153f3 	stp	x19, x20, [sp, #16]
    40007728:	2a0103f6 	mov	w22, w1
    4000772c:	f943c414 	ldr	x20, [x0, #1928]
    40007730:	91005280 	add	x0, x20, #0x14
    40007734:	97fff32c 	bl	400043e4 <ticket_lock_acquire>
    40007738:	f9400282 	ldr	x2, [x20]
    4000773c:	eb14005f 	cmp	x2, x20
    40007740:	54000121 	b.ne	40007764 <kobj_find+0x54>  // b.any
    40007744:	d2800013 	mov	x19, #0x0                   	// #0
    40007748:	91005280 	add	x0, x20, #0x14
    4000774c:	97fff33b 	bl	40004438 <ticket_lock_release>
    40007750:	a9425bf5 	ldp	x21, x22, [sp, #32]
    40007754:	aa1303e0 	mov	x0, x19
    40007758:	a94153f3 	ldp	x19, x20, [sp, #16]
    4000775c:	a8c37bfd 	ldp	x29, x30, [sp], #48
    40007760:	d65f03c0 	ret
    40007764:	b85d0040 	ldur	w0, [x2, #-48]
    40007768:	d100c053 	sub	x19, x2, #0x30
    4000776c:	6b15001f 	cmp	w0, w21
    40007770:	54000081 	b.ne	40007780 <kobj_find+0x70>  // b.any
    40007774:	b9400660 	ldr	w0, [x19, #4]
    40007778:	6b16001f 	cmp	w0, w22
    4000777c:	54fffe60 	b.eq	40007748 <kobj_find+0x38>  // b.none
    40007780:	f9400042 	ldr	x2, [x2]
    40007784:	17ffffee 	b	4000773c <kobj_find+0x2c>
    40007788:	400ae590 	.word	0x400ae590
    4000778c:	00000000 	.word	0x00000000

0000000040007790 <kobj_check_type>:
    40007790:	b40000a0 	cbz	x0, 400077a4 <kobj_check_type+0x14>
    40007794:	b9400000 	ldr	w0, [x0]
    40007798:	6b01001f 	cmp	w0, w1
    4000779c:	1a9f17e0 	cset	w0, eq	// eq = none
    400077a0:	d65f03c0 	ret
    400077a4:	52800000 	mov	w0, #0x0                   	// #0
    400077a8:	17fffffe 	b	400077a0 <kobj_check_type+0x10>

00000000400077ac <kobj_enum_active>:
    400077ac:	b40003c1 	cbz	x1, 40007824 <kobj_enum_active+0x78>
    400077b0:	a9bd7bfd 	stp	x29, x30, [sp, #-48]!
    400077b4:	910003fd 	mov	x29, sp
    400077b8:	a90153f3 	stp	x19, x20, [sp, #16]
    400077bc:	2a0003f4 	mov	w20, w0
    400077c0:	90000000 	adrp	x0, 40007000 <cspace_free_slot+0x44>
    400077c4:	f90013f5 	str	x21, [sp, #32]
    400077c8:	aa0103f3 	mov	x19, x1
    400077cc:	f9441415 	ldr	x21, [x0, #2088]
    400077d0:	b900003f 	str	wzr, [x1]
    400077d4:	910052a0 	add	x0, x21, #0x14
    400077d8:	97fff303 	bl	400043e4 <ticket_lock_acquire>
    400077dc:	f94002a1 	ldr	x1, [x21]
    400077e0:	eb15003f 	cmp	x1, x21
    400077e4:	540000c1 	b.ne	400077fc <kobj_enum_active+0x50>  // b.any
    400077e8:	a94153f3 	ldp	x19, x20, [sp, #16]
    400077ec:	91005020 	add	x0, x1, #0x14
    400077f0:	f94013f5 	ldr	x21, [sp, #32]
    400077f4:	a8c37bfd 	ldp	x29, x30, [sp], #48
    400077f8:	17fff310 	b	40004438 <ticket_lock_release>
    400077fc:	71002a9f 	cmp	w20, #0xa
    40007800:	54000080 	b.eq	40007810 <kobj_enum_active+0x64>  // b.none
    40007804:	b85d0020 	ldur	w0, [x1, #-48]
    40007808:	6b14001f 	cmp	w0, w20
    4000780c:	54000081 	b.ne	4000781c <kobj_enum_active+0x70>  // b.any
    40007810:	b9400260 	ldr	w0, [x19]
    40007814:	11000400 	add	w0, w0, #0x1
    40007818:	b9000260 	str	w0, [x19]
    4000781c:	f9400021 	ldr	x1, [x1]
    40007820:	17fffff0 	b	400077e0 <kobj_enum_active+0x34>
    40007824:	d65f03c0 	ret
    40007828:	400ae590 	.word	0x400ae590
    4000782c:	00000000 	.word	0x00000000

0000000040007830 <kobj_detect_orphans>:
    40007830:	b4000380 	cbz	x0, 400078a0 <kobj_detect_orphans+0x70>
    40007834:	a9be7bfd 	stp	x29, x30, [sp, #-32]!
    40007838:	910003fd 	mov	x29, sp
    4000783c:	a90153f3 	stp	x19, x20, [sp, #16]
    40007840:	aa0003f3 	mov	x19, x0
    40007844:	90000000 	adrp	x0, 40007000 <cspace_free_slot+0x44>
    40007848:	f9445414 	ldr	x20, [x0, #2216]
    4000784c:	b900027f 	str	wzr, [x19]
    40007850:	91005280 	add	x0, x20, #0x14
    40007854:	97fff2e4 	bl	400043e4 <ticket_lock_acquire>
    40007858:	f9400281 	ldr	x1, [x20]
    4000785c:	eb14003f 	cmp	x1, x20
    40007860:	540000a1 	b.ne	40007874 <kobj_detect_orphans+0x44>  // b.any
    40007864:	a94153f3 	ldp	x19, x20, [sp, #16]
    40007868:	91005020 	add	x0, x1, #0x14
    4000786c:	a8c27bfd 	ldp	x29, x30, [sp], #32
    40007870:	17fff2f2 	b	40004438 <ticket_lock_release>
    40007874:	d100a020 	sub	x0, x1, #0x28
    40007878:	88dffc00 	ldar	w0, [x0]
    4000787c:	b85dc022 	ldur	w2, [x1, #-36]
    40007880:	350000c2 	cbnz	w2, 40007898 <kobj_detect_orphans+0x68>
    40007884:	7100001f 	cmp	w0, #0x0
    40007888:	5400008c 	b.gt	40007898 <kobj_detect_orphans+0x68>
    4000788c:	b9400260 	ldr	w0, [x19]
    40007890:	11000400 	add	w0, w0, #0x1
    40007894:	b9000260 	str	w0, [x19]
    40007898:	f9400021 	ldr	x1, [x1]
    4000789c:	17fffff0 	b	4000785c <kobj_detect_orphans+0x2c>
    400078a0:	d65f03c0 	ret
    400078a4:	d503201f 	nop
    400078a8:	400ae590 	.word	0x400ae590
    400078ac:	00000000 	.word	0x00000000

00000000400078b0 <object_pool_init>:
    400078b0:	b40004a0 	cbz	x0, 40007944 <object_pool_init+0x94>
    400078b4:	a9bd7bfd 	stp	x29, x30, [sp, #-48]!
    400078b8:	910003fd 	mov	x29, sp
    400078bc:	a90153f3 	stp	x19, x20, [sp, #16]
    400078c0:	a9025bf5 	stp	x21, x22, [sp, #32]
    400078c4:	aa0103f5 	mov	x21, x1
    400078c8:	b4000421 	cbz	x1, 4000794c <object_pool_init+0x9c>
    400078cc:	b4000404 	cbz	x4, 4000794c <object_pool_init+0x9c>
    400078d0:	2a0203f6 	mov	w22, w2
    400078d4:	340003c2 	cbz	w2, 4000794c <object_pool_init+0x9c>
    400078d8:	2a0303f4 	mov	w20, w3
    400078dc:	34000383 	cbz	w3, 4000794c <object_pool_init+0x9c>
    400078e0:	aa0003f3 	mov	x19, x0
    400078e4:	91008000 	add	x0, x0, #0x20
    400078e8:	f9000261 	str	x1, [x19]
    400078ec:	29010e62 	stp	w2, w3, [x19, #8]
    400078f0:	f9000a64 	str	x4, [x19, #16]
    400078f4:	29037e63 	stp	w3, wzr, [x19, #24]
    400078f8:	97fff2b4 	bl	400043c8 <ticket_lock_init>
    400078fc:	f9400a61 	ldr	x1, [x19, #16]
    40007900:	51000683 	sub	w3, w20, #0x1
    40007904:	d2800000 	mov	x0, #0x0                   	// #0
    40007908:	4b000062 	sub	w2, w3, w0
    4000790c:	b8207822 	str	w2, [x1, x0, lsl #2]
    40007910:	91000400 	add	x0, x0, #0x1
    40007914:	6b00029f 	cmp	w20, w0
    40007918:	54ffff88 	b.hi	40007908 <object_pool_init+0x58>  // b.pmore
    4000791c:	1b147ec2 	mul	w2, w22, w20
    40007920:	aa1503e0 	mov	x0, x21
    40007924:	52800001 	mov	w1, #0x0                   	// #0
    40007928:	940001b5 	bl	40007ffc <kernel_memset>
    4000792c:	d5033fbf 	dmb	sy
    40007930:	52800000 	mov	w0, #0x0                   	// #0
    40007934:	a94153f3 	ldp	x19, x20, [sp, #16]
    40007938:	a9425bf5 	ldp	x21, x22, [sp, #32]
    4000793c:	a8c37bfd 	ldp	x29, x30, [sp], #48
    40007940:	d65f03c0 	ret
    40007944:	128002a0 	mov	w0, #0xffffffea            	// #-22
    40007948:	d65f03c0 	ret
    4000794c:	128002a0 	mov	w0, #0xffffffea            	// #-22
    40007950:	17fffff9 	b	40007934 <object_pool_init+0x84>

0000000040007954 <object_pool_alloc>:
    40007954:	a9bd7bfd 	stp	x29, x30, [sp, #-48]!
    40007958:	910003fd 	mov	x29, sp
    4000795c:	a90153f3 	stp	x19, x20, [sp, #16]
    40007960:	f90013f5 	str	x21, [sp, #32]
    40007964:	b40001a0 	cbz	x0, 40007998 <object_pool_alloc+0x44>
    40007968:	aa0003f3 	mov	x19, x0
    4000796c:	f9400000 	ldr	x0, [x0]
    40007970:	b4000140 	cbz	x0, 40007998 <object_pool_alloc+0x44>
    40007974:	f9400a60 	ldr	x0, [x19, #16]
    40007978:	b4000100 	cbz	x0, 40007998 <object_pool_alloc+0x44>
    4000797c:	91008275 	add	x21, x19, #0x20
    40007980:	aa1503e0 	mov	x0, x21
    40007984:	97fff298 	bl	400043e4 <ticket_lock_acquire>
    40007988:	b9401a61 	ldr	w1, [x19, #24]
    4000798c:	35000121 	cbnz	w1, 400079b0 <object_pool_alloc+0x5c>
    40007990:	aa1503e0 	mov	x0, x21
    40007994:	97fff2a9 	bl	40004438 <ticket_lock_release>
    40007998:	d2800014 	mov	x20, #0x0                   	// #0
    4000799c:	f94013f5 	ldr	x21, [sp, #32]
    400079a0:	aa1403e0 	mov	x0, x20
    400079a4:	a94153f3 	ldp	x19, x20, [sp, #16]
    400079a8:	a8c37bfd 	ldp	x29, x30, [sp], #48
    400079ac:	d65f03c0 	ret
    400079b0:	f9400a60 	ldr	x0, [x19, #16]
    400079b4:	51000421 	sub	w1, w1, #0x1
    400079b8:	b9001a61 	str	w1, [x19, #24]
    400079bc:	b8615814 	ldr	w20, [x0, w1, uxtw #2]
    400079c0:	b9401e60 	ldr	w0, [x19, #28]
    400079c4:	11000400 	add	w0, w0, #0x1
    400079c8:	b9001e60 	str	w0, [x19, #28]
    400079cc:	d5033fbf 	dmb	sy
    400079d0:	aa1503e0 	mov	x0, x21
    400079d4:	97fff299 	bl	40004438 <ticket_lock_release>
    400079d8:	f9400260 	ldr	x0, [x19]
    400079dc:	52800001 	mov	w1, #0x0                   	// #0
    400079e0:	b9400a62 	ldr	w2, [x19, #8]
    400079e4:	9ba20294 	umaddl	x20, w20, w2, x0
    400079e8:	2a0203e2 	mov	w2, w2
    400079ec:	aa1403e0 	mov	x0, x20
    400079f0:	94000183 	bl	40007ffc <kernel_memset>
    400079f4:	17ffffea 	b	4000799c <object_pool_alloc+0x48>

00000000400079f8 <object_pool_free>:
    400079f8:	b4000560 	cbz	x0, 40007aa4 <object_pool_free+0xac>
    400079fc:	b4000541 	cbz	x1, 40007aa4 <object_pool_free+0xac>
    40007a00:	a9bd7bfd 	stp	x29, x30, [sp, #-48]!
    40007a04:	910003fd 	mov	x29, sp
    40007a08:	a90153f3 	stp	x19, x20, [sp, #16]
    40007a0c:	aa0003f3 	mov	x19, x0
    40007a10:	f9400000 	ldr	x0, [x0]
    40007a14:	f90013f5 	str	x21, [sp, #32]
    40007a18:	b40003e0 	cbz	x0, 40007a94 <object_pool_free+0x9c>
    40007a1c:	f9400a62 	ldr	x2, [x19, #16]
    40007a20:	b40003a2 	cbz	x2, 40007a94 <object_pool_free+0x9c>
    40007a24:	29410e62 	ldp	w2, w3, [x19, #8]
    40007a28:	cb000021 	sub	x1, x1, x0
    40007a2c:	2a0203e0 	mov	w0, w2
    40007a30:	9ba37c42 	umull	x2, w2, w3
    40007a34:	eb01005f 	cmp	x2, x1
    40007a38:	540002e9 	b.ls	40007a94 <object_pool_free+0x9c>  // b.plast
    40007a3c:	9ac00835 	udiv	x21, x1, x0
    40007a40:	9b0086a0 	msub	x0, x21, x0, x1
    40007a44:	b5000280 	cbnz	x0, 40007a94 <object_pool_free+0x9c>
    40007a48:	91008274 	add	x20, x19, #0x20
    40007a4c:	aa1403e0 	mov	x0, x20
    40007a50:	97fff265 	bl	400043e4 <ticket_lock_acquire>
    40007a54:	b9400e61 	ldr	w1, [x19, #12]
    40007a58:	b9401a60 	ldr	w0, [x19, #24]
    40007a5c:	6b01001f 	cmp	w0, w1
    40007a60:	540000c3 	b.cc	40007a78 <object_pool_free+0x80>  // b.lo, b.ul, b.last
    40007a64:	f94013f5 	ldr	x21, [sp, #32]
    40007a68:	aa1403e0 	mov	x0, x20
    40007a6c:	a94153f3 	ldp	x19, x20, [sp, #16]
    40007a70:	a8c37bfd 	ldp	x29, x30, [sp], #48
    40007a74:	17fff271 	b	40004438 <ticket_lock_release>
    40007a78:	f9400a61 	ldr	x1, [x19, #16]
    40007a7c:	b8205835 	str	w21, [x1, w0, uxtw #2]
    40007a80:	b9401a60 	ldr	w0, [x19, #24]
    40007a84:	11000400 	add	w0, w0, #0x1
    40007a88:	b9001a60 	str	w0, [x19, #24]
    40007a8c:	d5033fbf 	dmb	sy
    40007a90:	17fffff5 	b	40007a64 <object_pool_free+0x6c>
    40007a94:	a94153f3 	ldp	x19, x20, [sp, #16]
    40007a98:	f94013f5 	ldr	x21, [sp, #32]
    40007a9c:	a8c37bfd 	ldp	x29, x30, [sp], #48
    40007aa0:	d65f03c0 	ret
    40007aa4:	d65f03c0 	ret

0000000040007aa8 <object_pool_owns>:
    40007aa8:	b40001e0 	cbz	x0, 40007ae4 <object_pool_owns+0x3c>
    40007aac:	b40001c1 	cbz	x1, 40007ae4 <object_pool_owns+0x3c>
    40007ab0:	f9400002 	ldr	x2, [x0]
    40007ab4:	b4000182 	cbz	x2, 40007ae4 <object_pool_owns+0x3c>
    40007ab8:	cb020021 	sub	x1, x1, x2
    40007abc:	29410002 	ldp	w2, w0, [x0, #8]
    40007ac0:	2a0203e3 	mov	w3, w2
    40007ac4:	9ba07c42 	umull	x2, w2, w0
    40007ac8:	eb02003f 	cmp	x1, x2
    40007acc:	540000c2 	b.cs	40007ae4 <object_pool_owns+0x3c>  // b.hs, b.nlast
    40007ad0:	9ac30820 	udiv	x0, x1, x3
    40007ad4:	9b038400 	msub	x0, x0, x3, x1
    40007ad8:	f100001f 	cmp	x0, #0x0
    40007adc:	1a9f17e0 	cset	w0, eq	// eq = none
    40007ae0:	d65f03c0 	ret
    40007ae4:	52800000 	mov	w0, #0x0                   	// #0
    40007ae8:	17fffffe 	b	40007ae0 <object_pool_owns+0x38>

0000000040007aec <object_pool_free_count>:
    40007aec:	b4000060 	cbz	x0, 40007af8 <object_pool_free_count+0xc>
    40007af0:	b9401800 	ldr	w0, [x0, #24]
    40007af4:	d65f03c0 	ret
    40007af8:	52800000 	mov	w0, #0x0                   	// #0
    40007afc:	17fffffe 	b	40007af4 <object_pool_free_count+0x8>

0000000040007b00 <object_pool_used_count>:
    40007b00:	b40000a0 	cbz	x0, 40007b14 <object_pool_used_count+0x14>
    40007b04:	b9400c01 	ldr	w1, [x0, #12]
    40007b08:	b9401800 	ldr	w0, [x0, #24]
    40007b0c:	4b000020 	sub	w0, w1, w0
    40007b10:	d65f03c0 	ret
    40007b14:	52800000 	mov	w0, #0x0                   	// #0
    40007b18:	17fffffe 	b	40007b10 <object_pool_used_count+0x10>

0000000040007b1c <object_pool_foreach>:
    40007b1c:	b4000880 	cbz	x0, 40007c2c <object_pool_foreach+0x110>
    40007b20:	a9b47bfd 	stp	x29, x30, [sp, #-192]!
    40007b24:	910003fd 	mov	x29, sp
    40007b28:	a90153f3 	stp	x19, x20, [sp, #16]
    40007b2c:	a9025bf5 	stp	x21, x22, [sp, #32]
    40007b30:	aa0103f5 	mov	x21, x1
    40007b34:	a90363f7 	stp	x23, x24, [sp, #48]
    40007b38:	b40003e1 	cbz	x1, 40007bb4 <object_pool_foreach+0x98>
    40007b3c:	aa0003f3 	mov	x19, x0
    40007b40:	f9400000 	ldr	x0, [x0]
    40007b44:	b4000380 	cbz	x0, 40007bb4 <object_pool_foreach+0x98>
    40007b48:	f9400a60 	ldr	x0, [x19, #16]
    40007b4c:	b4000340 	cbz	x0, 40007bb4 <object_pool_foreach+0x98>
    40007b50:	b9400e74 	ldr	w20, [x19, #12]
    40007b54:	7110029f 	cmp	w20, #0x400
    40007b58:	540002e8 	b.hi	40007bb4 <object_pool_foreach+0x98>  // b.pmore
    40007b5c:	11007e94 	add	w20, w20, #0x1f
    40007b60:	91008278 	add	x24, x19, #0x20
    40007b64:	aa0203f6 	mov	x22, x2
    40007b68:	aa1803e0 	mov	x0, x24
    40007b6c:	53057e94 	lsr	w20, w20, #5
    40007b70:	97fff21d 	bl	400043e4 <ticket_lock_acquire>
    40007b74:	910103f7 	add	x23, sp, #0x40
    40007b78:	52800001 	mov	w1, #0x0                   	// #0
    40007b7c:	d37ef682 	lsl	x2, x20, #2
    40007b80:	aa1703e0 	mov	x0, x23
    40007b84:	9400011e 	bl	40007ffc <kernel_memset>
    40007b88:	b9401a63 	ldr	w3, [x19, #24]
    40007b8c:	d2800001 	mov	x1, #0x0                   	// #0
    40007b90:	d2800024 	mov	x4, #0x1                   	// #1
    40007b94:	6b01007f 	cmp	w3, w1
    40007b98:	54000188 	b.hi	40007bc8 <object_pool_foreach+0xac>  // b.pmore
    40007b9c:	52800014 	mov	w20, #0x0                   	// #0
    40007ba0:	aa1803e0 	mov	x0, x24
    40007ba4:	97fff225 	bl	40004438 <ticket_lock_release>
    40007ba8:	b9400e60 	ldr	w0, [x19, #12]
    40007bac:	6b14001f 	cmp	w0, w20
    40007bb0:	54000268 	b.hi	40007bfc <object_pool_foreach+0xe0>  // b.pmore
    40007bb4:	a94153f3 	ldp	x19, x20, [sp, #16]
    40007bb8:	a9425bf5 	ldp	x21, x22, [sp, #32]
    40007bbc:	a94363f7 	ldp	x23, x24, [sp, #48]
    40007bc0:	a8cc7bfd 	ldp	x29, x30, [sp], #192
    40007bc4:	d65f03c0 	ret
    40007bc8:	f9400a60 	ldr	x0, [x19, #16]
    40007bcc:	b9400e62 	ldr	w2, [x19, #12]
    40007bd0:	b8617800 	ldr	w0, [x0, x1, lsl #2]
    40007bd4:	6b00005f 	cmp	w2, w0
    40007bd8:	540000e9 	b.ls	40007bf4 <object_pool_foreach+0xd8>  // b.plast
    40007bdc:	53057c02 	lsr	w2, w0, #5
    40007be0:	1ac02080 	lsl	w0, w4, w0
    40007be4:	d37ef442 	lsl	x2, x2, #2
    40007be8:	b8626ae5 	ldr	w5, [x23, x2]
    40007bec:	2a050000 	orr	w0, w0, w5
    40007bf0:	b8226ae0 	str	w0, [x23, x2]
    40007bf4:	91000421 	add	x1, x1, #0x1
    40007bf8:	17ffffe7 	b	40007b94 <object_pool_foreach+0x78>
    40007bfc:	53057e80 	lsr	w0, w20, #5
    40007c00:	12001281 	and	w1, w20, #0x1f
    40007c04:	b8607ae0 	ldr	w0, [x23, x0, lsl #2]
    40007c08:	9ac12400 	lsr	x0, x0, x1
    40007c0c:	370000c0 	tbnz	w0, #0, 40007c24 <object_pool_foreach+0x108>
    40007c10:	f9400260 	ldr	x0, [x19]
    40007c14:	aa1603e1 	mov	x1, x22
    40007c18:	b9400a62 	ldr	w2, [x19, #8]
    40007c1c:	9ba20280 	umaddl	x0, w20, w2, x0
    40007c20:	d63f02a0 	blr	x21
    40007c24:	11000694 	add	w20, w20, #0x1
    40007c28:	17ffffe0 	b	40007ba8 <object_pool_foreach+0x8c>
    40007c2c:	d65f03c0 	ret

0000000040007c30 <syscall_handler>:
    40007c30:	b4001300 	cbz	x0, 40007e90 <syscall_handler+0x260>
    40007c34:	a9bc7bfd 	stp	x29, x30, [sp, #-64]!
    40007c38:	910003fd 	mov	x29, sp
    40007c3c:	a90153f3 	stp	x19, x20, [sp, #16]
    40007c40:	aa0003f3 	mov	x19, x0
    40007c44:	f9402000 	ldr	x0, [x0, #64]
    40007c48:	a9025bf5 	stp	x21, x22, [sp, #32]
    40007c4c:	53083c01 	ubfx	w1, w0, #8, #8
    40007c50:	71000c3f 	cmp	w1, #0x3
    40007c54:	54000d20 	b.eq	40007df8 <syscall_handler+0x1c8>  // b.none
    40007c58:	f276141f 	tst	x0, #0xfc00
    40007c5c:	540001c1 	b.ne	40007c94 <syscall_handler+0x64>  // b.any
    40007c60:	340003e1 	cbz	w1, 40007cdc <syscall_handler+0xac>
    40007c64:	7100043f 	cmp	w1, #0x1
    40007c68:	540003e1 	b.ne	40007ce4 <syscall_handler+0xb4>  // b.any
    40007c6c:	51040001 	sub	w1, w0, #0x100
    40007c70:	7100243f 	cmp	w1, #0x9
    40007c74:	54000388 	b.hi	40007ce4 <syscall_handler+0xb4>  // b.pmore
    40007c78:	90000000 	adrp	x0, 40007000 <cspace_free_slot+0x44>
    40007c7c:	f9474c02 	ldr	x2, [x0, #3736]
    40007c80:	f9400260 	ldr	x0, [x19]
    40007c84:	38614842 	ldrb	w2, [x2, w1, uxtw]
    40007c88:	10000061 	adr	x1, 40007c94 <syscall_handler+0x64>
    40007c8c:	8b228822 	add	x2, x1, w2, sxtb #2
    40007c90:	d61f0040 	br	x2
    40007c94:	7100143f 	cmp	w1, #0x5
    40007c98:	54000261 	b.ne	40007ce4 <syscall_handler+0xb4>  // b.any
    40007c9c:	7114001f 	cmp	w0, #0x500
    40007ca0:	54000221 	b.ne	40007ce4 <syscall_handler+0xb4>  // b.any
    40007ca4:	a9400276 	ldp	x22, x0, [x19]
    40007ca8:	b4000f16 	cbz	x22, 40007e88 <syscall_handler+0x258>
    40007cac:	f104001f 	cmp	x0, #0x100
    40007cb0:	d2802001 	mov	x1, #0x100                 	// #256
    40007cb4:	9a819015 	csel	x21, x0, x1, ls	// ls = plast
    40007cb8:	d2800014 	mov	x20, #0x0                   	// #0
    40007cbc:	eb1402bf 	cmp	x21, x20
    40007cc0:	540001a0 	b.eq	40007cf4 <syscall_handler+0xc4>  // b.none
    40007cc4:	38746ac1 	ldrb	w1, [x22, x20]
    40007cc8:	34000161 	cbz	w1, 40007cf4 <syscall_handler+0xc4>
    40007ccc:	d2a12000 	mov	x0, #0x9000000             	// #150994944
    40007cd0:	91000694 	add	x20, x20, #0x1
    40007cd4:	97ffe90c 	bl	40002104 <hal_uart_putc>
    40007cd8:	17fffff9 	b	40007cbc <syscall_handler+0x8c>
    40007cdc:	71001c1f 	cmp	w0, #0x7
    40007ce0:	54000080 	b.eq	40007cf0 <syscall_handler+0xc0>  // b.none
    40007ce4:	928004a0 	mov	x0, #0xffffffffffffffda    	// #-38
    40007ce8:	f9000260 	str	x0, [x19]
    40007cec:	14000003 	b	40007cf8 <syscall_handler+0xc8>
    40007cf0:	97ffef1a 	bl	40003958 <schedule>
    40007cf4:	f900027f 	str	xzr, [x19]
    40007cf8:	a94153f3 	ldp	x19, x20, [sp, #16]
    40007cfc:	a9425bf5 	ldp	x21, x22, [sp, #32]
    40007d00:	a8c47bfd 	ldp	x29, x30, [sp], #64
    40007d04:	d65f03c0 	ret
    40007d08:	9100e3e1 	add	x1, sp, #0x38
    40007d0c:	97fff60d 	bl	40005540 <ipc_channel_create>
    40007d10:	b9403be2 	ldr	w2, [sp, #56]
    40007d14:	93407c01 	sxtw	x1, w0
    40007d18:	7100001f 	cmp	w0, #0x0
    40007d1c:	da810440 	csneg	x0, x2, x1, eq	// eq = none
    40007d20:	17fffff2 	b	40007ce8 <syscall_handler+0xb8>
    40007d24:	97fff64b 	bl	40005650 <ipc_channel_destroy>
    40007d28:	93407c01 	sxtw	x1, w0
    40007d2c:	7100001f 	cmp	w0, #0x0
    40007d30:	da8107e0 	csneg	x0, xzr, x1, eq	// eq = none
    40007d34:	17ffffed 	b	40007ce8 <syscall_handler+0xb8>
    40007d38:	b9400a61 	ldr	w1, [x19, #8]
    40007d3c:	9100e3e2 	add	x2, sp, #0x38
    40007d40:	97fff698 	bl	400057a0 <ipc_connect_attach>
    40007d44:	17fffff3 	b	40007d10 <syscall_handler+0xe0>
    40007d48:	97fff6ec 	bl	400058f8 <ipc_connect_detach>
    40007d4c:	17fffff7 	b	40007d28 <syscall_handler+0xf8>
    40007d50:	f9400662 	ldr	x2, [x19, #8]
    40007d54:	52800005 	mov	w5, #0x0                   	// #0
    40007d58:	b9401263 	ldr	w3, [x19, #16]
    40007d5c:	d2800004 	mov	x4, #0x0                   	// #0
    40007d60:	d2800001 	mov	x1, #0x0                   	// #0
    40007d64:	97fff4e9 	bl	40005108 <ipc_msg_send>
    40007d68:	17fffff0 	b	40007d28 <syscall_handler+0xf8>
    40007d6c:	f9400662 	ldr	x2, [x19, #8]
    40007d70:	9100e3e1 	add	x1, sp, #0x38
    40007d74:	b9401263 	ldr	w3, [x19, #16]
    40007d78:	f9001fff 	str	xzr, [sp, #56]
    40007d7c:	97fff51f 	bl	400051f8 <ipc_msg_receive>
    40007d80:	17ffffea 	b	40007d28 <syscall_handler+0xf8>
    40007d84:	f9400662 	ldr	x2, [x19, #8]
    40007d88:	52800001 	mov	w1, #0x0                   	// #0
    40007d8c:	b9401263 	ldr	w3, [x19, #16]
    40007d90:	97fff54a 	bl	400052b8 <ipc_msg_reply>
    40007d94:	17ffffe5 	b	40007d28 <syscall_handler+0xf8>
    40007d98:	b9400a62 	ldr	w2, [x19, #8]
    40007d9c:	12800fe1 	mov	w1, #0xffffff80            	// #-128
    40007da0:	b9401263 	ldr	w3, [x19, #16]
    40007da4:	97fff70d 	bl	400059d8 <ipc_pulse_send>
    40007da8:	17ffffe0 	b	40007d28 <syscall_handler+0xf8>
    40007dac:	f9400661 	ldr	x1, [x19, #8]
    40007db0:	97fff882 	bl	40005fb8 <ipc_notification_signal>
    40007db4:	17ffffdd 	b	40007d28 <syscall_handler+0xf8>
    40007db8:	f9400674 	ldr	x20, [x19, #8]
    40007dbc:	9100e3e2 	add	x2, sp, #0x38
    40007dc0:	92800001 	mov	x1, #0xffffffffffffffff    	// #-1
    40007dc4:	f9001fff 	str	xzr, [sp, #56]
    40007dc8:	97fff8ae 	bl	40006080 <ipc_notification_wait>
    40007dcc:	7100001f 	cmp	w0, #0x0
    40007dd0:	fa400a84 	ccmp	x20, #0x0, #0x4, eq	// eq = none
    40007dd4:	540000a0 	b.eq	40007de8 <syscall_handler+0x1b8>  // b.none
    40007dd8:	f9401fe0 	ldr	x0, [sp, #56]
    40007ddc:	f9000280 	str	x0, [x20]
    40007de0:	d2800000 	mov	x0, #0x0                   	// #0
    40007de4:	17ffffc1 	b	40007ce8 <syscall_handler+0xb8>
    40007de8:	34ffffc0 	cbz	w0, 40007de0 <syscall_handler+0x1b0>
    40007dec:	93407c00 	sxtw	x0, w0
    40007df0:	cb0003e0 	neg	x0, x0
    40007df4:	17ffffbd 	b	40007ce8 <syscall_handler+0xb8>
    40007df8:	710c081f 	cmp	w0, #0x302
    40007dfc:	54000320 	b.eq	40007e60 <syscall_handler+0x230>  // b.none
    40007e00:	54000148 	b.hi	40007e28 <syscall_handler+0x1f8>  // b.pmore
    40007e04:	710c001f 	cmp	w0, #0x300
    40007e08:	f9400260 	ldr	x0, [x19]
    40007e0c:	540001e1 	b.ne	40007e48 <syscall_handler+0x218>  // b.any
    40007e10:	9100e3e1 	add	x1, sp, #0x38
    40007e14:	97fffb6b 	bl	40006bc0 <cspace_create>
    40007e18:	35fffea0 	cbnz	w0, 40007dec <syscall_handler+0x1bc>
    40007e1c:	f9401fe0 	ldr	x0, [sp, #56]
    40007e20:	b9400400 	ldr	w0, [x0, #4]
    40007e24:	17ffffb1 	b	40007ce8 <syscall_handler+0xb8>
    40007e28:	710c0c1f 	cmp	w0, #0x303
    40007e2c:	54000260 	b.eq	40007e78 <syscall_handler+0x248>  // b.none
    40007e30:	710c101f 	cmp	w0, #0x304
    40007e34:	54fff581 	b.ne	40007ce4 <syscall_handler+0xb4>  // b.any
    40007e38:	b9400260 	ldr	w0, [x19]
    40007e3c:	b9400a61 	ldr	w1, [x19, #8]
    40007e40:	97fff9cc 	bl	40006570 <cap_delete>
    40007e44:	17ffffb9 	b	40007d28 <syscall_handler+0xf8>
    40007e48:	b9400a61 	ldr	w1, [x19, #8]
    40007e4c:	52800004 	mov	w4, #0x0                   	// #0
    40007e50:	b9401262 	ldr	w2, [x19, #16]
    40007e54:	52800023 	mov	w3, #0x1                   	// #1
    40007e58:	97fff8e7 	bl	400061f4 <cap_copy>
    40007e5c:	17ffffb3 	b	40007d28 <syscall_handler+0xf8>
    40007e60:	b9400260 	ldr	w0, [x19]
    40007e64:	52800023 	mov	w3, #0x1                   	// #1
    40007e68:	b9400a61 	ldr	w1, [x19, #8]
    40007e6c:	b9401262 	ldr	w2, [x19, #16]
    40007e70:	97fff919 	bl	400062d4 <cap_move>
    40007e74:	17ffffad 	b	40007d28 <syscall_handler+0xf8>
    40007e78:	b9400260 	ldr	w0, [x19]
    40007e7c:	b9400a61 	ldr	w1, [x19, #8]
    40007e80:	97fff96f 	bl	4000643c <cap_revoke>
    40007e84:	17ffffa9 	b	40007d28 <syscall_handler+0xf8>
    40007e88:	928002a0 	mov	x0, #0xffffffffffffffea    	// #-22
    40007e8c:	17ffff97 	b	40007ce8 <syscall_handler+0xb8>
    40007e90:	d65f03c0 	ret
    40007e94:	d503201f 	nop
    40007e98:	40009770 	.word	0x40009770
    40007e9c:	00000000 	.word	0x00000000

0000000040007ea0 <skip_spaces>:
    40007ea0:	39400002 	ldrb	w2, [x0]
    40007ea4:	51002441 	sub	w1, w2, #0x9
    40007ea8:	7100805f 	cmp	w2, #0x20
    40007eac:	12001c21 	and	w1, w1, #0xff
    40007eb0:	7a441820 	ccmp	w1, #0x4, #0x0, ne	// ne = any
    40007eb4:	54000049 	b.ls	40007ebc <skip_spaces+0x1c>  // b.plast
    40007eb8:	d65f03c0 	ret
    40007ebc:	91000400 	add	x0, x0, #0x1
    40007ec0:	17fffff8 	b	40007ea0 <skip_spaces>

0000000040007ec4 <char_to_digit>:
    40007ec4:	12001c02 	and	w2, w0, #0xff
    40007ec8:	5100c040 	sub	w0, w2, #0x30
    40007ecc:	12001c03 	and	w3, w0, #0xff
    40007ed0:	7100247f 	cmp	w3, #0x9
    40007ed4:	540000c9 	b.ls	40007eec <char_to_digit+0x28>  // b.plast
    40007ed8:	51018440 	sub	w0, w2, #0x61
    40007edc:	12001c00 	and	w0, w0, #0xff
    40007ee0:	7100641f 	cmp	w0, #0x19
    40007ee4:	540000a8 	b.hi	40007ef8 <char_to_digit+0x34>  // b.pmore
    40007ee8:	51015c40 	sub	w0, w2, #0x57
    40007eec:	6b01001f 	cmp	w0, w1
    40007ef0:	5a9fb000 	csinv	w0, w0, wzr, lt	// lt = tstop
    40007ef4:	d65f03c0 	ret
    40007ef8:	51010440 	sub	w0, w2, #0x41
    40007efc:	12001c00 	and	w0, w0, #0xff
    40007f00:	7100641f 	cmp	w0, #0x19
    40007f04:	54000068 	b.hi	40007f10 <char_to_digit+0x4c>  // b.pmore
    40007f08:	5100dc40 	sub	w0, w2, #0x37
    40007f0c:	17fffff8 	b	40007eec <char_to_digit+0x28>
    40007f10:	12800000 	mov	w0, #0xffffffff            	// #-1
    40007f14:	17fffff8 	b	40007ef4 <char_to_digit+0x30>

0000000040007f18 <kernel_memcpy>:
    40007f18:	f100001f 	cmp	x0, #0x0
    40007f1c:	fa401824 	ccmp	x1, #0x0, #0x4, ne	// ne = any
    40007f20:	540003c1 	b.ne	40007f98 <kernel_memcpy+0x80>  // b.any
    40007f24:	d65f03c0 	ret
    40007f28:	f2400864 	ands	x4, x3, #0x7
    40007f2c:	54000221 	b.ne	40007f70 <kernel_memcpy+0x58>  // b.any
    40007f30:	cb040045 	sub	x5, x2, x4
    40007f34:	f1001cbf 	cmp	x5, #0x7
    40007f38:	54000348 	b.hi	40007fa0 <kernel_memcpy+0x88>  // b.pmore
    40007f3c:	d343fc44 	lsr	x4, x2, #3
    40007f40:	928000e5 	mov	x5, #0xfffffffffffffff8    	// #-8
    40007f44:	9b057c84 	mul	x4, x4, x5
    40007f48:	8b040042 	add	x2, x2, x4
    40007f4c:	cb040063 	sub	x3, x3, x4
    40007f50:	cb040021 	sub	x1, x1, x4
    40007f54:	d2800004 	mov	x4, #0x0                   	// #0
    40007f58:	eb02009f 	cmp	x4, x2
    40007f5c:	54fffe40 	b.eq	40007f24 <kernel_memcpy+0xc>  // b.none
    40007f60:	38646825 	ldrb	w5, [x1, x4]
    40007f64:	38246865 	strb	w5, [x3, x4]
    40007f68:	91000484 	add	x4, x4, #0x1
    40007f6c:	17fffffb 	b	40007f58 <kernel_memcpy+0x40>
    40007f70:	38401424 	ldrb	w4, [x1], #1
    40007f74:	d1000442 	sub	x2, x2, #0x1
    40007f78:	38001464 	strb	w4, [x3], #1
    40007f7c:	f1001c5f 	cmp	x2, #0x7
    40007f80:	54000089 	b.ls	40007f90 <kernel_memcpy+0x78>  // b.plast
    40007f84:	ca030024 	eor	x4, x1, x3
    40007f88:	f240089f 	tst	x4, #0x7
    40007f8c:	54fffce0 	b.eq	40007f28 <kernel_memcpy+0x10>  // b.none
    40007f90:	d2800004 	mov	x4, #0x0                   	// #0
    40007f94:	17ffffe7 	b	40007f30 <kernel_memcpy+0x18>
    40007f98:	aa0003e3 	mov	x3, x0
    40007f9c:	17fffff8 	b	40007f7c <kernel_memcpy+0x64>
    40007fa0:	f8646825 	ldr	x5, [x1, x4]
    40007fa4:	f8246865 	str	x5, [x3, x4]
    40007fa8:	91002084 	add	x4, x4, #0x8
    40007fac:	17ffffe1 	b	40007f30 <kernel_memcpy+0x18>

0000000040007fb0 <kernel_memmove>:
    40007fb0:	f100001f 	cmp	x0, #0x0
    40007fb4:	fa401824 	ccmp	x1, #0x0, #0x4, ne	// ne = any
    40007fb8:	540001c0 	b.eq	40007ff0 <kernel_memmove+0x40>  // b.none
    40007fbc:	eb01001f 	cmp	x0, x1
    40007fc0:	54000180 	b.eq	40007ff0 <kernel_memmove+0x40>  // b.none
    40007fc4:	54000183 	b.cc	40007ff4 <kernel_memmove+0x44>  // b.lo, b.ul, b.last
    40007fc8:	b4000142 	cbz	x2, 40007ff0 <kernel_memmove+0x40>
    40007fcc:	d1000442 	sub	x2, x2, #0x1
    40007fd0:	38626823 	ldrb	w3, [x1, x2]
    40007fd4:	38226803 	strb	w3, [x0, x2]
    40007fd8:	17fffffc 	b	40007fc8 <kernel_memmove+0x18>
    40007fdc:	38636824 	ldrb	w4, [x1, x3]
    40007fe0:	38236804 	strb	w4, [x0, x3]
    40007fe4:	91000463 	add	x3, x3, #0x1
    40007fe8:	eb02007f 	cmp	x3, x2
    40007fec:	54ffff81 	b.ne	40007fdc <kernel_memmove+0x2c>  // b.any
    40007ff0:	d65f03c0 	ret
    40007ff4:	d2800003 	mov	x3, #0x0                   	// #0
    40007ff8:	17fffffc 	b	40007fe8 <kernel_memmove+0x38>

0000000040007ffc <kernel_memset>:
    40007ffc:	b40000a0 	cbz	x0, 40008010 <kernel_memset+0x14>
    40008000:	12001c21 	and	w1, w1, #0xff
    40008004:	d2800003 	mov	x3, #0x0                   	// #0
    40008008:	eb02007f 	cmp	x3, x2
    4000800c:	54000041 	b.ne	40008014 <kernel_memset+0x18>  // b.any
    40008010:	d65f03c0 	ret
    40008014:	38236801 	strb	w1, [x0, x3]
    40008018:	91000463 	add	x3, x3, #0x1
    4000801c:	17fffffb 	b	40008008 <kernel_memset+0xc>

0000000040008020 <kernel_memcmp>:
    40008020:	aa0003e5 	mov	x5, x0
    40008024:	aa000020 	orr	x0, x1, x0
    40008028:	b40000c0 	cbz	x0, 40008040 <kernel_memcmp+0x20>
    4000802c:	b40001a5 	cbz	x5, 40008060 <kernel_memcmp+0x40>
    40008030:	b40001c1 	cbz	x1, 40008068 <kernel_memcmp+0x48>
    40008034:	d2800004 	mov	x4, #0x0                   	// #0
    40008038:	eb02009f 	cmp	x4, x2
    4000803c:	54000061 	b.ne	40008048 <kernel_memcmp+0x28>  // b.any
    40008040:	52800000 	mov	w0, #0x0                   	// #0
    40008044:	d65f03c0 	ret
    40008048:	386468a3 	ldrb	w3, [x5, x4]
    4000804c:	38646820 	ldrb	w0, [x1, x4]
    40008050:	6b000060 	subs	w0, w3, w0
    40008054:	54ffff81 	b.ne	40008044 <kernel_memcmp+0x24>  // b.any
    40008058:	91000484 	add	x4, x4, #0x1
    4000805c:	17fffff7 	b	40008038 <kernel_memcmp+0x18>
    40008060:	12800000 	mov	w0, #0xffffffff            	// #-1
    40008064:	17fffff8 	b	40008044 <kernel_memcmp+0x24>
    40008068:	52800020 	mov	w0, #0x1                   	// #1
    4000806c:	17fffff6 	b	40008044 <kernel_memcmp+0x24>

0000000040008070 <kernel_memchr>:
    40008070:	b40000c0 	cbz	x0, 40008088 <kernel_memchr+0x18>
    40008074:	12001c21 	and	w1, w1, #0xff
    40008078:	8b020002 	add	x2, x0, x2
    4000807c:	eb02001f 	cmp	x0, x2
    40008080:	54000061 	b.ne	4000808c <kernel_memchr+0x1c>  // b.any
    40008084:	d2800000 	mov	x0, #0x0                   	// #0
    40008088:	d65f03c0 	ret
    4000808c:	aa0003e3 	mov	x3, x0
    40008090:	38401464 	ldrb	w4, [x3], #1
    40008094:	6b01009f 	cmp	w4, w1
    40008098:	54ffff80 	b.eq	40008088 <kernel_memchr+0x18>  // b.none
    4000809c:	aa0303e0 	mov	x0, x3
    400080a0:	17fffff7 	b	4000807c <kernel_memchr+0xc>

00000000400080a4 <kernel_memzero>:
    400080a4:	aa0103e2 	mov	x2, x1
    400080a8:	52800001 	mov	w1, #0x0                   	// #0
    400080ac:	17ffffd4 	b	40007ffc <kernel_memset>

00000000400080b0 <kernel_strlen>:
    400080b0:	aa0003e1 	mov	x1, x0
    400080b4:	d2800000 	mov	x0, #0x0                   	// #0
    400080b8:	b4000061 	cbz	x1, 400080c4 <kernel_strlen+0x14>
    400080bc:	38606822 	ldrb	w2, [x1, x0]
    400080c0:	35000042 	cbnz	w2, 400080c8 <kernel_strlen+0x18>
    400080c4:	d65f03c0 	ret
    400080c8:	91000400 	add	x0, x0, #0x1
    400080cc:	17fffffc 	b	400080bc <kernel_strlen+0xc>

00000000400080d0 <kernel_strnlen>:
    400080d0:	aa0003e2 	mov	x2, x0
    400080d4:	d2800000 	mov	x0, #0x0                   	// #0
    400080d8:	b40000a2 	cbz	x2, 400080ec <kernel_strnlen+0x1c>
    400080dc:	eb01001f 	cmp	x0, x1
    400080e0:	54000060 	b.eq	400080ec <kernel_strnlen+0x1c>  // b.none
    400080e4:	38606843 	ldrb	w3, [x2, x0]
    400080e8:	35000043 	cbnz	w3, 400080f0 <kernel_strnlen+0x20>
    400080ec:	d65f03c0 	ret
    400080f0:	91000400 	add	x0, x0, #0x1
    400080f4:	17fffffa 	b	400080dc <kernel_strnlen+0xc>

00000000400080f8 <kernel_strcpy>:
    400080f8:	f100001f 	cmp	x0, #0x0
    400080fc:	fa401824 	ccmp	x1, #0x0, #0x4, ne	// ne = any
    40008100:	540000a0 	b.eq	40008114 <kernel_strcpy+0x1c>  // b.none
    40008104:	d2800002 	mov	x2, #0x0                   	// #0
    40008108:	38626823 	ldrb	w3, [x1, x2]
    4000810c:	35000063 	cbnz	w3, 40008118 <kernel_strcpy+0x20>
    40008110:	3822681f 	strb	wzr, [x0, x2]
    40008114:	d65f03c0 	ret
    40008118:	38226803 	strb	w3, [x0, x2]
    4000811c:	91000442 	add	x2, x2, #0x1
    40008120:	17fffffa 	b	40008108 <kernel_strcpy+0x10>

0000000040008124 <kernel_strncpy>:
    40008124:	f100001f 	cmp	x0, #0x0
    40008128:	fa401824 	ccmp	x1, #0x0, #0x4, ne	// ne = any
    4000812c:	540001a1 	b.ne	40008160 <kernel_strncpy+0x3c>  // b.any
    40008130:	d65f03c0 	ret
    40008134:	38236804 	strb	w4, [x0, x3]
    40008138:	91000463 	add	x3, x3, #0x1
    4000813c:	eb02007f 	cmp	x3, x2
    40008140:	54ffff80 	b.eq	40008130 <kernel_strncpy+0xc>  // b.none
    40008144:	38636824 	ldrb	w4, [x1, x3]
    40008148:	35ffff64 	cbnz	w4, 40008134 <kernel_strncpy+0x10>
    4000814c:	eb02007f 	cmp	x3, x2
    40008150:	54ffff02 	b.cs	40008130 <kernel_strncpy+0xc>  // b.hs, b.nlast
    40008154:	3823681f 	strb	wzr, [x0, x3]
    40008158:	91000463 	add	x3, x3, #0x1
    4000815c:	17fffffc 	b	4000814c <kernel_strncpy+0x28>
    40008160:	d2800003 	mov	x3, #0x0                   	// #0
    40008164:	17fffff6 	b	4000813c <kernel_strncpy+0x18>

0000000040008168 <kernel_strcat>:
    40008168:	f100001f 	cmp	x0, #0x0
    4000816c:	aa0003e3 	mov	x3, x0
    40008170:	fa401824 	ccmp	x1, #0x0, #0x4, ne	// ne = any
    40008174:	540001e0 	b.eq	400081b0 <kernel_strcat+0x48>  // b.none
    40008178:	a9bf7bfd 	stp	x29, x30, [sp, #-16]!
    4000817c:	aa0103e4 	mov	x4, x1
    40008180:	910003fd 	mov	x29, sp
    40008184:	97ffffcb 	bl	400080b0 <kernel_strlen>
    40008188:	cb000084 	sub	x4, x4, x0
    4000818c:	38606881 	ldrb	w1, [x4, x0]
    40008190:	350000a1 	cbnz	w1, 400081a4 <kernel_strcat+0x3c>
    40008194:	3820687f 	strb	wzr, [x3, x0]
    40008198:	aa0303e0 	mov	x0, x3
    4000819c:	a8c17bfd 	ldp	x29, x30, [sp], #16
    400081a0:	d65f03c0 	ret
    400081a4:	38206861 	strb	w1, [x3, x0]
    400081a8:	91000400 	add	x0, x0, #0x1
    400081ac:	17fffff8 	b	4000818c <kernel_strcat+0x24>
    400081b0:	d65f03c0 	ret

00000000400081b4 <kernel_strncat>:
    400081b4:	f100001f 	cmp	x0, #0x0
    400081b8:	aa0003e3 	mov	x3, x0
    400081bc:	fa401824 	ccmp	x1, #0x0, #0x4, ne	// ne = any
    400081c0:	54000260 	b.eq	4000820c <kernel_strncat+0x58>  // b.none
    400081c4:	a9bf7bfd 	stp	x29, x30, [sp, #-16]!
    400081c8:	aa0103e5 	mov	x5, x1
    400081cc:	aa0203e6 	mov	x6, x2
    400081d0:	910003fd 	mov	x29, sp
    400081d4:	97ffffb7 	bl	400080b0 <kernel_strlen>
    400081d8:	8b000060 	add	x0, x3, x0
    400081dc:	d2800004 	mov	x4, #0x0                   	// #0
    400081e0:	eb06009f 	cmp	x4, x6
    400081e4:	54000060 	b.eq	400081f0 <kernel_strncat+0x3c>  // b.none
    400081e8:	386468a1 	ldrb	w1, [x5, x4]
    400081ec:	350000a1 	cbnz	w1, 40008200 <kernel_strncat+0x4c>
    400081f0:	3900001f 	strb	wzr, [x0]
    400081f4:	aa0303e0 	mov	x0, x3
    400081f8:	a8c17bfd 	ldp	x29, x30, [sp], #16
    400081fc:	d65f03c0 	ret
    40008200:	91000484 	add	x4, x4, #0x1
    40008204:	38001401 	strb	w1, [x0], #1
    40008208:	17fffff6 	b	400081e0 <kernel_strncat+0x2c>
    4000820c:	d65f03c0 	ret

0000000040008210 <kernel_strcmp>:
    40008210:	aa000022 	orr	x2, x1, x0
    40008214:	b4000222 	cbz	x2, 40008258 <kernel_strcmp+0x48>
    40008218:	b4000180 	cbz	x0, 40008248 <kernel_strcmp+0x38>
    4000821c:	b40001a1 	cbz	x1, 40008250 <kernel_strcmp+0x40>
    40008220:	d2800003 	mov	x3, #0x0                   	// #0
    40008224:	38636802 	ldrb	w2, [x0, x3]
    40008228:	38636824 	ldrb	w4, [x1, x3]
    4000822c:	6b04005f 	cmp	w2, w4
    40008230:	54000060 	b.eq	4000823c <kernel_strcmp+0x2c>  // b.none
    40008234:	4b040040 	sub	w0, w2, w4
    40008238:	d65f03c0 	ret
    4000823c:	340000e2 	cbz	w2, 40008258 <kernel_strcmp+0x48>
    40008240:	91000463 	add	x3, x3, #0x1
    40008244:	17fffff8 	b	40008224 <kernel_strcmp+0x14>
    40008248:	12800000 	mov	w0, #0xffffffff            	// #-1
    4000824c:	17fffffb 	b	40008238 <kernel_strcmp+0x28>
    40008250:	52800020 	mov	w0, #0x1                   	// #1
    40008254:	17fffff9 	b	40008238 <kernel_strcmp+0x28>
    40008258:	52800000 	mov	w0, #0x0                   	// #0
    4000825c:	17fffff7 	b	40008238 <kernel_strcmp+0x28>

0000000040008260 <kernel_strncmp>:
    40008260:	b4000202 	cbz	x2, 400082a0 <kernel_strncmp+0x40>
    40008264:	aa000023 	orr	x3, x1, x0
    40008268:	b40001c3 	cbz	x3, 400082a0 <kernel_strncmp+0x40>
    4000826c:	b40001e0 	cbz	x0, 400082a8 <kernel_strncmp+0x48>
    40008270:	b4000201 	cbz	x1, 400082b0 <kernel_strncmp+0x50>
    40008274:	d2800004 	mov	x4, #0x0                   	// #0
    40008278:	38646803 	ldrb	w3, [x0, x4]
    4000827c:	38646825 	ldrb	w5, [x1, x4]
    40008280:	6b05007f 	cmp	w3, w5
    40008284:	54000060 	b.eq	40008290 <kernel_strncmp+0x30>  // b.none
    40008288:	4b050060 	sub	w0, w3, w5
    4000828c:	d65f03c0 	ret
    40008290:	34000083 	cbz	w3, 400082a0 <kernel_strncmp+0x40>
    40008294:	91000484 	add	x4, x4, #0x1
    40008298:	eb04005f 	cmp	x2, x4
    4000829c:	54fffee1 	b.ne	40008278 <kernel_strncmp+0x18>  // b.any
    400082a0:	52800000 	mov	w0, #0x0                   	// #0
    400082a4:	17fffffa 	b	4000828c <kernel_strncmp+0x2c>
    400082a8:	12800000 	mov	w0, #0xffffffff            	// #-1
    400082ac:	17fffff8 	b	4000828c <kernel_strncmp+0x2c>
    400082b0:	52800020 	mov	w0, #0x1                   	// #1
    400082b4:	17fffff6 	b	4000828c <kernel_strncmp+0x2c>

00000000400082b8 <kernel_strchr>:
    400082b8:	b4000180 	cbz	x0, 400082e8 <kernel_strchr+0x30>
    400082bc:	12001c21 	and	w1, w1, #0xff
    400082c0:	aa0003e2 	mov	x2, x0
    400082c4:	39400043 	ldrb	w3, [x2]
    400082c8:	aa0203e0 	mov	x0, x2
    400082cc:	35000083 	cbnz	w3, 400082dc <kernel_strchr+0x24>
    400082d0:	7100003f 	cmp	w1, #0x0
    400082d4:	9a9f0040 	csel	x0, x2, xzr, eq	// eq = none
    400082d8:	14000004 	b	400082e8 <kernel_strchr+0x30>
    400082dc:	91000442 	add	x2, x2, #0x1
    400082e0:	6b01007f 	cmp	w3, w1
    400082e4:	54ffff01 	b.ne	400082c4 <kernel_strchr+0xc>  // b.any
    400082e8:	d65f03c0 	ret

00000000400082ec <kernel_strrchr>:
    400082ec:	b4000240 	cbz	x0, 40008334 <kernel_strrchr+0x48>
    400082f0:	a9bf7bfd 	stp	x29, x30, [sp, #-16]!
    400082f4:	12001c23 	and	w3, w1, #0xff
    400082f8:	aa0003e4 	mov	x4, x0
    400082fc:	910003fd 	mov	x29, sp
    40008300:	97ffff6c 	bl	400080b0 <kernel_strlen>
    40008304:	aa0003e1 	mov	x1, x0
    40008308:	d2800002 	mov	x2, #0x0                   	// #0
    4000830c:	d2800000 	mov	x0, #0x0                   	// #0
    40008310:	38626885 	ldrb	w5, [x4, x2]
    40008314:	6b0300bf 	cmp	w5, w3
    40008318:	54000041 	b.ne	40008320 <kernel_strrchr+0x34>  // b.any
    4000831c:	8b020080 	add	x0, x4, x2
    40008320:	91000442 	add	x2, x2, #0x1
    40008324:	eb02003f 	cmp	x1, x2
    40008328:	54ffff42 	b.cs	40008310 <kernel_strrchr+0x24>  // b.hs, b.nlast
    4000832c:	a8c17bfd 	ldp	x29, x30, [sp], #16
    40008330:	d65f03c0 	ret
    40008334:	d2800000 	mov	x0, #0x0                   	// #0
    40008338:	d65f03c0 	ret

000000004000833c <kernel_strstr>:
    4000833c:	f100001f 	cmp	x0, #0x0
    40008340:	fa401824 	ccmp	x1, #0x0, #0x4, ne	// ne = any
    40008344:	54000420 	b.eq	400083c8 <kernel_strstr+0x8c>  // b.none
    40008348:	a9bf7bfd 	stp	x29, x30, [sp, #-16]!
    4000834c:	aa0003e3 	mov	x3, x0
    40008350:	aa0103e5 	mov	x5, x1
    40008354:	910003fd 	mov	x29, sp
    40008358:	aa0103e0 	mov	x0, x1
    4000835c:	97ffff55 	bl	400080b0 <kernel_strlen>
    40008360:	aa0003e4 	mov	x4, x0
    40008364:	b4000220 	cbz	x0, 400083a8 <kernel_strstr+0x6c>
    40008368:	aa0303e0 	mov	x0, x3
    4000836c:	97ffff51 	bl	400080b0 <kernel_strlen>
    40008370:	eb00009f 	cmp	x4, x0
    40008374:	54000268 	b.hi	400083c0 <kernel_strstr+0x84>  // b.pmore
    40008378:	cb040000 	sub	x0, x0, x4
    4000837c:	d2800001 	mov	x1, #0x0                   	// #0
    40008380:	8b010066 	add	x6, x3, x1
    40008384:	d2800002 	mov	x2, #0x0                   	// #0
    40008388:	386268c8 	ldrb	w8, [x6, x2]
    4000838c:	386268a7 	ldrb	w7, [x5, x2]
    40008390:	6b07011f 	cmp	w8, w7
    40008394:	54000101 	b.ne	400083b4 <kernel_strstr+0x78>  // b.any
    40008398:	91000442 	add	x2, x2, #0x1
    4000839c:	eb02009f 	cmp	x4, x2
    400083a0:	54ffff41 	b.ne	40008388 <kernel_strstr+0x4c>  // b.any
    400083a4:	aa0603e3 	mov	x3, x6
    400083a8:	aa0303e0 	mov	x0, x3
    400083ac:	a8c17bfd 	ldp	x29, x30, [sp], #16
    400083b0:	d65f03c0 	ret
    400083b4:	91000421 	add	x1, x1, #0x1
    400083b8:	eb00003f 	cmp	x1, x0
    400083bc:	54fffe29 	b.ls	40008380 <kernel_strstr+0x44>  // b.plast
    400083c0:	d2800003 	mov	x3, #0x0                   	// #0
    400083c4:	17fffff9 	b	400083a8 <kernel_strstr+0x6c>
    400083c8:	d2800003 	mov	x3, #0x0                   	// #0
    400083cc:	aa0303e0 	mov	x0, x3
    400083d0:	d65f03c0 	ret

00000000400083d4 <kernel_strtol>:
    400083d4:	aa0103e7 	mov	x7, x1
    400083d8:	b50000c0 	cbnz	x0, 400083f0 <kernel_strtol+0x1c>
    400083dc:	b4000041 	cbz	x1, 400083e4 <kernel_strtol+0x10>
    400083e0:	f900003f 	str	xzr, [x1]
    400083e4:	52800006 	mov	w6, #0x0                   	// #0
    400083e8:	2a0603e0 	mov	w0, w6
    400083ec:	d65f03c0 	ret
    400083f0:	a9bf7bfd 	stp	x29, x30, [sp, #-16]!
    400083f4:	2a0203e5 	mov	w5, w2
    400083f8:	910003fd 	mov	x29, sp
    400083fc:	97fffea9 	bl	40007ea0 <skip_spaces>
    40008400:	aa0003e4 	mov	x4, x0
    40008404:	39400000 	ldrb	w0, [x0]
    40008408:	7100b41f 	cmp	w0, #0x2d
    4000840c:	54000301 	b.ne	4000846c <kernel_strtol+0x98>  // b.any
    40008410:	91000484 	add	x4, x4, #0x1
    40008414:	52800028 	mov	w8, #0x1                   	// #1
    40008418:	39400080 	ldrb	w0, [x4]
    4000841c:	35000385 	cbnz	w5, 4000848c <kernel_strtol+0xb8>
    40008420:	7100c01f 	cmp	w0, #0x30
    40008424:	540004a1 	b.ne	400084b8 <kernel_strtol+0xe4>  // b.any
    40008428:	39400480 	ldrb	w0, [x4, #1]
    4000842c:	121a7800 	and	w0, w0, #0xffffffdf
    40008430:	12001c00 	and	w0, w0, #0xff
    40008434:	7101601f 	cmp	w0, #0x58
    40008438:	54000241 	b.ne	40008480 <kernel_strtol+0xac>  // b.any
    4000843c:	91000884 	add	x4, x4, #0x2
    40008440:	52800205 	mov	w5, #0x10                  	// #16
    40008444:	52800006 	mov	w6, #0x0                   	// #0
    40008448:	39400080 	ldrb	w0, [x4]
    4000844c:	350003a0 	cbnz	w0, 400084c0 <kernel_strtol+0xec>
    40008450:	34000048 	cbz	w8, 40008458 <kernel_strtol+0x84>
    40008454:	4b0603e6 	neg	w6, w6
    40008458:	b4000047 	cbz	x7, 40008460 <kernel_strtol+0x8c>
    4000845c:	f90000e4 	str	x4, [x7]
    40008460:	2a0603e0 	mov	w0, w6
    40008464:	a8c17bfd 	ldp	x29, x30, [sp], #16
    40008468:	d65f03c0 	ret
    4000846c:	7100ac1f 	cmp	w0, #0x2b
    40008470:	54000041 	b.ne	40008478 <kernel_strtol+0xa4>  // b.any
    40008474:	91000484 	add	x4, x4, #0x1
    40008478:	52800008 	mov	w8, #0x0                   	// #0
    4000847c:	17ffffe7 	b	40008418 <kernel_strtol+0x44>
    40008480:	91000484 	add	x4, x4, #0x1
    40008484:	52800105 	mov	w5, #0x8                   	// #8
    40008488:	17ffffef 	b	40008444 <kernel_strtol+0x70>
    4000848c:	710040bf 	cmp	w5, #0x10
    40008490:	54fffda1 	b.ne	40008444 <kernel_strtol+0x70>  // b.any
    40008494:	7100c01f 	cmp	w0, #0x30
    40008498:	54fffd61 	b.ne	40008444 <kernel_strtol+0x70>  // b.any
    4000849c:	39400480 	ldrb	w0, [x4, #1]
    400084a0:	121a7800 	and	w0, w0, #0xffffffdf
    400084a4:	12001c00 	and	w0, w0, #0xff
    400084a8:	7101601f 	cmp	w0, #0x58
    400084ac:	54fffcc1 	b.ne	40008444 <kernel_strtol+0x70>  // b.any
    400084b0:	91000884 	add	x4, x4, #0x2
    400084b4:	17ffffe4 	b	40008444 <kernel_strtol+0x70>
    400084b8:	52800145 	mov	w5, #0xa                   	// #10
    400084bc:	17ffffe2 	b	40008444 <kernel_strtol+0x70>
    400084c0:	2a0503e1 	mov	w1, w5
    400084c4:	97fffe80 	bl	40007ec4 <char_to_digit>
    400084c8:	37fffc40 	tbnz	w0, #31, 40008450 <kernel_strtol+0x7c>
    400084cc:	1b0600a6 	madd	w6, w5, w6, w0
    400084d0:	91000484 	add	x4, x4, #0x1
    400084d4:	17ffffdd 	b	40008448 <kernel_strtol+0x74>

00000000400084d8 <kernel_strtoul>:
    400084d8:	aa0103e7 	mov	x7, x1
    400084dc:	b50000c0 	cbnz	x0, 400084f4 <kernel_strtoul+0x1c>
    400084e0:	b4000041 	cbz	x1, 400084e8 <kernel_strtoul+0x10>
    400084e4:	f900003f 	str	xzr, [x1]
    400084e8:	52800006 	mov	w6, #0x0                   	// #0
    400084ec:	2a0603e0 	mov	w0, w6
    400084f0:	d65f03c0 	ret
    400084f4:	a9bf7bfd 	stp	x29, x30, [sp, #-16]!
    400084f8:	2a0203e5 	mov	w5, w2
    400084fc:	910003fd 	mov	x29, sp
    40008500:	97fffe68 	bl	40007ea0 <skip_spaces>
    40008504:	aa0003e4 	mov	x4, x0
    40008508:	39400000 	ldrb	w0, [x0]
    4000850c:	7100b41f 	cmp	w0, #0x2d
    40008510:	54000301 	b.ne	40008570 <kernel_strtoul+0x98>  // b.any
    40008514:	91000484 	add	x4, x4, #0x1
    40008518:	52800028 	mov	w8, #0x1                   	// #1
    4000851c:	39400080 	ldrb	w0, [x4]
    40008520:	35000385 	cbnz	w5, 40008590 <kernel_strtoul+0xb8>
    40008524:	7100c01f 	cmp	w0, #0x30
    40008528:	540004a1 	b.ne	400085bc <kernel_strtoul+0xe4>  // b.any
    4000852c:	39400480 	ldrb	w0, [x4, #1]
    40008530:	121a7800 	and	w0, w0, #0xffffffdf
    40008534:	12001c00 	and	w0, w0, #0xff
    40008538:	7101601f 	cmp	w0, #0x58
    4000853c:	54000241 	b.ne	40008584 <kernel_strtoul+0xac>  // b.any
    40008540:	91000884 	add	x4, x4, #0x2
    40008544:	52800205 	mov	w5, #0x10                  	// #16
    40008548:	52800006 	mov	w6, #0x0                   	// #0
    4000854c:	39400080 	ldrb	w0, [x4]
    40008550:	350003a0 	cbnz	w0, 400085c4 <kernel_strtoul+0xec>
    40008554:	34000048 	cbz	w8, 4000855c <kernel_strtoul+0x84>
    40008558:	4b0603e6 	neg	w6, w6
    4000855c:	b4000047 	cbz	x7, 40008564 <kernel_strtoul+0x8c>
    40008560:	f90000e4 	str	x4, [x7]
    40008564:	2a0603e0 	mov	w0, w6
    40008568:	a8c17bfd 	ldp	x29, x30, [sp], #16
    4000856c:	d65f03c0 	ret
    40008570:	7100ac1f 	cmp	w0, #0x2b
    40008574:	54000041 	b.ne	4000857c <kernel_strtoul+0xa4>  // b.any
    40008578:	91000484 	add	x4, x4, #0x1
    4000857c:	52800008 	mov	w8, #0x0                   	// #0
    40008580:	17ffffe7 	b	4000851c <kernel_strtoul+0x44>
    40008584:	91000484 	add	x4, x4, #0x1
    40008588:	52800105 	mov	w5, #0x8                   	// #8
    4000858c:	17ffffef 	b	40008548 <kernel_strtoul+0x70>
    40008590:	710040bf 	cmp	w5, #0x10
    40008594:	54fffda1 	b.ne	40008548 <kernel_strtoul+0x70>  // b.any
    40008598:	7100c01f 	cmp	w0, #0x30
    4000859c:	54fffd61 	b.ne	40008548 <kernel_strtoul+0x70>  // b.any
    400085a0:	39400480 	ldrb	w0, [x4, #1]
    400085a4:	121a7800 	and	w0, w0, #0xffffffdf
    400085a8:	12001c00 	and	w0, w0, #0xff
    400085ac:	7101601f 	cmp	w0, #0x58
    400085b0:	54fffcc1 	b.ne	40008548 <kernel_strtoul+0x70>  // b.any
    400085b4:	91000884 	add	x4, x4, #0x2
    400085b8:	17ffffe4 	b	40008548 <kernel_strtoul+0x70>
    400085bc:	52800145 	mov	w5, #0xa                   	// #10
    400085c0:	17ffffe2 	b	40008548 <kernel_strtoul+0x70>
    400085c4:	2a0503e1 	mov	w1, w5
    400085c8:	97fffe3f 	bl	40007ec4 <char_to_digit>
    400085cc:	37fffc40 	tbnz	w0, #31, 40008554 <kernel_strtoul+0x7c>
    400085d0:	1b0600a6 	madd	w6, w5, w6, w0
    400085d4:	91000484 	add	x4, x4, #0x1
    400085d8:	17ffffdd 	b	4000854c <kernel_strtoul+0x74>
